ISIN;null;;;;;;;;;;;;;;
RU000A10B8M0;Сэтл-Групп ООО БО 002P-04;6000;01.07.2026;1000;RUB;1000;23,9;19,64;19,64;;;;;;
Начальная дата;27.06.2026;;;;;;;;;;;;;;
Конечная дата;26.12.2026;;;;;;;;;;;;;;
;;;;;;;;;;;;;;;
ISIN;Полное наименование ЦБ;Объем эмиссии (млн);Дата;Номинал;Валюта номинала;Непогашенный номинал;Ставка купона,  % годовых;Размер выплаты;Размер выплаты, руб.*;type;LL;Price;Brok;nF;Notre
RU000A10FEQ5;СФО СБ Секьюритизация 5 кл.АР2;80000;26.12.2026;1000;RUB;1000;;;;;;;;;
RU000A10FEP7;СФО СБ Секьюритизация 5 кл.АC;80000;26.12.2026;1000;RUB;1000;;;;;;;;;
RU000A10F793;ИА ТБ-7 класс Б;1014,579;26.12.2026;1000;RUB;1000;;;;;;;;;
RU000A10F785;ИА ТБ-7 класс А;9131,208;26.12.2026;1000;RUB;1000;16;11,44;11,44;;;;;;
RU000A10F108;Акрон (ПАО) БО-002P-03;1000;26.12.2026;1000;CNY;1000;7,85;6,45;73,12;;;;;;
RU000A10EQE8;Первый ЮвелирЛомб БО-02;75;26.12.2026;1000;RUB;1000;23;18,9;18,9;;;;;;
RU000A10EQD0;ЛК Роделен БО 002P-05;500;26.12.2026;1000;RUB;1000;22;18,08;18,08;;;;;;
RU000A10EK48;СФО СБ Секьюритизация 4 кл.АС;22700;26.12.2026;1000;RUB;875,15;15,5;9,83;9,83;;;;;;
RU000A10EK30;СФО СБ Секьюритизация 4 кл.АР;10000;26.12.2026;1000;RUB;817,5;15,37;4,58;4,58;;;;;;
RU000A10E6J7;Страна Девелопмент 002Р-02;1000;26.12.2026;1000;RUB;1000;25,25;20,75;20,75;;;;;;
RU000A10E6G3;ООО Л-Старт 001Р-1;175;26.12.2026;1000;RUB;1000;31;25,48;25,48;;;;;;
RU000A10DS82;Совкомбанк БО-И11;78,27;26.12.2026;1000;RUB;1000;0,01;0,1;0,1;;;;;;
RU000A10DQ19;ГПБ (АО) БО 0004P-35;1389,885;26.12.2026;1000;RUB;1000;0,01;0,1;0,1;;;;;;
RU000A10DMN0;реСтор 001Р-02;1000;26.12.2026;1000;RUB;1000;18,85;15,49;15,49;;;;;;
RU000A10DMF6;Банк ВТБ (ПАО) Б-1-388;460,221;26.12.2026;1000;RUB;1000;0,01;0,1;0,1;;;;;;
RU000A10DD30;СФО СБ Секьюритизация 3 кл.А1;17700;26.12.2026;1000;RUB;685,36;16,5;6,46;6,46;;;;;;
RU000A10DCM3;ГК Самолет БО-П21;1000;26.12.2026;50000;RUB;50000;13;534,25;534,25;;;;;;
RU000A10DCK7;АБЗ-1 002P-04;3000;26.12.2026;1000;RUB;1000;19,5;16,03;16,03;;;;;;
RU000A10DCJ9;Ростелеком ПАО 001P-21R;30000;26.12.2026;1000;RUB;1000;;;;;;;;;
RU000A10DCG5;ХК Новотранс 002P-02;13500;26.12.2026;1000;RUB;1000;;;;;;;;;
RU000A10DCF7;ХК Новотранс 002P-01;8500;26.12.2026;1000;RUB;1000;16;13,15;13,15;;;;;;
RU000A10DCE0;МКАО Воксис 001Р-01;300;26.12.2026;1000;RUB;1000;21;17,26;17,26;;;;;;
RU000A10DBB8;СФО ГПБ-СПК Б2;500;26.12.2026;1000;RUB;1000;;;;;;;;;
RU000A10DBA0;СФО ГПБ-СПК А2;2000;26.12.2026;1000;RUB;732,55;16,5;6,52;6,52;;;;;;
RU000A10D5H4;СинараСекьюр_А;7200;26.12.2026;1000;RUB;1000;16,5;;;;;;;;
RU000A10CZ68;ФосАгро БО-02-04;250;26.12.2026;1000;USD;1000;7;5,75;443,1;;;;;;
RU000A10CZ43;ИЭК ХОЛДИНГ 001Р-04;3000;26.12.2026;1000;RUB;1000;;;;;;;;;
RU000A10CZ35;Транспортная ЛК 001P-04;58,834;26.12.2026;1000;RUB;1000;24;19,73;19,73;;;;;;
RU000A10CMD3;Ростелеком ПАО 001P-19R;20000;26.12.2026;1000;RUB;1000;13,3;10,93;10,93;;;;;;
RU000A10CM89;КИФА БО-01;50;26.12.2026;100;CNY;100;14,5;1,19;13,49;;;;;;
RU000A10BYZ3;Медскан 001Р-01;3000;26.12.2026;1000;RUB;1000;18,5;15,21;15,21;;;;;;
RU000A10BQR6;СФО СБ Секьюритизация 2 классА;10900;26.12.2026;1000;RUB;423,15;20,3;4,35;4,35;;;;;;
RU000A10BQH7;АйДи Коллект 001P-04;500;26.12.2026;1000;RUB;1000;25,25;20,75;20,75;;;;;;
RU000A10BQG9;ФЛИТ 001P-01;500;26.12.2026;1000;RUB;1000;20,8;17,1;17,1;;;;;;
RU000A10BQF1;ГИДРОМАШСЕРВИС АО 001Р-03;5000;26.12.2026;1000;RUB;1000;;;;;;;;;
RU000A10B7T7;СФО ТБ-3 класс А;4500;26.12.2026;1000;RUB;175,46;25;;;;;;;;
RU000A10B0U0;АО Авто Финанс Банк БО-001Р-14;5000;26.12.2026;1000;RUB;1000;23;18,9;18,9;;;;;;
RU000A10B0T2;РЖД БО 001P-39R;20000;26.12.2026;1000;RUB;1000;17,9;14,71;14,71;;;;;;
RU000A10B0S4;Кокс ПАО 001P-03;300;26.12.2026;1000;RUB;1000;;;;;;;;;
RU000A10B0R6;Кокс ПАО 001P-02;1000;26.12.2026;1000;RUB;1000;;;;;;;;;
RU000A10B0J3;ДельтаЛизинг 001P-02;4500;26.12.2026;1000;RUB;800;24;11,84;11,84;;;;;;
RU000A10AT01;ЛКХ-02;50;26.12.2026;1000;RUB;1000;31;25,48;25,48;;;;;;
RU000A10ASZ7;РЖД БО 001P-35R;17000;26.12.2026;1000;RUB;1000;20,1;16,52;16,52;;;;;;
RU000A10ASY0;РЖД БО 001P-34R;20000;26.12.2026;1000;RUB;1000;20,1;16,52;16,52;;;;;;
RU000A10ASW4;КАМАЗ ПАО БО-П14;10000;26.12.2026;1000;RUB;1000;;;;;;;;;
RU000A10AA44;ГПБ (АО) БО 004Р-14;173,226;26.12.2026;1000;RUB;1000;0,01;0,1;0,1;;;;;;
RU000A1097T6;СФО СБ Секьюритизация класс А;9500;26.12.2026;1000;RUB;265,17;20;2,39;2,39;;;;;;
RU000A108Y86;ПАО ЛК Европлан 001P-07;12000;26.12.2026;1000;RUB;1000;;;;;;;;;
RU000A108Y60;ПЕРВОУРАЛЬСКБАНК 001Р-01;300;26.12.2026;1000;RUB;502;22;5,33;5,33;;;;;;
RU000A107DR7;СФО МОС МСП 6 02;4000;26.12.2026;1000;RUB;296,33;15,6;;;;;;;;
RU000A107D17;Россети ПАО БО 001P-12R;5000;26.12.2026;1000;RUB;1000;12,8;10,52;10,52;;;;;;
RU000A107CG2;Россети ПАО БО 001P-11R;10000;26.12.2026;1000;RUB;1000;;;;;;;;;
RU000A106ZL5;РЖД БО 001P-28R;45000;26.12.2026;1000;RUB;1000;;;;;;;;;
RU000A106DJ6;Мосрегионлифт БО-02;200;26.12.2026;1000;RUB;550;15,25;3,76;3,76;;;;;;
RU000A106169;ППК РЭО, обл.02;2978,106;26.12.2026;1000;RUB;676,44;;;;;;;;;
RU000A105UE3;ИА Титан-5 В;300;26.12.2026;1000;RUB;1000;;;;;;;;;
RU000A105UD5;ИА Титан-5 Б;300;26.12.2026;1000;RUB;544,8;11;;;;;;;;
RU000A105UC7;ИА Титан-5 А;2540;26.12.2026;1000;RUB;360,78;10,65;9;9;;;;;;
RU000A102SM7;СДЭК Глобал БО-П01;500;26.12.2026;1000;RUB;300;9,5;0,78;0,78;;;;;;
RU000A10F9N2;ЛКПРОГР БО-02;100;25.12.2026;1000;RUB;1000;25;20,55;20,55;;;;;;
RU000A10F9B7;Мобильные Телесистемы 003Р-03;20000;25.12.2026;1000;RUB;1000;13,55;11,14;11,14;;;;;;
RU000A10F0X0;ТД РКС 002Р-08;600;25.12.2026;1000;RUB;1000;25,5;20,96;20,96;;;;;;
RU000A10F0W2;АйДи Коллект 001P-08;1300;25.12.2026;1000;RUB;1000;20,25;16,64;16,64;;;;;;
RU000A10EYN3;Совком Ипотечный агент-1;8032;25.12.2026;1000;RUB;1000;;;;;;;;;
RU000A10EXM7;Ипотечный агент РТБ-1;8365,6;25.12.2026;1000;RUB;989,17;15,8;12,2;12,2;;;;;;
RU000A10EQ83;ГК Самолет 002P-03;1000;25.12.2026;1000;RUB;1000;21,5;17,67;17,67;;;;;;
RU000A10EQ75;ЕвразХолдинг Финанс 003P-06;50000;25.12.2026;1000;RUB;1000;;;;;;;;;
RU000A10EQ42;ЭР-Телеком Холдинг ПБО-02-11;11000;25.12.2026;1000;RUB;1000;;;;;;;;;
RU000A10EQ34;АО Авто Финанс Банк БО-001Р-18;7000;25.12.2026;1000;RUB;1000;14,75;12,12;12,12;;;;;;
RU000A10EPP6;Совкомбанк Лизинг БО-П20;5125;25.12.2026;1000;RUB;1000;13,6;33,91;33,91;;;;;;
RU000A10E6D0;ВУШ БО 001P-05;1000;25.12.2026;1000;RUB;1000;22;18,08;18,08;;;;;;
RU000A10DS90;СберИОС 001Р-777R 3Y1M ОФЗ;232,327;25.12.2026;1000;RUB;1000;0,01;0,1;0,1;;;;;;
RU000A10DQT8;АЛЬФА-Б С-1-856 структурные;0;25.12.2026;1000;RUB;1000;0,01;0,1;0,1;;;;;;
RU000A10DBZ7;Акрон (ПАО) БО-002P-01;150;25.12.2026;1000;USD;1000;7,7;6,33;487,8;;;;;;
RU000A10DBV6;Уралкуз 001Р-03;1486,071;25.12.2026;1000;RUB;1000;20;16,44;16,44;;;;;;
RU000A10DBS2;ЭНЕРГОНИКА 001Р-07;300;25.12.2026;1000;RUB;1000;23;18,9;18,9;;;;;;
RU000A10BYR0;Самокат БО-03;300;25.12.2026;1000;RUB;1000;27;22,19;22,19;;;;;;
RU000A10BQD6;МЕТАЛЛОИНВЕСТ 001P-14;45000;25.12.2026;1000;RUB;1000;;;;;;;;;
RU000A10BQC8;ХЭНДЕРСОН 001P-01;1800;25.12.2026;1000;RUB;1000;19,5;16,03;16,03;;;;;;
RU000A10BQB0;ГТЛК БО 002P-08;15000;25.12.2026;1000;RUB;1000;19,5;16,03;16,03;;;;;;
RU000A10BN48;АЛЬФА-Б С-1-705 структурные;0;25.12.2026;1000;RUB;1000;0,01;0,1;0,1;;;;;;
RU000A10B8C1;МФК Лайм-Займ 05;400;25.12.2026;1000;RUB;800;27,5;15,82;15,82;;;;;;
RU000A10B0C8;МЕТАЛЛОИНВЕСТ 001P-12;1500;25.12.2026;1000;CNY;1000;10,2;8,38;94,99;;;;;;
RU000A10B0B0;Группа ЛСР ПАО БО 001Р-10;4000;25.12.2026;1000;RUB;1000;;;;;;;;;
RU000A10B081;ЭкономЛизинг 001Р-08;100;25.12.2026;1000;RUB;1000;27;22,19;22,19;;;;;;
RU000A10AST0;СовкомСекьюр_А;8000;25.12.2026;1000;RUB;816;23;11,78;11,78;;;;;;
RU000A10ASF9;Сибирское Стекло БО-01;350;25.12.2026;1000;RUB;900;29;16,68;16,68;;;;;;
RU000A10AHP1;ВТБ Факторинг БО-01;677,096;25.12.2026;1000;RUB;1000;;;;;;;;;
RU000A10A9B2;СФО РУМБЕРГСП1-15(структурные);95,801;25.12.2026;1000;RUB;1000;;;;;;;;;
RU000A10A6X2;СберИОС 001Р-664R 3Y1M ОФЗ;443,868;25.12.2026;1000;RUB;1000;0,01;0,1;0,1;;;;;;
RU000A109N96;Банк ВТБ (ПАО) Б-1-361;50000;25.12.2026;1000;RUB;1000;;;;;;;;;
RU000A1097C2;АРЕНЗА-ПРО 001P-05;300;25.12.2026;1000;RUB;700;;;;;;;;;
RU000A108UR9;РЕСО-Лизинг ООО БО-П-26;3000;25.12.2026;1000;RUB;1000;18,5;46,12;46,12;;;;;;
RU000A108TV3;АЛРОСА З027-Д;198,416;25.12.2026;1000;USD;1000;3,1;15,5;1194,45;;;;;;
RU000A1087J8;Газпром капитал БО-002Р-14;20000;25.12.2026;1000;RUB;1000;;;;;;;;;
RU000A1087G4;МФК ПСБ Финанс 002Р-01;500;25.12.2026;1000;RUB;300;;;;;;;;;
RU000A1087A7;ЭР-Телеком Холдинг ПБО-02-06;8000;25.12.2026;1000;RUB;1000;15;12,33;12,33;;;;;;
RU000A1084N7;СЕРГИЕВСКОЕ БО-01;100;25.12.2026;1000;RUB;750;20;24,93;24,93;;;;;;
RU000A107UU5;Брусника 002Р-02;7500;25.12.2026;1000;RUB;750;21;8,92;8,92;;;;;;
RU000A107RZ0;ГК Самолет БО-П13;24500;25.12.2026;1000;RUB;1000;21;17,26;17,26;;;;;;
RU000A1070P1;ЧИСТАЯ ПЛАНЕТА БО-01;100;25.12.2026;1000;RUB;1000;;;;;;;;;
RU000A106FW4;МГКЛ 001Р-03;250;25.12.2026;1000;RUB;1000;16;39,89;39,89;;;;;;
RU000A105RW1;ППК РЭО, обл.01;1591,075;25.12.2026;1000;RUB;588,01;;;;;;;;;
RU000A104DE2;Банк ВТБ (ПАО) Б-1-295;55,025;25.12.2026;1000;RUB;1000;0,01;0,05;0,05;;;;;;
RU000A1047N4;СберИОС 001Р-501R 5Г NDX;560,233;25.12.2026;1000;RUB;1000;0,01;0,1;0,1;;;;;;
RU000A1047M6;СберИОС 001Р-502R 5Г GAZP;629,284;25.12.2026;1000;RUB;1000;0,01;0,1;0,1;;;;;;
RU000A103TY8;Банк ВТБ (ПАО) Б-1-243;187,561;25.12.2026;1000;RUB;1000;0,01;0,05;0,05;;;;;;
RU000A103C53;РЕСО-Лизинг ООО БО-П-11;7000;25.12.2026;1000;RUB;1000;18,6;92,75;92,75;?;;;;;
RU000A101U61;Минфин Ульяновской обл. 35002;7000;25.12.2026;1000;RUB;300;6,6;9,87;9,87;;;;;;
RU000A1018M7;СОПФ ФПФ 01;10000;25.12.2026;1000;RUB;1000;6,84;13,31;13,31;;;;;;
RU000A1008Q9;ПАО НК Роснефть 002P-07;20000;25.12.2026;1000;RUB;1000;9;22,44;22,44;;;;;;
RU000A1008P1;ПАО НК Роснефть 002P-06;10000;25.12.2026;1000;RUB;1000;9;22,44;22,44;;;;;;
RU000A0ZZ1J8;ГТЛК БО 001P-09;10000;25.12.2026;1000;RUB;1000;;;;;;;;;
RU000A0NR870;Банк ВТБ С-1-600 (структурные);0;25.12.2026;1000;RUB;1000;0,01;0,3;0,3;;;;;;
XS0088543193;ГОВОЗ РФ МК-0-СМ-119 (XS);2499,85;24.12.2026;1000;USD;1000;12,75;63,75;4912,65;;;;;;
RU000A10FHP0;Банк ВТБ (ПАО) Б-1-400;2000;24.12.2026;1000;RUB;1000;13,5;33,66;33,66;;;;;;
RU000A10F8V7;Газпром нефть 005Р-08R;100000;24.12.2026;1000;RUB;1000;;;;;;;;;
RU000A10F8U9;ЭР-Телеком Холдинг ПБО-02-08;10000;24.12.2026;1000;RUB;1000;;;;;;;;;
RU000A10F8R5;СКС ЛОМБАРД БО-03;200;24.12.2026;1000;RUB;1000;21,5;17,67;17,67;;;;;;
RU000A10F8Q7;Ростовская область 34001;7500;24.12.2026;1000;RUB;1000;;;;;;;;;
RU000A10F8P9;РЖД БО 001P-53R;45000;24.12.2026;1000;RUB;1000;10,75;8,84;8,84;;;;;;
RU000A10F8N4;Мобильные Телесистемы 003Р-02;40000;24.12.2026;1000;RUB;1000;;;;;;;;;
RU000A10EYZ7;МегаФон ПАО БО-002Р-12;30000;24.12.2026;1000;RUB;1000;;;;;;;;;
RU000A10EYY0;Медскан 001Р-02;3500;24.12.2026;1000;RUB;1000;15,35;12,62;12,62;;;;;;
RU000A10EYX2;МегаФон ПАО БО-002Р-11;25000;24.12.2026;1000;RUB;1000;;;;;;;;;
RU000A10EYW4;ПГК 003Р-05;2200;24.12.2026;1000;RUB;1000;;;;;;;;;
RU000A10EYV6;ПГК 003Р-04;20000;24.12.2026;1000;RUB;1000;15,4;12,66;12,66;;;;;;
RU000A10EYU8;ВУШ БО 001P-06;666,653;24.12.2026;1000;RUB;1000;22;18,08;18,08;;;;;;
RU000A10EYT0;Идель Нефтемаш 001Р-01;250;24.12.2026;1000;RUB;1000;27;22,19;22,19;;;;;;
RU000A10EYJ1;ВИС ФИНАНС БО-П12;2500;24.12.2026;1000;RUB;1000;16,5;13,56;13,56;;;;;;
RU000A10EYH5;Группа ЛСР ПАО БО 002Р-01;10000;24.12.2026;1000;RUB;1000;15,65;12,86;12,86;;;;;;
RU000A10EE87;АФК Система БО 002Р-12;5500;24.12.2026;1000;RUB;1000;17,5;14,38;14,38;;;;;;
RU000A10EDW8;Магнит ПАО БО-006Р-01;85000;24.12.2026;1000;RUB;1000;;;;;;;;;
RU000A10EDV0;АйДи Коллект 001P-07;1700;24.12.2026;1000;RUB;1000;20,75;17,05;17,05;;;;;;
RU000A10E655;ГЛОРАКС 001Р-05;5000;24.12.2026;1000;RUB;1000;20,5;16,85;16,85;;;;;;
RU000A10E630;Газпром нефть 005P-04R;138000;24.12.2026;1000;RUB;1000;;;;;;;;;
RU000A10E2B3;Совком Экспресс 001P-01;500;24.12.2026;1000;RUB;1000;19,5;16,03;16,03;;;;;;
RU000A10E291;ГК Азот 001Р-01;1000;24.12.2026;1000;RUB;1000;17,4;14,3;14,3;;;;;;
RU000A10E283;ХРОМОС Инжиниринг БО-04;260;24.12.2026;1000;RUB;1000;24,5;20,14;20,14;;;;;;
RU000A10DBM5;СФО ТБ-5 класс А;12000;24.12.2026;1000;RUB;1000;17,3;14,22;14,22;;;;;;
RU000A10DBH5;ВОСТОК-ОЙЛ БО-01;175;24.12.2026;1000;RUB;1000;27;22,19;22,19;;;;;;
RU000A10CWF7;ПГК 003Р-01;12000;24.12.2026;1000;RUB;1000;15,75;12,95;12,95;;;;;;
RU000A10CSP4;Республика Башкортостан 34016;5000;24.12.2026;1000;RUB;1000;14;11,51;11,51;;;;;;
RU000A10C8T4;СИБУР Холдинг 001Р-07;40000;24.12.2026;1000;RUB;1000;13,95;11,47;11,47;;;;;;
RU000A10C8Q0;ГМК Нор.никель БО-001Р-13;975;24.12.2026;100;USD;100;7,75;0,64;49,32;;;;;;
RU000A10C8M9;Михайловский Молочный Завод-03;55;24.12.2026;1000;RUB;1000;22,5;16,46;16,46;;;;;;
RU000A10C8H9;Оил Ресурс 001P-02;3000;24.12.2026;1000;RUB;1000;28;23,01;23,01;;;;;;
RU000A10BY94;АФК Система БО 002Р-03;12000;24.12.2026;1000;RUB;1000;21,5;17,67;17,67;;;;;;
RU000A10BY45;Новые технологии 001Р-07;1300;24.12.2026;1000;RUB;1000;20,25;16,64;16,64;;;;;;
RU000A10BVR6;Ресурсы Албазино 001Р-02;60;24.12.2026;1000;CNY;1000;8,5;21,19;240,21;;;;;;
RU000A10BQ78;СИМПЛ 001Р-04;1500;24.12.2026;1000;RUB;1000;;;;;;;;;
RU000A10BQ60;РОЛЬФ БО 001Р-08;1500;24.12.2026;1000;RUB;1000;25,5;20,96;20,96;;;;;;
RU000A10B7W1;Р-Вижн 001Р-02;500;24.12.2026;1000;RUB;1000;24,5;20,14;20,14;;;;;;
RU000A10B008;Южуралзолото 001P-04;200;24.12.2026;100;USD;100;10,6;0,87;67,04;;;;;;
RU000A10AZY5;АПРИ БО-002Р-09;1000;24.12.2026;1000;RUB;1000;24;19,73;19,73;;;;;;
RU000A10A869;ОВОЗ РФ 12840111V;2023,411;24.12.2026;1000;USD;1000;12,75;63,75;4912,65;;;;;;
RU000A10A7S0;Селектел 001P-05R;4000;24.12.2026;1000;RUB;1000;;;;;;;;;
RU000A10A2W3;Банк ВТБ С-1-1376(структурные);0;24.12.2026;1000;RUB;1000;0,01;0,2;0,2;;;;;;
RU000A1095L7;ГК Самолет БО-П14;20000;24.12.2026;1000;RUB;1000;;;;;;;;;
RU000A1083X8;Агротек БО-04;75;24.12.2026;1000;RUB;1000;18;44,88;44,88;;;;;;
RU000A1083W0;Мобильные ТелеСистемы 002P-05;25000;24.12.2026;1000;RUB;1000;;;;;;;;;
RU000A1083V2;Агротек БО-05;75;24.12.2026;1000;RUB;1000;18;44,88;44,88;;;;;;
RU000A1083U4;Мобильные ТелеСистемы 002P-04;17000;24.12.2026;1000;RUB;1000;;;;;;;;;
RU000A107XC7;ВЭБ.РФ ПБО-002Р-43;50000;24.12.2026;1000;RUB;1000;;;;;;;;;
RU000A107HR8;АО Авто Финанс Банк БО-001Р-11;7000;24.12.2026;1000;RUB;1000;;;;;;;;;
RU000A107HQ0;Газпром капитал 003Б-02;114200;24.12.2026;5000000;RUB;5000000;6,59;164298,63;164298,63;;;;;;
RU000A107HH9;Газпром нефть БО 003P-09R;15000;24.12.2026;1000;RUB;1000;;;;;;;;;
RU000A1070G0;МФК Быстроденьги 002Р-03;333,356;24.12.2026;1000;RUB;1000;15;7,4;7,4;;;;;;
RU000A106YL8;Агротек БО-03;150;24.12.2026;1000;RUB;1000;16,5;30,85;30,85;;;;;;
RU000A105M59;ЛК Роделен БО 001Р-03;250;24.12.2026;1000;RUB;473,7;19;5,23;5,23;;;;;;
RU000A1053H4;Лизинг-Трейд 001P-05;100;24.12.2026;1000;RUB;1000;15;12,33;12,33;;;;;;
RU000A1022E6;ПР-Лизинг ООО БО 002Р-01;1750;24.12.2026;1000;RUB;1000;19;15,62;15,62;;;;;;
RU000A102BV4;ОФЗ-ПК 29020 22/09/2027;294544,699;23.12.2026;1000;RUB;1000;;;;;;;;;
RU000A1025B5;ОФЗ-ПК 29016 23/12/2026;155059,582;23.12.2026;1000;RUB;1000;;;;;;;;;
RU000A101KT1;ОФЗ-ПК 29013 18/09/30;427467,173;23.12.2026;1000;RUB;1000;;;;;;;;;
RU000A10BVH7;ОФЗ-ПД 26250 10/06/37;750000;23.12.2026;1000;RUB;1000;12;59,84;59,84;;;;;;
RU000A10BVC8;ОФЗ-ПД 26249 16/06/32;1000000;23.12.2026;1000;RUB;1000;11;54,85;54,85;;;;;;
RU000A10FJ65;ЛК Роделен БО 002P-06;500;23.12.2026;1000;RUB;1000;21;17,26;17,26;;;;;;
RU000A10FJ16;ВИС ФИНАНС БО-П13;1250;23.12.2026;1000;RUB;1000;16,5;13,56;13,56;;;;;;
RU000A10FJ08;ПРОГРЕСС БО-01;100;23.12.2026;1000;RUB;1000;24;19,73;19,73;;;;;;
RU000A10FHY2;ЭкоНива 001P-03;3000;23.12.2026;1000;RUB;1000;15,75;12,95;12,95;;;;;;
RU000A10FGG1;Джи-групп 002P-08;2000;23.12.2026;1000;RUB;1000;;;;;;;;;
RU000A10F8G8;СПМК БО-03;500;23.12.2026;1000;RUB;1000;18;14,79;14,79;;;;;;
RU000A10F8F0;Газпром нефть 005Р-09R;200;23.12.2026;1000;USD;1000;7,5;6,16;474,7;;;;;;
RU000A10F827;МегаФон ПАО БО-002Р-13;15000;23.12.2026;1000;RUB;1000;13,3;10,93;10,93;;;;;;
RU000A10EYG7;Полюс ПБО-06;2600;23.12.2026;1000;CNY;1000;7,65;6,29;71,3;;;;;;
RU000A10ED70;Первый ЮвелирЛомб БО-01;75;23.12.2026;1000;RUB;1000;25;20,55;20,55;;;;;;
RU000A10ED62;ПКО Вернём 001Р-01;150;23.12.2026;1000;RUB;1000;26,5;21,78;21,78;;;;;;
RU000A10EC63;Брусника 002Р-06;1500;23.12.2026;1000;RUB;1000;22,75;18,7;18,7;;;;;;
RU000A10EAB8;АРЕНЗА-ПРО 001P-07;400;23.12.2026;1000;RUB;1000;19;16,14;16,14;;;;;;
RU000A10E5X0;РусГидро БО-002Р-11;30000;23.12.2026;1000;RUB;1000;;;;;;;;;
RU000A10DYG9;Атомэнергопром АО 001Р-10;25000;23.12.2026;1000;RUB;1000;15,15;37,77;37,77;;;;;;
RU000A10DUR4;Балтийский лизинг ООО БО-П23;500;23.12.2026;1000;RUB;1000;;;;;;;;;
RU000A10DM96;Россети ПАО БО 001P-19R;35000;23.12.2026;1000;RUB;1000;;;;;;;;;
RU000A10DB16;Оил Ресурс 001P-03;3755,298;23.12.2026;1000;RUB;1000;28;23,01;23,01;;;;;;
RU000A10D616;Балтийский лизинг ООО БО-П20;1500;23.12.2026;1000;RUB;1000;18,75;10,33;10,33;;;;;;
RU000A10CUF1;ТАЛК002P-03;200;23.12.2026;1000;RUB;1000;;;;;;;;;
RU000A10CTB2;Агроэко БО-001P-01;3000;23.12.2026;1000;RUB;1000;;;;;;;;;
RU000A10C8C0;РЖД БО 001P-44R;40000;23.12.2026;1000;RUB;1000;13,95;11,47;11,47;;;;;;
RU000A10C8B2;СОБИ-ЛИЗИНГ 001Р-07;86,529;23.12.2026;1000;RUB;760;22;11,03;11,03;;;;;;
RU000A10C8A4;Полипласт АО П02-БО-08;500;23.12.2026;100;CNY;100;13,95;1,15;13,04;;;;;;
RU000A10C873;СКС ЛОМБАРД БО-01;100;23.12.2026;1000;RUB;1000;28,5;23,42;23,42;;;;;;
RU000A10BY52;iКаршеринг Руссия 001P-06;2000;23.12.2026;1000;RUB;1000;20;16,44;16,44;;;;;;
RU000A10BXQ4;ДиректЛизинг БО 002Р-04;100;23.12.2026;1000;RUB;799,6;;;;;;;;;
RU000A10B7S9;ПКО СЗА БО-02;100;23.12.2026;1000;RUB;1000;28,5;23,42;23,42;;;;;;
RU000A10B7N0;БиоВитрум 001Р-01;100;23.12.2026;1000;RUB;1000;28;23,01;23,01;;;;;;
RU000A10A851;ОВОЗ РФ 12840109V;1772,2;23.12.2026;200000;USD;200000;4,25;4250;327509,67;;;;;;
RU000A10A844;ОВОЗ РФ 12840119V;2651,4;23.12.2026;200000;USD;200000;5,25;5250;404570,77;;;;;;
RU000A10A7C4;ПАО ЛК Европлан 001P-08;8500;23.12.2026;1000;RUB;1000;;;;;;;;;
RU000A109QN4;Экспобанк 001P-02;5000;23.12.2026;1000;RUB;1000;;;;;;;;;
RU000A109MG7;ДОМ.РФ Ипотечный агент БО 1P50;29990,754;23.12.2026;1000;RUB;852,08;;;;;;;;;
RU000A109KX6;ВИС ФИНАНС БО-П06;2500;23.12.2026;1000;RUB;1000;;;;;;;;;
RU000A109E71;ТрансКонтейнер П02-01;27000;23.12.2026;1000;RUB;1000;;;;;;;;;
RU000A108ZH9;Славнефть БО 002Р-05;10000;23.12.2026;1000;RUB;1000;;;;;;;;;
RU000A108U49;Урожай БО-05;160,33;23.12.2026;1000;RUB;1000;0,01;0,02;0,02;;;;;;
RU000A108LN7;СмартФакт БО-03-001P;200;23.12.2026;1000;RUB;1000;;;;;;;;;
RU000A108GC0;ДОМ.РФ Ипотечный агент БО 1P44;59689,796;23.12.2026;1000;RUB;807,3;;;;;;;;;
RU000A107076;ЛК Роделен БО 002P-01;750;23.12.2026;1000;RUB;1000;;;;;;;;;
RU000A106YR5;ДОМ.РФ Ипотечный агент БО 1P37;29839,165;23.12.2026;1000;RUB;731,31;;;;;;;;;
RU000A106YE3;Магаданская область ГО2023;2000;23.12.2026;1000;RUB;1000;13,75;24;24;;;;;;
RU000A106PD3;Банк ВТБ С-1-654 (структурные);0;23.12.2026;1000;RUB;1000;0,01;0,3;0,3;;;;;;
RU000A105YH8;ВЭБ.РФ ПБО-002Р-36;50000;23.12.2026;1000;RUB;1000;;;;;;;;;
RU000A105MN1;ДОМ.РФ ПАО 002P-01;30000;23.12.2026;1000;RUB;1000;;;;;;;;;
RU000A103XT0;Банк ВТБ (ПАО) Б-1-255;81,998;23.12.2026;1000;RUB;1000;0,01;0,05;0,05;;;;;;
RU000A0P1UM2;Банк ВТБ С-1-849 (структурные);0;23.12.2026;1000;RUB;1000;0,01;0,3;0,3;;;;;;
RU000A0NR3N0;Сбер CIB-CO-522 (структурные);0;23.12.2026;1000;RUB;1000;0,01;0,3;0,3;;;;;;
RU000A0JXU14;ГОВОЗ РФ 12840079V (RU);7000;23.12.2026;200000;USD;200000;5,25;5250;404570,77;;;;;;
RU000A0JXTS9;ГОВОЗ РФ 12840078V (RU);2404,6;23.12.2026;200000;USD;200000;4,25;4250;327509,67;;;;;;
RU000A0JXLU2;СФО Локосервис финанс ООО 01;4373;23.12.2026;1000;RUB;0,01;8,68;;;;;;;;
RU000A10FHT2;Стеллар Груп Рус 001Р-02;200;22.12.2026;1000;RUB;1000;17;13,97;13,97;;;;;;
RU000A10FHS4;Ростелеком ПАО 001P-27R;20000;22.12.2026;1000;RUB;1000;;;;;;;;;
RU000A10FHQ8;Т Плюс 002Р-02;20000;22.12.2026;1000;RUB;1000;;;;;;;;;
RU000A10F850;РОЛЬФ БО 001Р-09;2000;22.12.2026;1000;RUB;1000;19,5;16,03;16,03;;;;;;
RU000A10F801;ГТЛК БО 002P-13;35000;22.12.2026;1000;RUB;1000;15,95;13,11;13,11;;;;;;
RU000A10F5H2;СФО Каспий класс А;237;22.12.2026;1000;RUB;1000;17;;;;;;;;
RU000A10EPX0;РусГидро БО-002Р-12;35000;22.12.2026;1000;RUB;1000;;;;;;;;;
RU000A10EPW2;Брусника 002Р-07;6000;22.12.2026;1000;RUB;1000;;;;;;;;;
RU000A10EPV4;СИМПЛ СОЛЮШНЗ КЭПИТЛ 001Р-02;700;22.12.2026;1000;RUB;1000;21;17,26;17,26;;;;;;
RU000A10EPU6;АВТОАССИСТАНС 001P-01;500;22.12.2026;1000;RUB;1000;24,5;20,14;20,14;;;;;;
RU000A10EPT8;ДиректЛизинг БО 002Р-06;200;22.12.2026;1000;RUB;949,9;24,5;17,45;17,45;;;;;;
RU000A10EPQ4;Автодор ГК БО-005Р-16;3500;22.12.2026;1000;RUB;1000;15,4;12,66;12,66;;;;;;
RU000A10EMX7;АЛЬФА-БАНК T2-CR-10;2300;22.12.2026;100000000;RUB;100000000;;;;;;;;;
RU000A10ECY6;ЭЛЕКТРОРЕШЕНИЯ 001Р-03;1000;22.12.2026;1000;RUB;1000;23,5;19,32;19,32;;;;;;
RU000A10ECX8;Полипласт АО П02-БО-14;18;22.12.2026;100;USD;100;12,75;1,05;80,91;;;;;;
RU000A10ECW0;Полипласт АО П02-БО-15;45;22.12.2026;100;CNY;100;12,25;1,01;11,45;;;;;;
RU000A10E5S0;ТАЛК002P-04;300;22.12.2026;1000;RUB;1000;24;19,73;19,73;;;;;;
RU000A10DY35;Русский Свет БО-01;1000;22.12.2026;1000;RUB;1000;24;59,84;59,84;;;;;;
RU000A10DUQ6;Балтийский лизинг ООО БО-П22;3500;22.12.2026;1000;RUB;1000;20;16,44;16,44;;;;;;
RU000A10DLN2;ПКО Финэква 001Р-01;600;22.12.2026;1000;RUB;1000;24;19,73;19,73;;;;;;
RU000A10DA66;Газпром нефть 005P-02R;57000;22.12.2026;1000;RUB;1000;;;;;;;;;
RU000A10DA58;ВЕРАТЕК-02;55,377;22.12.2026;1000;RUB;1000;26;16,03;16,03;;;;;;
RU000A10DA41;ВИС ФИНАНС БО-П10;2500;22.12.2026;1000;RUB;1000;;;;;;;;;
RU000A10D9M6;РусГидро БО-002Р-10;15000;22.12.2026;1000;RUB;1000;;;;;;;;;
RU000A10CT33;Атомэнергопром АО 001Р-08;30000;22.12.2026;1000;RUB;1000;14,7;36,65;36,65;;;;;;
RU000A10CRP6;Байсэл 001P-03;67,007;22.12.2026;1000;RUB;1000;23;57,34;57,34;;;;;;
RU000A10CM06;АПРИ БО-002Р-11;2500;22.12.2026;1000;RUB;1000;25;20,55;20,55;;;;;;
RU000A10CLX3;Уральская Сталь БО-001Р-05;4000;22.12.2026;1000;RUB;1000;18,5;15,21;15,21;;;;;;
RU000A10C7C2;Алтимейт Эдьюкейшн БО-П01;600;22.12.2026;1000;RUB;1000;19,75;16,23;16,23;;;;;;
RU000A10BWN3;ТАЛК002P-02;200;22.12.2026;1000;RUB;1000;;;;;;;;;
RU000A10BWL7;МОНОПОЛИЯ 001P-05;500;22.12.2026;1000;RUB;1000;25,5;20,96;20,96;;;;;;
RU000A10BJR1;СФО Неро класс А;149;22.12.2026;1000;RUB;794,25;23;;;;;;;;
RU000A10B7J8;ФосАгро БО-02-03;642,2;22.12.2026;1000;USD;1000;7,5;6,16;474,7;;;;;;
RU000A10B7H2;Аптечная сеть 36,6 002P-02;1250;22.12.2026;1000;RUB;1000;;;;;;;;;
RU000A10ASE2;РОЛЬФ БО 001Р-07;1600;22.12.2026;1000;RUB;1000;26;21,37;21,37;;;;;;
RU000A10ASD4;РОЛЬФ БО 001Р-06;400;22.12.2026;1000;RUB;1000;;;;;;;;;
RU000A10ASC6;ПАО ЛК Европлан 001P-09;16000;22.12.2026;1000;RUB;900;24;13,81;13,81;;;;;;
RU000A10AFQ3;МИРРИКО БО-П02;500;22.12.2026;1000;RUB;1000;;;;;;;;;
RU000A109DV5;Интерлизинг 001Р-09;4700;22.12.2026;1000;RUB;560;;;;;;;;;
RU000A1093L2;ВЭБ.РФ ПБО-002Р-46;45000;22.12.2026;1000;RUB;1000;;;;;;;;;
RU000A108WV7;Фордевинд 06;37,909;22.12.2026;1000;RUB;1000;19;15,62;15,62;;;;;;
RU000A107GX8;АФК Система БО 001Р-27;7000;22.12.2026;1000;RUB;1000;;;;;;;;;
RU000A107GW0;Концерн РОССИУМ ООО 003P-02;50000;22.12.2026;1000;RUB;1000;17;84,77;84,77;;;;;;
RU000A107GV2;Совкомбанк Лизинг 001Р-01;1000;22.12.2026;1000;RUB;167;16,75;3,5;3,5;;;;;;
RU000A1076A0;БЭЛТИ-ГРАНД ООО БО-П06;185;22.12.2026;1000;RUB;950;14;9,21;9,21;;;;;;
RU000A106Y70;АЛЬФА ДОН ТРАНС 001Р-01;300;22.12.2026;1000;RUB;600;18;22,44;22,44;;;;;;
RU000A106Q47;Фордевинд 03;500;22.12.2026;1000;RUB;1000;16;4,42;4,42;;;;;;
RU000A105PJ2;МГКЛ 001Р-02;150;22.12.2026;1000;RUB;1000;16,5;41,14;41,14;;;;;;
RU000A105PH6;Россети ПАО БО 001P-07R;30000;22.12.2026;1000;RUB;1000;10;24,93;24,93;;;;;;
RU000A104EP6;НЗРМ ООО БО-01;160;22.12.2026;1000;RUB;325;;;;;;;;;
RU000A104CF1;Солид-Лизинг ООО 01;400;22.12.2026;1000;RUB;200;19;7,11;7,11;;;;;;
RU000A1044W2;СберИОС 001Р-497R 5Г РБЧ-М;268,316;22.12.2026;1000;RUB;1000;0,01;0,5;0,5;;;;;;
RU000A10FHH7;ЭН ПЛЮС ГИДРО 001РС-10;1000;21.12.2026;1000;CNY;1000;8,5;6,99;79,24;;;;;;
RU000A10F7V9;Полипласт АО П02-БО-16;5000;21.12.2026;1000;RUB;1000;17,45;14,34;14,34;;;;;;
RU000A10F7T3;Атомэнергопром АО 001Р-14;15000;21.12.2026;1000;RUB;1000;;;;;;;;;
RU000A10ENT3;ПКО Финэква 001Р-02;1000;21.12.2026;1000;RUB;1000;23;18,9;18,9;;;;;;
RU000A10ENS5;МЕТАЛЛОИНВЕСТ 002P-05;60000;21.12.2026;1000;RUB;1000;;;;;;;;;
RU000A10ECR0;ФЛИТ 001Р-02;500;21.12.2026;1000;RUB;916,7;17,52;10,8;10,8;;;;;;
RU000A10ECM1;Газпром капитал ООО БО-003Р-21;50000;21.12.2026;1000;RUB;1000;;;;;;;;;
RU000A10E1Z4;РЕСО-Лизинг ООО БО-П-29;5800;21.12.2026;1000;RUB;1000;14,5;11,92;11,92;;;;;;
RU000A10DZW3;РЖД БО 001P-50R;25000;21.12.2026;1000;RUB;1000;15,35;12,62;12,62;;;;;;
RU000A10DZU7;А101 БО-001Р-02;4150;21.12.2026;1000;RUB;1000;17;13,97;13,97;;;;;;
RU000A10DZT9;А101 БО-001Р-03;6350;21.12.2026;1000;RUB;1000;;;;;;;;;
RU000A10DZK8;Полипласт АО П02-БО-13;2750;21.12.2026;1000;RUB;1000;19,45;15,99;15,99;;;;;;
RU000A10DZJ0;Т Плюс 002Р-01;500;21.12.2026;1000;RUB;1000;;;;;;;;;
RU000A10DZH4;АПРИ БО-002Р-12;600;21.12.2026;1000;RUB;1000;25;20,55;20,55;;;;;;
RU000A10DY01;ГК Пионер БО 002P-02;2300;21.12.2026;1000;RUB;1000;;;;;;;;;
RU000A10DXL1;ДОМ.РФ 002P-08;22000;21.12.2026;1000;RUB;1000;;;;;;;;;
RU000A10DXJ5;ВЭБ.РФ ПБО-002Р-55;50000;21.12.2026;1000;RUB;1000;;;;;;;;;
RU000A10DWV2;ВЭБ.РФ ПБО-002Р-56;3000;21.12.2026;1000;RUB;1000;;;;;;;;;
RU000A10DQZ5;АЛЬФА-Б С-1-862 структурные;0;21.12.2026;1000;RUB;1000;0,01;0,1;0,1;;;;;;
RU000A10DLE1;Газпром капитал БО-003Р-07;70000;21.12.2026;1000;RUB;1000;;;;;;;;;
RU000A10DLC5;ООО АСВ БО-04-001P;200;21.12.2026;1000;RUB;1000;25;20,55;20,55;;;;;;
RU000A10D9L8;АО Авто Финанс Банк БО-001Р-17;4000;21.12.2026;1000;RUB;1000;;;;;;;;;
RU000A10D9K0;АО Авто Финанс Банк БО-001Р-16;6000;21.12.2026;1000;RUB;1000;16,65;13,68;13,68;;;;;;
RU000A10CLD5;МСБ-Лизинг 003P-06;300;21.12.2026;1000;RUB;1000;23;18,9;18,9;;;;;;
RU000A10CFK2;СФО ТБ-4 класс А1;10000;21.12.2026;1000;RUB;1000;16;9,09;9,09;;;;;;
RU000A10CCJ1;Славянск ЭКО 001Р-04;10;21.12.2026;100;USD;100;13;1,1;84,77;;;;;;
RU000A10C758;ТД РКС 002Р-06;700;21.12.2026;1000;RUB;1000;25;20,55;20,55;;;;;;
RU000A10C741;Кокс ПАО 001P-04;1500;21.12.2026;1000;RUB;1000;21;17,26;17,26;;;;;;
RU000A10BQ03;Спектр БО-02;300;21.12.2026;1000;RUB;1000;27,5;22,6;22,6;;;;;;
RU000A10BPZ1;АФК Система БО 002Р-02;12000;21.12.2026;1000;RUB;1000;22,75;18,7;18,7;;;;;;
RU000A10BPX6;Спектр БО-01;115,544;21.12.2026;1000;RUB;1000;;;;;;;;;
RU000A10BJX9;Балтийский лизинг ООО БО-П16;4500;21.12.2026;1000;RUB;890;22,25;12,25;12,25;;;;;;
RU000A10BJ93;ГК Сегежа 003P-05R;10000;21.12.2026;1000;RUB;1000;;;;;;;;;
RU000A10B7D1;Центр-резерв БО-04;200;21.12.2026;1000;RUB;950;29,5;21,82;21,82;;;;;;
RU000A10AS02;ТГК-14 001Р-05;4500;21.12.2026;1000;RUB;1000;24,75;20,34;20,34;;;;;;
RU000A10ARZ9;ТГК-14 001Р-06;350;21.12.2026;1000;RUB;1000;;;;;;;;;
RU000A10AND5;СберИОС 001Р-672R 3Г BSKRUS;535,663;21.12.2026;1000;RUB;1000;0,01;0,01;0,01;;;;;;
RU000A10A356;ГПБ Финанс 001Р-01Р;50000;21.12.2026;1000;RUB;1000;;;;;;;;;
RU000A109W87;СФО БКС Структурные Ноты 52;27,6;21.12.2026;1000;RUB;1000;0,01;0,1;0,1;;;;;;
RU000A109NF7;ЯТЭК 001Р-04;1500;21.12.2026;1000;RUB;1000;;;;;;;;;
RU000A109N39;Банк ВТБ С-1-1329 структурные;0;21.12.2026;1000;RUB;1000;0,01;0,05;0,05;;;;;;
RU000A109KC0;ИКС 5 ФИНАНС 003P-06;26000;21.12.2026;1000;RUB;1000;14,4;11,84;11,84;;;;;;
RU000A109DP7;ТАЛКлизинг001P-03;309,924;21.12.2026;1000;RUB;560;;;;;;;;;
RU000A108L81;Полюс ПБО-04;150;21.12.2026;100;USD;100;6,2;0,51;39,3;;;;;;
RU000A108L65;АйДи Коллект 07;499,51;21.12.2026;1000;RUB;917;19;7,84;7,84;;;;;;
RU000A108JD2;АВТОБАН-Финанс АО БО-П06;5000;21.12.2026;1000;RUB;1000;15;74,79;74,79;;;;;;
RU000A1082Y8;Синара Транспортные Машины 1P4;10000;21.12.2026;1000;RUB;1000;17,85;14,67;14,67;;;;;;
RU000A107QM0;БИЗНЕС АЛЬЯНС 001P-04;444,321;21.12.2026;1000;RUB;1000;16;13,15;13,15;;;;;;
RU000A107QL2;БИЗНЕС АЛЬЯНС 001P-03;362,271;21.12.2026;1000;RUB;1000;;;;;;;;;
RU000A107C00;ИСТРИНСКАЯ СЫРОВАРНЯ БО-03;150;21.12.2026;1000;RUB;1000;;;;;;;;;
RU000A107464;СберИОС 001Р-590R 5Г AC MOEXFN;823,095;21.12.2026;1000;RUB;1000;0,01;0,01;0,01;;;;;;
RU000A1072P7;Банк ВТБ С-1-775 (структурные);0;21.12.2026;1000;RUB;1000;0,01;0,3;0,3;;;;;;
RU000A106UW3;Каршеринг Руссия 001P-03;4500;21.12.2026;1000;RUB;1000;13,7;11,26;11,26;;;;;;
RU000A106L18;СберИОС 001Р-577R 5Г AC MOEXOG;364,256;21.12.2026;1000;RUB;1000;0,01;0,01;0,01;;;;;;
RU000A106037;РусГидро (ПАО) БО-П10;10000;21.12.2026;1000;RUB;1000;;;;;;;;;
RU000A105YV9;Вымпел-Коммуникации 001Р-09;1600;21.12.2026;1000;RUB;1000;10,55;26,3;26,3;;;;;;
RU000A1045F4;СберИОС 001Р-493R 5Г ТЕХ;681,514;21.12.2026;1000;RUB;1000;0,01;0,5;0,5;;;;;;
RU000A101UE2;РОСЭКСИМБАНК 002P-03;7000;21.12.2026;1000;RUB;1000;6,64;33,11;33,11;;;;;;
RU000A101S16;Республика Казахстан 13;10000;21.12.2026;1000;RUB;1000;7,92;39,49;39,49;;;;;;
RU000A101S08;Республика Казахстан 12;10000;21.12.2026;1000;RUB;1000;7,92;39,49;39,49;;;;;;
RU000A101RW0;Республика Казахстан 08;10000;21.12.2026;1000;RUB;1000;7,69;38,34;38,34;;;;;;
RU000A0P1U24;Банк ВТБ С-1-830 (структурные);0;21.12.2026;1000;RUB;1000;0,01;0,3;0,3;;;;;;
RU000A0NX3W3;АЛЬФА-Б C-1-241 (структурные);0;21.12.2026;1000;RUB;1000;0,01;0,28;0,28;;;;;;
RU000A10FGZ1;ГПБ Финанс 001Р-06Р;35000;20.12.2026;1000;RUB;1000;;;;;;;;;
RU000A10FGX6;АО Авто Финанс Банк БО-001Р-19;10000;20.12.2026;1000;RUB;1000;14,2;11,67;11,67;;;;;;
RU000A10FGV0;Полюс ПБО-11;1600;20.12.2026;1000;CNY;1000;7,8;6,41;72,66;;;;;;
RU000A10FGU2;ВУШ БО 001P-07;1000;20.12.2026;1000;RUB;1000;22,5;18,49;18,49;;;;;;
RU000A10EY26;ФЛИТ 001Р-04;2000;20.12.2026;1000;RUB;919,3;16;9,46;9,46;;;;;;
RU000A10EXZ9;Озон 1P-02;15000;20.12.2026;1000;RUB;1000;;;;;;;;;
RU000A10ENA3;Йуми БО-01;250;20.12.2026;1000;RUB;1000;25;20,55;20,55;;;;;;
RU000A10EN78;БИЗНЕС АЛЬЯНС 001P-09;500;20.12.2026;1000;RUB;1000;23,5;19,32;19,32;;;;;;
RU000A10EN60;Ростелеком ПАО 001P-24R;15000;20.12.2026;1000;RUB;1000;13,9;11,42;11,42;;;;;;
RU000A10EN52;ВОСТОКОЙЛ-02;100;20.12.2026;1000;RUB;1000;26;21,37;21,37;;;;;;
RU000A10DYZ9;АСГ ТРАНСФОРМАТОРЕН БО-01;100;20.12.2026;1000;RUB;1000;24;19,73;19,73;;;;;;
RU000A10DYP0;ИКС 5 ФИНАНС 003P-15;20000;20.12.2026;1000;RUB;1000;14,5;11,92;11,92;;;;;;
RU000A10DK98;Балтийский лизинг ООО БО-П21;2500;20.12.2026;1000;RUB;1000;;;;;;;;;
RU000A10DK80;СОБИ-ЛИЗИНГ 001Р-08;1,657;20.12.2026;1000;RUB;880;;;;;;;;;
RU000A10CUB0;Биннофарм Групп 002Р-01;3500;20.12.2026;1000;RUB;1000;;;;;;;;;
RU000A10CU97;Лизинг-Трейд 001P-12;400;20.12.2026;1000;RUB;1000;23;18,9;18,9;;;;;;
RU000A10CU89;Селектел 001P-06R;6000;20.12.2026;1000;RUB;1000;15,4;12,66;12,66;;;;;;
RU000A10CU55;АФК Система БО 002Р-05;3000;20.12.2026;1000;RUB;1000;;;;;;;;;
RU000A10CU48;АФК Система БО 002Р-04;2000;20.12.2026;1000;RUB;1000;17;13,97;13,97;;;;;;
RU000A10CU30;Патриот Групп 001Р-02;300;20.12.2026;1000;RUB;1000;22;18,08;18,08;;;;;;
RU000A10CTX6;ВЭБ.РФ ПБО-002Р-54В;600;20.12.2026;1000;USD;1000;7,15;5,88;453,12;;;;;;
RU000A10CP11;СИНАРА-Капитал 001К-01;3000;20.12.2026;1000;RUB;1000;;;;;;;;;
RU000A10CL64;ГК Сегежа 003P-07R;650;20.12.2026;100;CNY;100;13;1,07;12,13;;;;;;
RU000A10CL07;Магнит ПАО БО-004Р-09;13900;20.12.2026;1000;RUB;1000;13,3;10,93;10,93;;;;;;
RU000A10CKZ0;ЕвразХолдинг Финанс 003P-04;60000;20.12.2026;1000;RUB;1000;13,9;11,42;11,42;;;;;;
RU000A10CKY3;Группа ЛСР ПАО БО 001Р-11;5000;20.12.2026;1000;RUB;1000;16;13,15;13,15;;;;;;
RU000A10C725;МЕТАЛЛОИНВЕСТ 002P-01;55000;20.12.2026;1000;RUB;1000;;;;;;;;;
RU000A10C6Z5;ЛЕГЕНДА БО 002Р-04;2000;20.12.2026;1000;RUB;1000;20,25;16,64;16,64;;;;;;
RU000A10C6Y8;ЛЕГЕНДА БО 002Р-05;1500;20.12.2026;1000;RUB;1000;;;;;;;;;
RU000A10C6W2;ПАО Абрау – Дюрсо 002P-01;500;20.12.2026;1000;RUB;1000;15,5;12,74;12,74;;;;;;
RU000A10C6U6;МГКЛ-001Р-08;1000;20.12.2026;1000;RUB;1000;25,5;20,96;20,96;;;;;;
RU000A10C5Y0;ИКС 5 ФИНАНС 003P-13;11000;20.12.2026;1000;RUB;1000;14,1;11,59;11,59;;;;;;
RU000A10BPP2;Газпром капитал БО-003Р-14;650;20.12.2026;1000;USD;1000;7,25;5,96;459,28;;;;;;
RU000A10BPN7;Полипласт АО П02-БО-05;7700;20.12.2026;1000;RUB;1000;25,5;20,96;20,96;;;;;;
RU000A10BHX3;Сибирский КХП 001P-03;150;20.12.2026;1000;RUB;1000;25,5;17,82;17,82;;;;;;
RU000A10AZN8;Органик парк БО-П01;100;20.12.2026;1000;RUB;1000;29,5;24,25;24,25;;;;;;
RU000A10ATW2;Балтийский лизинг ООО БО-П15;6000;20.12.2026;1000;RUB;875;23,7;12,17;12,17;;BB+;;;;
RU000A10AT27;ИКС 5 ФИНАНС 003P-10;10000;20.12.2026;1000;RUB;1000;19,95;16,4;16,4;;;;;;
RU000A10A026;АРЕНЗА-ПРО 001P-06;185;20.12.2026;1000;RUB;800;;;;;;;;;
RU000A109NR2;БИЗНЕС АЛЬЯНС 001P-07;63,548;20.12.2026;1000;RUB;1000;;;;;;;;;
RU000A109528;Россети ПАО БО 001P-13R;65000;20.12.2026;1000;RUB;1000;;;;;;;;;
RU000A107WF2;ПИР БО-01-001P;150;20.12.2026;1000;RUB;375;18,5;1,9;1,9;;;;;;
RU000A107WD7;Мани Капитал 001P-03;300;20.12.2026;1000;RUB;1000;15;7,4;7,4;;;;;;
RU000A107F49;ГПБ (АО) БО 005Р-02Р;12696,723;20.12.2026;1000;RUB;1000;;;;;;;;;
RU000A107746;ТБанк TCS-perp2;288,65;20.12.2026;1000;USD;1000;6;15;1155,92;;;;;;
RU000A106UA9;СМАК БО-П02;60;20.12.2026;1000;RUB;900;14;8,05;8,05;;;;;;
RU000A0JX2F6;"АО ""ТБанк"" обл. БО-11";4999,993;20.12.2026;1000;RUB;1000;13,5;67,68;67,68;;;;;;
RU000A0JX2D1;"АО ""ТБанк"" обл. БО-12";4995,216;20.12.2026;1000;RUB;1000;13,5;67,68;67,68;;;;;;
RU000A10FGN7;ВТБ Лизинг 001Р-МБ-06;5000;19.12.2026;1000;RUB;1000;14,5;10,9;10,9;;;;;;
RU000A10EXW6;Селигдар 001Р-11;3600;19.12.2026;1000;RUB;1000;15,75;12,95;12,95;;;;;;
RU000A10EXU0;ЛК АдвансТрак 001Р-03;500;19.12.2026;1000;RUB;1000;24;19,73;19,73;;;;;;
RU000A10EXS4;АГРОКЛУБ БО-01;200;19.12.2026;1000;RUB;1000;25;20,55;20,55;;;;;;
RU000A10EN37;КАМАЗ ПАО БО-П21;500;19.12.2026;1000;RUB;1000;;;;;;;;;
RU000A10EN29;КАМАЗ ПАО БО-П22;1000;19.12.2026;1000;RUB;1000;16;13,15;13,15;;;;;;
RU000A10EN11;РЖД БО 001P-52R;35000;19.12.2026;1000;RUB;1000;14,5;11,92;11,92;;;;;;
RU000A10EFL6;АЛЬФА-БАНК T2-CR-06;10000;19.12.2026;100000000;RUB;100000000;;;;;;;;;
RU000A10EDA4;ГПБ Финанс 001Р-10Р;26000;19.12.2026;1000;RUB;1000;;;;;;;;;
RU000A10E5C4;АПРИ БО-002Р-13;2700;19.12.2026;1000;RUB;1000;24,5;20,14;20,14;;;;;;
RU000A10DYH7;ГПБ Финанс 001Р-07Р;20000;19.12.2026;1000;RUB;1000;;;;;;;;;
RU000A10DJ18;Борец Капитал 001Р-03;1000;19.12.2026;1000;RUB;1000;18;14,79;14,79;;;;;;
RU000A10DJ00;Борец Капитал 001Р-04;5000;19.12.2026;1000;RUB;1000;;;;;;;;;
RU000A10DCN1;АЛЬФА-БАНК T2-CR-05;10000;19.12.2026;100000000;RUB;100000000;;;;;;;;;
RU000A10CTJ5;БЭЛТИ-ГРАНД ООО БО-П08;250;19.12.2026;1000;RUB;1000;24;19,73;19,73;;;;;;
RU000A10CTH9;Полипласт АО П02-БО-11;220;19.12.2026;100;CNY;100;11,45;0,94;10,66;;;;;;
RU000A10CTG1;МИРРИКО БО-П05;435;19.12.2026;1000;RUB;1000;22,5;18,49;18,49;;;;;;
RU000A10CJ92;ПР-Лизинг ООО БО 002Р-03;2000;19.12.2026;1000;RUB;1000;20;16,44;16,44;;;;;;
RU000A10BWC6;Группа Позитив 001Р-03;10000;19.12.2026;1000;RUB;1000;18;14,79;14,79;;;;;;
RU000A10BW96;ГК Самолет БО-П18;15000;19.12.2026;1000;RUB;1000;24;19,73;19,73;;;;;;
RU000A10BW88;АйДи Коллект 001P-05;750;19.12.2026;1000;RUB;1000;25,25;20,75;20,75;;;;;;
RU000A10BW62;Мобильные ТелеСистемы 002P-12;15000;19.12.2026;1000;RUB;1000;13,25;10,89;10,89;;;;;;
RU000A10BW39;ВОКСИС-03;500;19.12.2026;1000;RUB;1000;24;19,73;19,73;;;;;;
RU000A10AZG2;КЛВЗ КРИСТАЛЛ 001P-02;350;19.12.2026;1000;RUB;1000;28;23,01;23,01;;;;;;
RU000A10AZF4;КЛВЗ КРИСТАЛЛ 001P-03;42,689;19.12.2026;1000;RUB;1000;;;;;;;;;
RU000A10A6V6;Роял Капитал БО-01;50,367;19.12.2026;1000;RUB;1000;;;;;;;;;
RU000A109NM3;РЕГИНСПЕЦТРАНС-01;237,434;19.12.2026;1000;RUB;1000;23,5;19,32;19,32;;;;;;
RU000A109KL1;Банк ВТБ (ПАО) Б-1-359;2052,377;19.12.2026;1000;RUB;1000;14,5;11,92;11,92;;;;;;
RU000A109DT9;Росагролизинг 002P-03;5000;19.12.2026;1000;RUB;1000;;;;;;;;;
RU000A1094X5;Газпром капитал БО-002Р-16;10000;19.12.2026;1000;RUB;1000;;;;;;;;;
RU000A1094W7;ХРОМОС Инжиниринг БО-02;250;19.12.2026;1000;RUB;1000;;;;;;;;;
RU000A1094T3;ДиректЛизинг БО 002Р-03;250;19.12.2026;1000;RUB;615,9;;;;;;;;;
RU000A108VW7;МКПАО ОК РУСАЛ БО-001P-09;30000;19.12.2026;1000;RUB;1000;;;;;;;;;
RU000A107AG6;Россети Центр ПАО 001Р-03;5000;19.12.2026;1000;RUB;1000;;;;;;;;;
RU000A104DZ7;Сибнефтехимтрейд БО-02;350;19.12.2026;1000;RUB;857,2;;;;;;;;;
RU000A1013N6;Пионер-Лизинг БО-П03;400;19.12.2026;1000;RUB;1000;20,5;16,85;16,85;;;;;;
RU000A10F7N6;Атомэнергопром АО 001Р-13;25000;18.12.2026;1000;RUB;1000;;;;;;;;;
RU000A10F7K2;ООО Л-Старт 002Р-01;100;18.12.2026;1000;RUB;1000;28,5;23,42;23,42;;;;;;
RU000A10F7J4;Республика Саха (Якутия) 34006;8700;18.12.2026;1000;RUB;1000;13,7;11,26;11,26;;;;;;
RU000A10F6Y5;Брусника 002Р-08;3250;18.12.2026;1000;RUB;1000;21,25;17,47;17,47;;;;;;
RU000A10EXK1;Мэйл.Ру Финанс 001P-03;7500;18.12.2026;1000;RUB;1000;;;;;;;;;
RU000A10EXJ3;Мэйл.Ру Финанс 001P-02;2500;18.12.2026;1000;RUB;1000;14,15;11,63;11,63;;;;;;
RU000A10EXG9;ПРОГРЕСС 001Р-01;250;18.12.2026;1000;RUB;1000;25;20,55;20,55;;;;;;
RU000A10EXF1;Группа Продовольствие БО-03;150;18.12.2026;1000;RUB;1000;23;18,9;18,9;;;;;;
RU000A10EVT6;Банк ВТБ (ПАО) Б-1-394;262,165;18.12.2026;1000;RUB;1000;0,01;0,02;0,02;;;;;;
RU000A10EMU3;ГТЛК БО 002P-12;30000;18.12.2026;1000;RUB;1000;16,25;13,36;13,36;;;;;;
RU000A10EMT5;ИЛИМ 001P-01;500;18.12.2026;1000;RUB;1000;;;;;;;;;
RU000A10EMS7;СелоЗеленое 001Р-03;6500;18.12.2026;1000;RUB;1000;;;;;;;;;
RU000A10EL88;ИКС 5 ФИНАНС 003P-19;20000;18.12.2026;1000;RUB;1000;;;;;;;;;
RU000A10E4X3;ЕвроТранс БО-001Р-09;2500;18.12.2026;1000;RUB;1000;20;16,44;16,44;;;;;;
RU000A10E4U9;БЭЛТИ-ГРАНД ООО БО-П09;150;18.12.2026;1000;RUB;1000;19;15,62;15,62;;;;;;
RU000A10DYC8;ФПК 002Р-01;30000;18.12.2026;1000;RUB;1000;15,4;12,66;12,66;;;;;;
RU000A10DYB0;Россети Волга 001Р-01;2500;18.12.2026;1000;RUB;1000;;;;;;;;;
RU000A10DY92;АЛРОСА 002Р-01;20000;18.12.2026;1000;RUB;1000;;;;;;;;;
RU000A10DY84;МКООО Содружество Рус 001Р-01;500;18.12.2026;1000;RUB;1000;;;;;;;;;
RU000A10DY76;ГК Сегежа 003P-09R;20,902;18.12.2026;100;CNY;100;15;1,23;13,94;;;;;;
RU000A10DY50;ГК Сегежа 003P-08R;669,658;18.12.2026;1000;RUB;1000;24;19,73;19,73;;;;;;
RU000A10DY27;Артген БО-02;300;18.12.2026;1000;RUB;1000;21;17,26;17,26;;;;;;
RU000A10DWW0;Самарская область 34016;9000;18.12.2026;1000;RUB;1000;15,1;37,65;37,65;;;;;;
RU000A10D806;ЕвразХолдинг Финанс 003P-05;225;18.12.2026;100;USD;100;8,25;0,68;52,4;;;;;;
RU000A10D7Z2;МСП Факторинг 001Р-01;1000;18.12.2026;1000;RUB;1000;;;;;;;;;
RU000A10CTP2;СберИОС 001Р-759R 5Г AC LKOH;48,431;18.12.2026;1000;RUB;1000;0,01;0,01;0,01;;;;;;
RU000A10CSX8;ИКС 5 ФИНАНС 003P-14;15000;18.12.2026;1000;RUB;1000;;;;;;;;;
RU000A10CJ84;Сибирское Стекло БО-02;300;18.12.2026;1000;RUB;1000;24,5;20,14;20,14;;;;;;
RU000A10BVW6;ЕвроТранс 01;4000;18.12.2026;1000;RUB;1000;23;18,9;18,9;;;;;;
RU000A10BVT2;ЭнергоТехСервис 001Р-08;1000;18.12.2026;1000;RUB;1000;;;;;;;;;
RU000A10BUK3;ИКС 5 ФИНАНС 003P-12;15000;18.12.2026;1000;RUB;1000;15,55;12,78;12,78;;;;;;
RU000A10BP87;ПИР БО-03-001P;500;18.12.2026;1000;RUB;1000;30;24,66;24,66;;;;;;
RU000A10BP79;Мобильные ТелеСистемы 002P-11;15000;18.12.2026;1000;RUB;1000;;;;;;;;;
RU000A10BP46;Страна Девелопмент 03;1000;18.12.2026;1000;RUB;1000;26,5;21,78;21,78;;;;;;
RU000A10BP38;Республика Саха (Якутия) 34005;7700;18.12.2026;1000;RUB;1000;;;;;;;;;
RU000A10BJ51;СберИОС 001Р-711R 5Г BSKRUS;168,58;18.12.2026;1000;RUB;1000;0,01;0,02;0,02;;;;;;
RU000A10B750;СибАвтоТранс 001Р-05;120;18.12.2026;1000;RUB;1000;26,5;21,78;21,78;;;;;;
RU000A10B4H9;ИПС БО-01;60;18.12.2026;1000;RUB;800;30,5;57,03;57,03;;;;;;
RU000A10B3S8;Аэрофьюэлз-002Р-04;1600;18.12.2026;1000;RUB;1000;24,75;61,71;61,71;;;;;;
RU000A10AZ60;РЖД БО 001P-38R;30000;18.12.2026;1000;RUB;1000;17,9;14,71;14,71;;;;;;
RU000A10AZ45;РЖД БО 001P-37R;28000;18.12.2026;1000;RUB;1000;19,5;16,03;16,03;;;;;;
RU000A10AQZ1;СберИОС 001Р-675R 5Г BSKRUS;193,544;18.12.2026;1000;RUB;1000;0,01;0,03;0,03;;;;;;
RU000A10AQD8;БЭЛТИ-ГРАНД ООО БО-П07;100;18.12.2026;1000;RUB;633,7;25;9,6;9,6;;;;;;
RU000A10AN80;СберИОС 001Р-670R 5Г BSKRUS;2000;18.12.2026;1000;RUB;1000;0,01;0,01;0,01;;;;;;
RU000A10AHU1;ОилРесурс 001P-01;2500;18.12.2026;1000;RUB;1000;33;27,12;27,12;;;;;;
RU000A10AF49;Мобильные ТелеСистемы 002P-03;50000;18.12.2026;1000;RUB;1000;;;;;;;;;
RU000A10A182;СберИОС 001Р-660R 5Г BSKRUS;826,755;18.12.2026;1000;RUB;1000;0,01;0,01;0,01;;;;;;
RU000A109XR1;Акрон (ПАО) БО-001P-05;12000;18.12.2026;1000;RUB;900;;;;;;;;;
RU000A109KY4;АО Авто Финанс Банк БО-001Р-13;10000;18.12.2026;1000;RUB;1000;;;;;;;;;
RU000A1097R0;СберИОС 001Р-642R 5Г AC СБЕР;409,534;18.12.2026;1000;RUB;1000;0,01;0,01;0,01;;;;;;
RU000A1097A6;СберИОС 001Р-641R 5Г AC Яндекс;111,507;18.12.2026;1000;RUB;1000;0,01;0,01;0,01;;;;;;
RU000A108Z10;СберИОС 001Р-634R 5Г AC MOEXIT;133,947;18.12.2026;1000;RUB;1000;0,01;0,01;0,01;;;;;;
RU000A108Z02;СберИОС 001Р-633R 5Г AC СБЕР;751,821;18.12.2026;1000;RUB;1000;0,01;0,01;0,01;;;;;;
RU000A108RQ7;Селигдар GOLD03;1165,433;18.12.2026;6672,12;RUB;9786,3;5,5;134,19;134,19;;;;;;
RU000A108RP9;АО Авто Финанс Банк БО-001Р-12;10000;18.12.2026;1000;RUB;1000;;;;;;;;;
RU000A108RK0;ТД РКС 002Р-04;500;18.12.2026;1000;RUB;1000;20;49,86;49,86;;;;;;
RU000A108Q60;СберИОС 001Р-626R 5Г AC TRNFP;420,267;18.12.2026;1000;RUB;1000;0,01;0,01;0,01;;;;;;
RU000A108E64;СберИОС 001Р-622R 5Г AC SBER;1117,95;18.12.2026;1000;RUB;1000;0,01;0,01;0,01;;;;;;
RU000A108DH6;ТКБ СУБ-ЗО;59,977;18.12.2026;1000;USD;1000;13,248;33,12;2552,26;;;;;;
RU000A108DG8;СберИОС 001Р-620R 5Г AC TCSG;474,64;18.12.2026;1000;RUB;1000;0,01;0,01;0,01;;;;;;
RU000A108D81;ЕвроТранс 002Р-02;800;18.12.2026;1000;RUB;1000;15,5;12,74;12,74;;;;;;
RU000A1080W6;СберИОС 001Р-612R 5Г AC CHMF;537,778;18.12.2026;1000;RUB;1000;0,01;0,01;0,01;;;;;;
RU000A107SR5;СберИОС 001Р-605R 5Г AC LKOH;430,743;18.12.2026;1000;RUB;1000;0,01;0,01;0,01;;;;;;
RU000A107RW7;СберИОС 001Р-603R 5Г AC CHMF;490,227;18.12.2026;1000;RUB;1000;0,01;0,01;0,01;;;;;;
RU000A107J45;СберИОС 001Р-601R 5Г AC MOEXMM;1562,498;18.12.2026;1000;RUB;1000;0,01;0,01;0,01;;;;;;
RU000A107GC2;ДОМ.РФ ПАО 002P-03;40000;18.12.2026;1000;RUB;1000;;;;;;;;;
RU000A107G22;ЗАС КОРПСАН БО-П01;146,771;18.12.2026;1000;RUB;1000;15;37,4;37,4;;;;;;
RU000A107FZ5;АПРИ БО-002Р-04;250;18.12.2026;1000;RUB;1000;24;59,84;59,84;;;;;;
RU000A107407;Банк ВТБ (ПАО) С-1-800;275,155;18.12.2026;1000;RUB;1000;0,01;0,3;0,3;;;;;;
RU000A106ZQ4;Феррум БП1;102,313;18.12.2026;1000;RUB;1000;21,5;17,67;17,67;;;;;;
RU000A105NT6;Магаданская область ГО2022;2000;18.12.2026;1000;RUB;700;10,61;10,58;10,58;;;;;;
RU000A1056S4;ФСК Россети(ПАО) БО-05;10000;18.12.2026;1000;RUB;1000;;;;;;;;;
RU000A104WF9;Славнефть БО 002Р-04;10000;18.12.2026;1000;RUB;1000;18;44,88;44,88;;;;;;
RU000A104BY4;БН-ТЕЛЕКОМ 001Р-02;2700;18.12.2026;1000;RUB;250;10,8;3,37;3,37;;;;;;
RU000A1039A8;Газпром капитал ООО 001Б-02;60000;18.12.2026;1000000;RUB;1000000;16,42;81875,07;81875,07;;;;;;
RU000A102LF6;Пионер-Лизинг БО-П04;350;18.12.2026;1000;RUB;1000;28;69,81;69,81;;;;;;
RU000A102L79;Минфин Челябинской обл 35003;8000;18.12.2026;1000;RUB;400;6;2,99;2,99;;;;;;
RU000A102L61;Минфин Челябинской обл 35002;8000;18.12.2026;1000;RUB;400;6;2,99;2,99;;;;;;
RU000A101TT2;РЖД 001Б-01;30000;18.12.2026;1000;RUB;1000;17,26;86,06;86,06;;;;;;
RU000A1007U3;АРАГОН ООО БО-П01;500;18.12.2026;1000;RUB;1000;21,5;53,6;53,6;;;;;;
RU000A10F751;Минфин Ульяновской обл. 34013;6000;17.12.2026;1000;RUB;1000;14,25;11,71;11,71;;;;;;
RU000A10EX68;Элемент Лизинг БО 001Р-11;2000;17.12.2026;1000;RUB;958,4;;;;;;;;;
RU000A10EX35;ИНТЕРФУД-БО-01;50;17.12.2026;1000;RUB;1000;26;21,37;21,37;;;;;;
RU000A10EL70;ИКС 5 ФИНАНС 003P-18;11000;17.12.2026;1000;RUB;1000;13,5;11,1;11,1;;;;;;
RU000A10ECK5;СИБУР Холдинг 001Р-09;250;17.12.2026;100;USD;100;7,5;0,62;47,78;;;;;;
RU000A10ECC2;Промсвязьбанк 004P-03;15000;17.12.2026;1000;RUB;1000;;;;;;;;;
RU000A10ECA6;ЛК АдвансТрак 001Р-02;500;17.12.2026;1000;RUB;1000;24;19,73;19,73;;;;;;
RU000A10EA40;ГК Азот 001Р-02;17000;17.12.2026;1000;RUB;1000;16,5;13,56;13,56;;;;;;
RU000A10DZN2;Томская область 35078;5000;17.12.2026;1000;RUB;1000;15,1;37,23;37,23;;;;;;
RU000A10DZL6;Томская область 35077;5000;17.12.2026;1000;RUB;1000;;;;;;;;;
RU000A10DXM9;ТЕХНОЛОГИЯ БО-03;42,382;17.12.2026;1000;RUB;1000;23,5;19,32;19,32;;;;;;
RU000A10DWQ2;Томская область 34076;10000;17.12.2026;1000;RUB;1000;16;39,45;39,45;;;;;;
RU000A10DEN7;Томская область 34075;8000;17.12.2026;1000;RUB;1000;16,2;13,32;13,32;;;;;;
RU000A10CT74;ФЕРА 001Р-01;100;17.12.2026;1000;RUB;820;;;;;;;;;
RU000A10CT41;Ростелеком ПАО 001P-20R;15000;17.12.2026;1000;RUB;1000;;;;;;;;;
RU000A10CT25;Газпром капитал БО-003Р-17;20000;17.12.2026;1000;RUB;1000;;;;;;;;;
RU000A10CT09;Интел Коллект БО-01;500;17.12.2026;1000;RUB;900;25;16,44;16,44;;;;;;
RU000A10CSZ3;Газпром капитал ООО БО-003Р-16;20000;17.12.2026;1000;RUB;1000;;;;;;;;;
RU000A10C6P6;АО Авто Финанс Банк БО-001Р-15;10000;17.12.2026;1000;RUB;1000;16,75;13,77;13,77;;;;;;
RU000A10C6M3;Уралкуз 001Р-01;1000;17.12.2026;1000;RUB;1000;20;16,44;16,44;;;;;;
RU000A10C6F7;ГТЛК БО 002P-09;20000;17.12.2026;1000;RUB;1000;16,75;13,77;13,77;;;;;;
RU000A10C667;СберИОС 001Р-748R 5Г AC LKOH;129,779;17.12.2026;1000;RUB;1000;0,01;0,01;0,01;;;;;;
RU000A10BW70;Томская область 34074;5000;17.12.2026;1000;RUB;1000;18,25;15;15;;;;;;
RU000A10BVF1;СибАвтоТранс 001Р-06;230;17.12.2026;1000;RUB;1000;26;21,37;21,37;;;;;;
RU000A10BRW4;БанкСинараС01;7000;17.12.2026;100000000;RUB;100000000;;;;;;;;;
RU000A10BM98;СберИОС 001Р-723R 3Г BSKRUS;129;17.12.2026;1000;RUB;1000;0,01;0,03;0,03;;;;;;
RU000A10BG88;СберИОС 001Р-707R 5Г AC FIVE;169,732;17.12.2026;1000;RUB;1000;0,01;0,01;0,01;;;;;;
RU000A10B735;МСБ-Лизинг 003P-04;200;17.12.2026;1000;RUB;1000;;;;;;;;;
RU000A10B727;МСБ-Лизинг 003P-05;200;17.12.2026;1000;RUB;1000;;;;;;;;;
RU000A10B6K8;ТЕХНОЛОГИЯ БО-02;200;17.12.2026;1000;RUB;1000;28;23,01;23,01;;;;;;
RU000A10B495;РЖД БО 001P-41R;30000;17.12.2026;1000;RUB;1000;17,15;42,76;42,76;;;;;;
RU000A10B1S2;СберИОС 001Р-692R 5Г BSKRUS;156,224;17.12.2026;1000;RUB;1000;0,01;0,01;0,01;;;;;;
RU000A10AYW2;Полипласт АО П02-БО-02;2100;17.12.2026;1000;RUB;1000;;;;;;;;;
RU000A10AYU6;МФК Мани Мен БО-01;500;17.12.2026;1000;RUB;1000;26,5;21,78;21,78;;;;;;
RU000A10AHJ4;Группа Позитив 001Р-02;4800;17.12.2026;1000;RUB;1000;;;;;;;;;
RU000A10AC75;Томская область 34072;10000;17.12.2026;1000;RUB;750;26;10,68;10,68;;;;;;
RU000A10A8N9;СФО ПБ Сервис Финанс;225696,702;17.12.2026;999,59;RUB;707,27;17,5;7,62;7,62;;;;;;
RU000A10A5H7;ГТЛК БО 002P-06;4000;17.12.2026;1000;RUB;1000;;;;;;;;;
RU000A109PF2;РЖД БО 001P-33R;25000;17.12.2026;1000;RUB;1000;;;;;;;;;
RU000A109JK5;СберИОС 001Р-648R 5Г AC IMOEX;47,116;17.12.2026;1000;RUB;1000;0,01;0,01;0,01;;;;;;
RU000A109JJ7;ИОС_PRTACm_LKOH-5Y-001Р-647R;131,96;17.12.2026;1000;RUB;1000;0,01;0,01;0,01;;;;;;
RU000A109B82;БИЗНЕС АЛЬЯНС 001P-06;211,995;17.12.2026;1000;RUB;1000;;;;;;;;;
RU000A1094F2;ГруппаЧеркизово БО-001Р-07;7000;17.12.2026;1000;RUB;1000;;;;;;;;;
RU000A108KU4;А101 БО-001Р-01;500;17.12.2026;1000;RUB;1000;17;13,97;13,97;;;;;;
RU000A108KT6;Росагролизинг 002P-01;7000;17.12.2026;1000;RUB;1000;;;;;;;;;
RU000A1088L2;СберИОС 001Р-618R 5Г AC TCSG;594,183;17.12.2026;1000;RUB;1000;0,01;0,01;0,01;;;;;;
RU000A1088K4;СберИОС 001Р-617R 5Г AC MAGN;158,524;17.12.2026;1000;RUB;1000;0,01;0,01;0,01;;;;;;
RU000A107D25;СФО Оптимум Финанс 01;208400;17.12.2026;1000;RUB;165,41;13,5;;;;;;;;
RU000A106QL4;СберИОС 001Р-580R 5Г AC IMOEX;464,403;17.12.2026;1000;RUB;1000;0,01;0,01;0,01;;;;;;
RU000A1067U7;Банк ВТБ С-1-500 (структурные);0;17.12.2026;1000;RUB;1000;0;;;;;;;;
RU000A105XE7;Вымпел-Коммуникации 001Р-02;14672,878;17.12.2026;1000;RUB;1000;9,3;23,19;23,19;;;;;;
RU000A105NK5;МОЭК ПАО БО 001Р-05;5000;17.12.2026;1000;RUB;1000;15;74,79;74,79;;;;;;
RU000A105ND0;Калининградская область 35007;500;17.12.2026;1000;RUB;1000;10,3;25,68;25,68;;;;;;
RU000A105NB4;ТГК-1 БО-001Р-01;5000;17.12.2026;1000;RUB;1000;15;74,79;74,79;;;;;;
RU000A105BZ8;СФО Альта;310;17.12.2026;1000;RUB;64,86;10;;;;;;;;
RU000A104BC0;Калининградская область 35004;2000;17.12.2026;1000;RUB;750;9,5;17,76;17,76;;;;;;
RU000A104099;Сбер CIB-CO-60 (структурные);0;17.12.2026;1000;RUB;1000;0,01;0,5;0,5;;;;;;
RU000A1018G9;Концессии водсн Саратов БО-01;2000;17.12.2026;1000;RUB;666,68;20;132,97;132,97;;;;;;
RU000A100GW5;АЛЬФА-БАНК С01-01;5000;17.12.2026;10000000;RUB;10000000;15;373972,6;373972,6;;;;;;
RU000A1007H0;Славнефть БО 001Р-02;10000;17.12.2026;1000;RUB;1000;15,5;38,64;38,64;;;;;;
RU000A100725;Брайт Финанс ООО БО-П01;220;17.12.2026;1000;RUB;1000;;;;;;;;;
RU000A100030;Автодор ГК БО-002Р-01;2719,8;17.12.2026;1000;RUB;560;15,56;43,45;43,45;;;;;;
RU000A0ZZZZ2;ГК Самолет БО-П04;500;17.12.2026;1000;RUB;1000;17;42,38;42,38;;;;;;
RU000A0ZYMN9;Вертолеты России об. БО-03;5000;17.12.2026;1000;RUB;1000;8,8;43,88;43,88;;;;;;
RU000A0ZYMM1;Вертолеты России об. БО-04;5000;17.12.2026;1000;RUB;1000;8,8;43,88;43,88;;;;;;
RU000A0NNLZ4;Банк ВТБ С-1-354 (структурные);0;17.12.2026;1000;RUB;1000;0;;;;;;;;
RU000A0JX413;ПАО НК Роснефть 001P-03;20000;17.12.2026;1000;RUB;1000;9,5;47,37;47,37;;;;;;
RU000A0JV4Q1;ОФЗ-ПК 29010 06/12/34;190287,001;16.12.2026;1000;RUB;1000;16,59;82,72;82,72;;;;;;
RU000A10FGE6;ИЭК ХОЛДИНГ 001Р-05;2500;16.12.2026;1000;RUB;1000;15,75;12,95;12,95;;;;;;
RU000A10FGC0;Газпром нефть 005Р-10R;110000;16.12.2026;1000;RUB;1000;;;;;;;;;
RU000A10FF02;ДОМ.РФ 002P-09;20000;16.12.2026;1000;RUB;1000;;;;;;;;;
RU000A10FEB7;МКПАО ЯНДЕКС 001Р-05;20000;16.12.2026;1000;RUB;1000;13,4;11,01;11,01;;;;;;
RU000A10FEA9;МКПАО ЯНДЕКС 001Р-04;40000;16.12.2026;1000;RUB;1000;;;;;;;;;
RU000A10F728;Газпром капитал ООО БО-003Р-22;3000;16.12.2026;1000;CNY;1000;7,85;6,45;73,12;;;;;;
RU000A10F710;Южноуральский ЛЦ 001Р-02;250;16.12.2026;1000;RUB;1000;23,5;19,32;19,32;;;;;;
RU000A10EWL1;Почта России 003P-05;15000;16.12.2026;1000;RUB;1000;17,15;14,1;14,1;;;;;;
RU000A10EC48;ПКО СЗА БО-06;145;16.12.2026;1000;RUB;1000;25,5;20,96;20,96;;;;;;
RU000A10EC22;Селигдар 001Р-10;3500;16.12.2026;1000;RUB;1000;16,65;13,68;13,68;;;;;;
RU000A10E4G8;МФК ПСБ Финанс 002P-02;500;16.12.2026;1000;RUB;1000;;;;;;;;;
RU000A10E4F0;Ломбард 888 БО-01;200;16.12.2026;1000;RUB;1000;25;20,55;20,55;;;;;;
RU000A10DQW2;АЛЬФА-Б С-1-859 структурные;0;16.12.2026;1000;RUB;1000;0,01;0,1;0,1;;;;;;
RU000A10DME9;Банк ВТБ (ПАО) Б-1-387;420,783;16.12.2026;1000;RUB;1000;0,01;0,1;0,1;;;;;;
RU000A10DJV9;Совкомфлот 001Р-02;200;16.12.2026;1000;USD;1000;7,55;6,21;478,55;;;;;;
RU000A10DJS5;ПКО СЗА БО-05;250;16.12.2026;1000;RUB;1000;25,5;20,96;20,96;;;;;;
RU000A10DA74;Эталон-Финанс 002Р-04;10000;16.12.2026;1000;RUB;1000;20;16,44;16,44;;;;;;
RU000A10CST6;СКС ЛОМБАРД БО-02;250;16.12.2026;1000;RUB;1000;27;22,19;22,19;;;;;;
RU000A10CSR0;ГЛАВСНАБ БО-01;200;16.12.2026;1000;RUB;1000;23,5;19,32;19,32;;;;;;
RU000A10CSQ2;НоваБев Групп 003Р-01;7000;16.12.2026;1000;RUB;1000;14,5;11,92;11,92;;;;;;
RU000A10C634;ВИС ФИНАНС БО-П09;2500;16.12.2026;1000;RUB;1000;17;13,97;13,97;;;;;;
RU000A10C626;ЛК Роделен БО 002P-04;350;16.12.2026;1000;RUB;833,5;;;;;;;;;
RU000A10C618;Магнит ПАО БО-004Р-08;75000;16.12.2026;1000;RUB;1000;14,95;12,29;12,29;;;;;;
RU000A10C5Z7;МОНОПОЛИЯ 001P-06;500;16.12.2026;1000;RUB;1000;24,75;20,34;20,34;;;;;;
RU000A10C287;ВЭБ.РФ ПБО-002Р-51;5000;16.12.2026;1000;RUB;1000;;;;;;;;;
RU000A10BV89;Арктик Технолоджи Сервис БО-01;150;16.12.2026;1000;RUB;1000;28;23,01;23,01;;;;;;
RU000A10BV71;Полипласт АО П02-БО-07;25;16.12.2026;100;USD;100;;;;;;;;;
RU000A10BV55;НОВАТЭК 001Р-04;350;16.12.2026;1000;USD;1000;7,5;6,16;474,7;;;;;;
RU000A10BV22;Республика Башкортостан 34015;7000;16.12.2026;1000;RUB;1000;16,25;13,36;13,36;;;;;;
RU000A10BUN7;ДиректЛизинг БО 002Р-05;200;16.12.2026;1000;RUB;799,6;27;15,89;15,89;;;;;;
RU000A10BUM9;ЭнергоТехСервис 001Р-07;1000;16.12.2026;1000;RUB;1000;21;17,26;17,26;;;;;;
RU000A10BGY3;Мобильные ТелеСистемы 002P-10;15000;16.12.2026;1000;RUB;1000;;;;;;;;;
RU000A10BGW7;Первое кол.бюро НАО 001Р-08;2000;16.12.2026;1000;RUB;1000;;;;;;;;;
RU000A10BGU1;Первое кол.бюро НАО 001Р-07;1000;16.12.2026;1000;RUB;1000;24,5;20,14;20,14;;;;;;
RU000A10BFQ1;АЛЬФА-БАНК T2-CR-03;6000;16.12.2026;100000000;RUB;100000000;;;;;;;;;
RU000A10B5M6;Агродом БО-02;80;16.12.2026;1000;RUB;800;15;6,16;6,16;;;;;;
RU000A10AYM3;Уралкалий ПАО ПБО-07-P;1000;16.12.2026;1000;RUB;1000;;;;;;;;;
RU000A10AQF3;СберИОС 001Р-674R 5Г AC LKOH;474,247;16.12.2026;1000;RUB;1000;0,01;0,01;0,01;;;;;;
RU000A10AHE5;Новые технологии 001Р-02;1150;16.12.2026;1000;RUB;1000;27,5;22,6;22,6;;;;;;
RU000A10AHD7;Кокс ПАО 001P-01;1200;16.12.2026;1000;RUB;1000;19,75;16,23;16,23;;;;;;
RU000A10AHC9;РЕСО-Лизинг ООО БО-П-23;5000;16.12.2026;1000;RUB;1000;24,5;20,14;20,14;;;;;;
RU000A10AHB1;Новые технологии 001Р-01;600;16.12.2026;1000;RUB;1000;;;;;;;;;
RU000A10AHA3;ИКС 5 ФИНАНС 003P-07;21000;16.12.2026;1000;RUB;1000;13,25;10,89;10,89;;;;;;
RU000A10A554;АПРИ БО-002Р-06;30,95;16.12.2026;1000;RUB;1000;22;18,08;18,08;;;;;;
RU000A10A3W1;Балтийский лизинг ООО БО-П14;9000;16.12.2026;1000;RUB;1000;;;;;;;;;
RU000A109NA8;СОЛИД СпецАвтоТехЛизинг 01;500;16.12.2026;1000;RUB;580;24;9,47;9,47;;;;;;
RU000A109B33;Газпром нефть БО 003P-13R;55000;16.12.2026;1000;RUB;1000;;;;;;;;;
RU000A108KK5;СОБИ-ЛИЗИНГ 001Р-05;82,352;16.12.2026;1000;RUB;516;19,25;6,42;6,42;;;;;;
RU000A108447;Росагролизинг 001P-05;7000;16.12.2026;1000;RUB;1000;;;;;;;;;
RU000A107PW1;МФК Быстроденьги 002Р-05;300;16.12.2026;1000;RUB;1000;22;18,08;18,08;;;;;;
RU000A107F07;Унител БО-П01;150;16.12.2026;1000;RUB;1000;15;37,4;37,4;;;;;;
RU000A107EA1;ЕАБР 003P-009;10000;16.12.2026;1000;RUB;1000;;;;;;;;;
RU000A105WZ4;Лизинг-Трейд 001P-07;150;16.12.2026;1000;RUB;833,6;14,5;7,46;7,46;;;;;;
RU000A103XS2;Банк ВТБ (ПАО) Б-1-254;252,399;16.12.2026;1000;RUB;1000;0,01;0,05;0,05;;;;;;
RU000A103U10;Банк ВТБ (ПАО) Б-1-246;118,223;16.12.2026;1000;RUB;1000;0,01;0,05;0,05;;;;;;
RU000A102KN2;Калининградская область 35003;2000;16.12.2026;1000;RUB;300;6,1;4,56;4,56;;;;;;
RU000A0ZZZY5;Концерн РОССИУМ ООО 001P-02;10000;16.12.2026;1000;RUB;1000;16,5;82,27;82,27;;;;;;
RU000A0ZYM54;Центральная ППК АО П01-БО-01;500;16.12.2026;1000;RUB;1000;7,55;75,29;75,29;;;;;;
RU000A0NX4F6;Сбер CIB-CO-668;241,991;16.12.2026;1000;RUB;1000;0,01;0,3;0,3;;;;;;
RU000A0JVKH5;Российские ЖД ОАО 35 обл.;15000;16.12.2026;1000;RUB;1000;6,59;32,86;32,86;;;;;;
RU000A10FG84;АЛИУМ01Р1;4000;15.12.2026;1000;RUB;1000;17,5;14,38;14,38;;;;;;
RU000A10FG76;ОДК 001P-03;11000;15.12.2026;1000;RUB;1000;16,5;13,56;13,56;;;;;;
RU000A10FG68;ОДК 001P-04;1000;15.12.2026;1000;RUB;1000;;;;;;;;;
RU000A10FE11;ГК Самолет 002P-05;600;15.12.2026;1000;RUB;1000;;;;;;;;;
RU000A10F6U3;РусГидро БО-002Р-13;55000;15.12.2026;1000;RUB;1000;;;;;;;;;
RU000A10EVV2;Банк ВТБ (ПАО) Б-1-396;115,915;15.12.2026;1000;RUB;1000;0,01;0,02;0,02;;;;;;
RU000A10EML2;ВТБ Лизинг 001Р-МБ-05;5000;15.12.2026;1000;RUB;915;15,5;10,57;10,57;;;;;;
RU000A10EMJ6;ТЕХНО Лизинг 001Р-08;476;15.12.2026;1000;RUB;1000;24;19,73;19,73;;;;;;
RU000A10EMG2;НоваБев Групп 003Р-03;7000;15.12.2026;1000;RUB;1000;14,5;11,92;11,92;;;;;;
RU000A10EMF4;Первое кол.бюро НАО 001Р-10;1850;15.12.2026;1000;RUB;1000;;;;;;;;;
RU000A10EBE0;Ростелеком ПАО 001P-23R;20000;15.12.2026;1000;RUB;1000;14,55;11,96;11,96;;;;;;
RU000A10EB07;МСБ-Лизинг 003P-07;400;15.12.2026;1000;RUB;1000;21;17,26;17,26;;;;;;
RU000A10DQU6;АЛЬФА-Б С-1-857 структурные;0;15.12.2026;1000;RUB;1000;0,01;0,1;0,1;;;;;;
RU000A10DLV5;ГМК Нор.никель БО-001Р-16;4000;15.12.2026;1000;CNY;1000;7;5,75;65,18;;;;;;
RU000A10DKS3;Совкомбанк БО-И10;179,617;15.12.2026;1000;RUB;1000;0,01;0,1;0,1;;;;;;
RU000A10DJA3;Нижегородская область 34017;15000;15.12.2026;1000;RUB;1000;;;;;;;;;
RU000A10DC15;АВТОБАН-Финанс АО БО-П07;5000;15.12.2026;1000;RUB;1000;;;;;;;;;
RU000A10D541;РЖД БО 001P-47R;20000;15.12.2026;1000;RUB;1000;15,85;13,03;13,03;;;;;;
RU000A10D4W6;Село Зеленое 001Р-01;3000;15.12.2026;1000;RUB;1000;;;;;;;;;
RU000A10D4V8;АйДи Коллект 001P-06;1250;15.12.2026;1000;RUB;1000;22,5;18,49;18,49;;;;;;
RU000A10D4S4;ПЭТ ПЛАСТ 001Р-01;165;15.12.2026;1000;RUB;1000;26;21,37;21,37;;;;;;
RU000A10D1H3;РЖД БО 001P-46R;20000;15.12.2026;1000;RUB;1000;;;;;;;;;
RU000A10CHX1;МГКЛ-G01;47,316;15.12.2026;8602,98;RUB;10068,85;14;112,61;112,61;;;;;;
RU000A10C5U8;ГИДРОМАШСЕРВИС АО 001Р-05;3000;15.12.2026;1000;RUB;1000;;;;;;;;;
RU000A10C5T0;ГИДРОМАШСЕРВИС АО 001Р-04;1000;15.12.2026;1000;RUB;1000;17;13,97;13,97;;;;;;
RU000A10C5P8;ПИР БО-04-001P;300;15.12.2026;1000;RUB;1000;28,5;23,42;23,42;;;;;;
RU000A10BW05;СберИОС 001Р-732R 5Г AC TATN;78,977;15.12.2026;1000;RUB;1000;0,01;0,01;0,01;;;;;;
RU000A10BNR3;СберИОС 001Р-724R 5Г AC IMOEX;127,529;15.12.2026;1000;RUB;1000;0,01;0,01;0,01;;;;;;
RU000A10BGJ4;Аэрофлот П02-БО-01;45000;15.12.2026;1000;RUB;1000;;;;;;;;;
RU000A10BGH8;Акрон (ПАО) БО-001P-08;200;15.12.2026;1000;USD;1000;7,95;6,53;503,21;;;;;;
RU000A10BGF2;РЖД БО 001P-42R;30000;15.12.2026;1000;RUB;1000;17,4;14,3;14,3;;;;;;
RU000A10BGE5;С-ПРИНТ БО-01;150;15.12.2026;1000;RUB;1000;32;26,3;26,3;;;;;;
RU000A10BGC9;МФК Мани Мен БО-02-01;1400;15.12.2026;1000;RUB;1000;25,5;20,96;20,96;;;;;;
RU000A10B5C7;ТАЛК002P-01;274,387;15.12.2026;1000;RUB;840;;;;;;;;;
RU000A10B5A1;БИАНКА ПРЕМИУМ БО-02;180;15.12.2026;1000;RUB;1000;28,5;23,42;23,42;;;;;;
RU000A10B4M9;СберИОС 001Р-694R 5Г AC LKOH;577,519;15.12.2026;1000;RUB;1000;0,01;0,01;0,01;;;;;;
RU000A10B024;АФК Система БО 002Р-01;12000;15.12.2026;1000;RUB;1000;17,5;14,86;14,86;;;;;;
RU000A10AGA5;ИНК-Капитал 001Р-02;30000;15.12.2026;1000;RUB;1000;;;;;;;;;
RU000A10AG48;АПРИ БО-002Р-08;625;15.12.2026;1000;RUB;1000;24;19,73;19,73;;;;;;
RU000A10AG22;ЭН+ГИДРО 001РС-06;7000;15.12.2026;1000;RUB;1000;;;;;;;;;
RU000A10ADT2;СФО Оптимум Финанс 02;541521,453;15.12.2026;1000;RUB;339,63;18,5;3,2;3,2;;;;;;
RU000A10AC67;ВОКСИС-01;100;15.12.2026;1000;RUB;1000;;;;;;;;;
RU000A10A539;Банк ДОМ.РФ СУБ-T2-2;20000;15.12.2026;10000000;RUB;10000000;15;123287,67;123287,67;;;;;;
RU000A109JW0;КАМАЗ ПАО БО-П12;8000;15.12.2026;1000;RUB;1000;;;;;;;;;
RU000A108U72;Первое кол.бюро НАО 001Р-05;3000;15.12.2026;1000;RUB;1000;;;;;;;;;
RU000A108QA3;МегаФон ПАО БО-002P-04;10000;15.12.2026;1000;RUB;1000;;;;;;;;;
RU000A108Q94;МегаФон ПАО БО-002P-05;10000;15.12.2026;1000;RUB;1000;;;;;;;;;
RU000A108Q03;Межд.Банк Эк.Сотруд. 002P-03;5000;15.12.2026;1000;RUB;1000;;;;;;;;;
RU000A107ET1;Газпром капитал БО-002Р-11;40000;15.12.2026;1000;RUB;1000;;;;;;;;;
RU000A107EP9;СмартФакт БО-02-001P;200;15.12.2026;1000;RUB;1000;19;47,37;47,37;;;;;;
RU000A107DC9;СберИОС 001Р-599R 5Г AC MOEXFN;624,306;15.12.2026;1000;RUB;1000;0,01;0,01;0,01;;;;;;
RU000A106WZ2;АПРИ БО-002Р-03;750;15.12.2026;1000;RUB;1000;;;;;;;;;
RU000A106GB6;Лизинг-Трейд 001P-09;300;15.12.2026;1000;RUB;1000;14;9,11;9,11;;;;;;
RU000A105N58;Концерн РОССИУМ ООО 003P-01;20000;15.12.2026;1000;RUB;1000;17;84,77;84,77;;;;;;
RU000A105MP6;ДОМОДЕДОВО ФьюэлФ 002Р-01;729,003;15.12.2026;1000;RUB;1000;;;;;;;;;
RU000A104W33;Почта России БО-002P-03;10000;15.12.2026;1000;RUB;1000;10,15;50,61;50,61;;;;;;
RU000A104W17;Почта России БО-002P-02;10000;15.12.2026;1000;RUB;1000;17,5;87,26;87,26;;;;;;
RU000A1040W0;Сбер CIB-CO-88 (структурные);0;15.12.2026;1000;RUB;1000;0,01;0,51;0,51;;;;;;
RU000A103ZP3;Сбер CIB-CO-86 (структурные);0;15.12.2026;1000;RUB;1000;0,01;0,5;0,5;;;;;;
RU000A103DY2;БЭЛТИ-ГРАНД ООО БО-П04;250;15.12.2026;1000;RUB;280;12,25;1,51;1,51;;;;;;
RU000A102556;СЭЗ им. С.Орджоникидзе 001Р-02;500;15.12.2026;1000;RUB;1000;10,75;26,8;26,8;;;;;;
RU000A1018N5;Концерн РОССИУМ 001P-03;15000;15.12.2026;1000;RUB;1000;16,25;81,03;81,03;;;;;;
RU000A1016N9;Свердловская область 06;5000;15.12.2026;1000;RUB;250;6,7;4,5;4,5;;;;;;
RU000A1001T8;ММЦБ ПАО БО-П01-01;30;15.12.2026;1000;RUB;1000;19;47,37;47,37;;;;;;
RU000A0JWLU4;Российские ЖД ОАО 42 обл.;15000;15.12.2026;1000;RUB;1000;14;69,81;69,81;;;;;;
RU000A10FEY9;СмартФакт БО-04-001Р;150;14.12.2026;1000;RUB;1000;;;;;;;;;
RU000A10FEX1;СЕРГИЕВСКОЕ 001Р-01;50;14.12.2026;1000;RUB;1000;23;56,71;56,71;;;;;;
RU000A10EAS2;ТМК 002P-01;19000;14.12.2026;1000;RUB;1000;6,6;5,42;5,42;;;;;;
RU000A10EAQ6;КРОНОС БО-01;200;14.12.2026;1000;RUB;1000;27;22,19;22,19;;;;;;
RU000A10EAM5;ГТЛК БО 001P-22;100;14.12.2026;100;USD;100;9,5;0,78;60,11;;;;;;
RU000A10DX69;СибАвтоТранс 001Р-07;300;14.12.2026;1000;RUB;1000;26;21,37;21,37;;;;;;
RU000A10DSX6;ТАЛЬВЕН БО-П01;563,406;14.12.2026;1000;RUB;1000;22;54,85;54,85;;;;;;
RU000A10DSV0;Совкомбанк Лизинг БО-П14;1750;14.12.2026;1000;RUB;1000;15,7;39,14;39,14;;;;;;
RU000A10DSU2;КЛВЗ КРИСТАЛЛ 001P-04;250;14.12.2026;1000;RUB;1000;23,5;58,59;58,59;;;;;;
RU000A10DHX9;ИНАРКТИКА 002Р-04;700;14.12.2026;1000;RUB;1000;15,75;12,95;12,95;;;;;;
RU000A10DHV3;ИНАРКТИКА 002Р-05;2300;14.12.2026;1000;RUB;1000;;;;;;;;;
RU000A10DHT7;ДельтаЛизинг 001Р-03;5500;14.12.2026;1000;RUB;1000;17,15;13,53;13,53;;;;;;
RU000A10D4P0;Южуралзолото 001P-05;40;14.12.2026;100;USD;100;9;0,74;57,03;;;;;;
RU000A10CH37;Денум Солюшнз 001Р-02;200;14.12.2026;1000;RUB;1000;24,5;20,14;20,14;;;;;;
RU000A10CH11;Полипласт АО П02-БО-09;36,25;14.12.2026;100;USD;100;11,25;0,92;70,9;;;;;;
RU000A10C5L7;Селигдар 001Р-04;12500;14.12.2026;1000;RUB;1000;19;15,62;15,62;;;;;;
RU000A10C5K9;Селигдар 001Р-05;1000;14.12.2026;1000;RUB;1000;;;;;;;;;
RU000A10C5J1;ТАЛАН-ФИНАНС БО 001Р-04;3000;14.12.2026;1000;RUB;1000;;;;;;;;;
RU000A10C5F9;ГруппаЧеркизово БО-002P-02;10000;14.12.2026;1000;RUB;1000;;;;;;;;;
RU000A10C5B8;Денум Солюшнз 001Р-01;100;14.12.2026;1000;RUB;1000;27;22,19;22,19;;;;;;
RU000A10BNM4;АБЗ-1 002P-03;2500;14.12.2026;1000;RUB;1000;25,5;20,96;20,96;;;;;;
RU000A10BNK8;ЭНЕРГОНИКА 001Р-06;300;14.12.2026;1000;RUB;1000;27;22,19;22,19;;;;;;
RU000A10BNF8;РусГидро (ПАО) БО-П13;15000;14.12.2026;1000;RUB;1000;17,35;14,26;14,26;;;;;;
RU000A10BG62;ГПБ Финанс 001Р-03Р;5000;14.12.2026;1000;RUB;1000;17,5;14,38;14,38;;;;;;
RU000A10BE07;АЛЬФА-Б C-1-676 (структурные);0;14.12.2026;1000;RUB;1000;0,01;0,15;0,15;;;;;;
RU000A10BDW4;АЛЬФА-Б C-1-672 (структурные);0;14.12.2026;1000;RUB;1000;0,01;0,15;0,15;;;;;;
RU000A10B4X6;СИБУР Холдинг 001Р-06;43000;14.12.2026;1000;RUB;1000;;;;;;;;;
RU000A10B4W8;СИБУР Холдинг 001Р-05;50000;14.12.2026;1000;RUB;1000;;;;;;;;;
RU000A10B4V0;ГруппаЧеркизово БО-002Р-01;500;14.12.2026;1000;CNY;1000;10,8;8,88;100,66;;;;;;
RU000A10B4U2;СИБУР Холдинг 001Р-04;50000;14.12.2026;1000;RUB;1000;;;;;;;;;
RU000A10B4T4;Пионер-Лизинг БО7;400;14.12.2026;1000;RUB;1000;21;17,26;17,26;;;;;;
RU000A10B354;ЭффТех 001P-02;360;14.12.2026;1000;RUB;1000;26,5;66,07;66,07;;;;;;
RU000A10AYH3;СберИОС 001Р-683R 5Г AC MOEX;370,767;14.12.2026;1000;RUB;1000;0,01;0,01;0,01;;;;;;
RU000A10AT92;СберИОС 001Р-678R 5Г BSKRUS;1599,334;14.12.2026;1000;RUB;1000;0,01;0,01;0,01;;;;;;
RU000A10AT35;ИКС 5 ФИНАНС 003P-11;15000;14.12.2026;1000;RUB;1000;17,25;14,18;14,18;;;;;;
RU000A10AFW1;ПАО Россети Моск.рег. БО1Р08;15000;14.12.2026;1000;RUB;1000;;;;;;;;;
RU000A10AFT7;ЭР-Телеком Холдинг ПБО-02-07;1200;14.12.2026;1000;RUB;1000;;;;;;;;;
RU000A10AC18;ТСГ Асача 001P-01;500;14.12.2026;1000;RUB;1000;;;;;;;;;
RU000A109VL8;Совкомбанк БО-П05;20507,209;14.12.2026;1000;RUB;1000;;;;;;;;;
RU000A109VK0;ВсеИнструменты.ру 001Р-03;500;14.12.2026;1000;RUB;1000;21,85;17,96;17,96;;;;;;
RU000A109VJ2;ВсеИнструменты.ру 001Р-02;4500;14.12.2026;1000;RUB;1000;;;;;;;;;
RU000A109JS8;Ростелеком ПАО 001P-11R;15000;14.12.2026;1000;RUB;1000;;;;;;;;;
RU000A108PZ2;Газпром нефть БО 003P-12R;2000;14.12.2026;1000;CNY;1000;7,75;19,32;219,01;;;;;;
RU000A108JV4;Газпром капитал БО-003Р-02;40000;14.12.2026;1000;RUB;1000;;;;;;;;;
RU000A1084E6;О'КЕЙ ООО БО 001Р-06;3500;14.12.2026;1000;RUB;1000;15,5;12,74;12,74;;;;;;
RU000A1084B2;Сэтл-Групп ООО БО 002P-03;12000;14.12.2026;1000;RUB;1000;17;13,97;13,97;;;;;;
RU000A108462;МФК Джой Мани 001P-02;250;14.12.2026;1000;RUB;1000;;;;;;;;;
RU000A107UW1;Газпром нефть БО 003P-10R;50000;14.12.2026;1000;RUB;1000;;;;;;;;;
RU000A107TL6;СОПФ ДОМ.РФ 9;5000;14.12.2026;1000;RUB;1000;;;;;;;;;
RU000A107E81;Биннофарм Групп 001Р-03;3000;14.12.2026;1000;RUB;1000;;;;;;;;;
RU000A107DS5;Межд.Банк Эк.Сотруд. 002P-02;5500;14.12.2026;1000;RUB;1000;;;;;;;;;
RU000A107A93;Сибнефтехимтрейд БО-03;223,407;14.12.2026;1000;RUB;1000;;;;;;;;;
RU000A1061K1;ЕвроТранс БО-001Р-03;5000;14.12.2026;1000;RUB;750;13,6;5,59;5,59;;;;;;
RU000A105XT5;АЛЬФА-Б C-1-70 (структурные);0;14.12.2026;1000;RUB;1000;0,01;0,15;0,15;;;;;;
RU000A102VR0;ГТЛК БО 002P-01;10000;14.12.2026;1000;RUB;1000;;;;;;;;;
RU000A102K39;РЕСО-Лизинг ООО БО-П-08;5000;14.12.2026;1000;RUB;1000;14;69,81;69,81;;;;;;
RU000A0ZYLU6;ДОМ.РФ (ПАО) БО 001P-01R;15000;14.12.2026;1000;RUB;1000;;;;;;;;;
RU000A10FDZ8;Магнит ПАО БО-005Р-06;61500;13.12.2026;1000;RUB;1000;;;;;;;;;
RU000A10FC62;ГМК Нор.никель БО-001Р-17;3000;13.12.2026;1000;CNY;1000;7,6;6,25;70,85;;;;;;
RU000A10FAP5;ВЭБ.РФ ПБО-002Р-59ПО;3530,03;13.12.2026;1000;RUB;1000;;36,82;36,82;;;;;;
RU000A10EW51;АБЗ-1 002P-06;4000;13.12.2026;1000;RUB;1000;17,5;14,38;14,38;;;;;;
RU000A10EW44;Полюс ПБО-05;340;13.12.2026;1000;USD;1000;7,75;6,37;490,88;;;;;;
RU000A10ELF6;Мобильные Телесистемы 002Р-17;10000;13.12.2026;1000;RUB;1000;;;;;;;;;
RU000A10EAC6;КАМАЗ ПАО БО-П20;6500;13.12.2026;1000;RUB;1000;15,95;13,11;13,11;;;;;;
RU000A10DWP4;ЦЕНТР-К БО-01;117;13.12.2026;1000;RUB;1000;22,5;18,49;18,49;;;;;;
RU000A10DWF5;Республика Башкортостан 24017;4000;13.12.2026;1000;RUB;1000;;;;;;;;;
RU000A10DG86;ТрансКонтейнер П02-02;9500;13.12.2026;1000;RUB;1000;;;;;;;;;
RU000A10DG78;ЛК АдвансТрак 001Р-01;500;13.12.2026;1000;RUB;1000;25;20,55;20,55;;;;;;
RU000A10DDR0;МКПАО ЯНДЕКС 001Р-03;40000;13.12.2026;1000;RUB;1000;;;;;;;;;
RU000A10CSG3;МЕТАЛЛОИНВЕСТ 002P-02;100;13.12.2026;100;USD;100;6,3;0,52;40,07;;;;;;
RU000A10CSD0;МКПАО ОК РУСАЛ БО-001Р-15;1900;13.12.2026;1000;CNY;1000;7,25;5,96;67,56;;;;;;
RU000A10CSA6;БИЗНЕС АЛЬЯНС 001P-08;119,494;13.12.2026;1000;RUB;1000;22;18,08;18,08;;;;;;
RU000A10CS83;Органик парк БО-П02;100;13.12.2026;1000;RUB;1000;21,75;17,88;17,88;;;;;;
RU000A10CS75;Аэрофлот П02-БО-02;30000;13.12.2026;1000;RUB;1000;;;;;;;;;
RU000A10C1V5;СФО РХА Инвест-Первый РХА-3;40000;13.12.2026;1000000;RUB;1000000;;;;;;;;;
RU000A10BZJ4;Балтийский лизинг ООО БО-П18;7500;13.12.2026;1000;RUB;1000;19;10,46;10,46;;;;;;
RU000A10BM56;АПРИ БО-002Р-10;500;13.12.2026;1000;RUB;1000;;;;;;;;;
RU000A10BG13;Ростелеком ПАО 001P-16R;15000;13.12.2026;1000;RUB;1000;17,65;14,51;14,51;;;;;;
RU000A10BG05;МегаФон ПАО БО-002Р-08;15000;13.12.2026;1000;RUB;1000;;;;;;;;;
RU000A10BFZ2;МегаФон ПАО БО-002Р-09;15000;13.12.2026;1000;RUB;1000;;;;;;;;;
RU000A10BFX7;ГК Самолет БО-П16;3000;13.12.2026;1000;RUB;1000;25,5;20,96;20,96;;;;;;
RU000A10AYB6;А Спэйс 001Р-02;150;13.12.2026;1000;RUB;1000;31;25,48;25,48;;;;;;
RU000A10AFB5;"ООО ""Мираторг Финанс"" 001Р-02";500;13.12.2026;1000;RUB;1000;;;;;;;;;
RU000A109LC8;РОЛЬФ БО 001Р-03;500;13.12.2026;1000;RUB;1000;;;;;;;;;
RU000A108CE5;Ю Ди Пи Авто БО-01;138,858;13.12.2026;1000;RUB;1000;18,25;15;15;;;;;;
RU000A108405;ХРОМОС Инжиниринг БО-01;500;13.12.2026;1000;RUB;1000;;;;;;;;;
RU000A106T85;КОНТРОЛ лизинг 001Р-01;1000;13.12.2026;1000;RUB;656,3;16,25;7,41;7,41;;;;;;
RU000A104V00;Пионер-Лизинг БР5;400;13.12.2026;1000;RUB;1000;22,54;18,53;18,53;;;;;;
RU000A0JV755;ИА АИЖК 2014-2 кл.А3;6459;13.12.2026;1000;RUB;61,13;10,5;;;;;;;;
RU000A10FDV7;Почта России 003P-07;7000;12.12.2026;1000;RUB;1000;16,95;13,93;13,93;;;;;;
RU000A10FDT1;Полюс ПБО-08;2100;12.12.2026;1000;CNY;1000;7,65;6,29;71,3;;;;;;
RU000A10FDS3;Полюс ПБО-10;1200;12.12.2026;1000;CNY;1000;7,65;6,29;71,3;;;;;;
RU000A10EVJ7;Газпром нефть 005Р-06R;100000;12.12.2026;1000;RUB;1000;;;;;;;;;
RU000A10EV78;Мобильные Телесистемы 002Р-19;15000;12.12.2026;1000;RUB;1000;13,85;11,38;11,38;;;;;;
RU000A10EL13;ПЭТ ПЛАСТ 001Р-02;150;12.12.2026;1000;RUB;1000;26;21,37;21,37;;;;;;
RU000A10EKZ6;Р-Вижн 001Р-03;500;12.12.2026;1000;RUB;1000;15,25;12,53;12,53;;;;;;
RU000A10EKY9;ЭкоНива 001P-02;6000;12.12.2026;1000;RUB;1000;;;;;;;;;
RU000A10EKX1;ЭнергоТехСервис 001Р-09;1000;12.12.2026;1000;RUB;1000;18;14,79;14,79;;;;;;
RU000A10DTW6;Пионер-Лизинг БО8;200;12.12.2026;1000;RUB;1000;28,5;23,42;23,42;;;;;;
RU000A10DTU0;ГЛАВСНАБ БО-02;106,767;12.12.2026;1000;RUB;1000;26,55;21,82;21,82;;;;;;
RU000A10DTT2;Совкомбанк Лизинг БО-П18;2000;12.12.2026;1000;RUB;1000;;;;;;;;;
RU000A10DTS4;Совкомбанк Лизинг БО-П17;5000;12.12.2026;1000;RUB;1000;16;13,15;13,15;;;;;;
RU000A10DTQ8;МИРРИКО БО-П06;145,756;12.12.2026;1000;RUB;1000;22,5;18,49;18,49;;;;;;
RU000A10DTP0;ПИР БО-05-001P;190;12.12.2026;1000;RUB;1000;27;22,19;22,19;;;;;;
RU000A10DMS9;Деп Финансов ЯНАО 34005;36000;12.12.2026;1000;RUB;1000;;;;;;;;;
RU000A10DFN4;Мобильные ТелеСистемы 002Р-14;17000;12.12.2026;1000;RUB;1000;;;;;;;;;
RU000A10CG79;МСП Банк 003P-02;5000;12.12.2026;1000;RUB;1000;;;;;;;;;
RU000A10C1U7;СФО РХА Инвест-Первый РХА-2;40000;12.12.2026;1000000;RUB;1000000;;;;;;;;;
RU000A10BU31;КАМАЗ ПАО БО-П15;11000;12.12.2026;1000;RUB;1000;18;14,79;14,79;;;;;;
RU000A10BU23;ГМК Нор.никель БО-001Р-11-CNY;3000;12.12.2026;1000;CNY;1000;;;;;;;;;
RU000A10BU07;Полипласт АО П02-БО-06;17;12.12.2026;100;USD;100;12,95;1,06;81,68;;;;;;
RU000A10BFP3;МВ ФИНАНС 001Р-06;2000;12.12.2026;1000;RUB;1000;26;21,37;21,37;;;;;;
RU000A10BF48;МКПАО ЯНДЕКС 001Р-01;40000;12.12.2026;1000;RUB;1000;;;;;;;;;
RU000A10AAU6;Минфин Амурской обл. 24001;2935,217;12.12.2026;1000;RUB;1000;;;;;;;;;
RU000A10A6J1;Адм. г.Томск 34009;1200;12.12.2026;1000;RUB;500;26;6,62;6,62;;;;;;
RU000A10A4S7;ФосАгро БО-02-01;30371,791;12.12.2026;1000;RUB;1000;;;;;;;;;
RU000A10A4N8;Интерлизинг 001Р-10;4500;12.12.2026;1000;RUB;680;;;;;;;;;
RU000A10A414;Первое кол.бюро НАО 001Р-06;1000;12.12.2026;1000;RUB;1000;;;;;;;;;
RU000A109UE5;Автоассистанс 001-01;16,546;12.12.2026;1000;RUB;1000;23;18,9;18,9;;;;;;
RU000A109UD7;Атомэнергопром АО 001Р-03;20000;12.12.2026;1000;RUB;1000;;;;;;;;;
RU000A109L49;АЛРОСА 001Р-01;45000;12.12.2026;1000;RUB;1000;;;;;;;;;
RU000A1098H9;С-ПРИНТ 001Р-02;150;12.12.2026;1000;RUB;1000;12;9,86;9,86;;;;;;
RU000A1092S9;Элемент Лизинг БО 001P-09;2000;12.12.2026;1000;RUB;362,9;18,5;3,41;3,41;;;;;;
RU000A108TU5;Джи-групп 002P-04;3000;12.12.2026;1000;RUB;1000;;;;;;;;;
RU000A108C74;РЕСО-Лизинг ООО БО-П-25;5000;12.12.2026;1000;RUB;1000;15,5;12,74;12,74;;;;;;
RU000A108C58;Элемент Лизинг БО 001P-08;3000;12.12.2026;1000;RUB;279,8;16;1,86;1,86;;;;;;
RU000A1085A1;СИНАРА-Капитал БО-01;1000;12.12.2026;1000;RUB;1000;15,2;12,49;12,49;;;;;;
RU000A107HG1;Газпром нефть БО 003P-08R;12000;12.12.2026;1000;RUB;1000;;;;;;;;;
RU000A101ZU7;ИА Абсолют 5 01;3003;12.12.2026;1000;RUB;122,47;6,35;;;;;;;;
RU000A10AA93;ОФЗ-ПК 29027 11/09/36;1000000;11.12.2026;1000;RUB;1000;;;;;;;;;
RU000A10F6J6;Кеарли Групп 001Р-02;120;11.12.2026;1000;RUB;1000;25;20,55;20,55;;;;;;
RU000A10F6H0;ПИР БО-06-001P;272,721;11.12.2026;1000;RUB;1000;25,5;20,96;20,96;;;;;;
RU000A10F6G2;Первое кол.бюро НАО 001Р-11;1800;11.12.2026;1000;RUB;1000;;;;;;;;;
RU000A10F6F4;Автодор ГК БО-004Р-08;10200;11.12.2026;1000;RUB;1000;14,9;12,25;12,25;;;;;;
RU000A10EV60;Интел Коллект БО-02;1000;11.12.2026;1000;RUB;1000;23,25;19,11;19,11;;;;;;
RU000A10EV52;ПКО СЗА БО-07;100;11.12.2026;1000;RUB;1000;25,5;20,96;20,96;;;;;;
RU000A10EK71;Борец Капитал 001Р-05;2500;11.12.2026;1000;RUB;1000;18,5;15,21;15,21;;;;;;
RU000A10EK63;АБ РОССИЯ 001P-02;17000;11.12.2026;1000;RUB;1000;;;;;;;;;
RU000A10EK06;Сэтл-Групп ООО БО 002P-07;5500;11.12.2026;1000;RUB;1000;16,5;13,56;13,56;;;;;;
RU000A10EJZ8;ЭкоНива 001P-01;9000;11.12.2026;1000;RUB;1000;16,75;13,77;13,77;;;;;;
RU000A10EJQ7;Атомэнергопром АО 001Р-11;50000;11.12.2026;1000;RUB;1000;14,7;36,65;36,65;;;;;;
RU000A10E721;Росагролизинг 002P-06;10000;11.12.2026;1000;RUB;1000;;;;;;;;;
RU000A10DTG9;ВТБ Лизинг 001Р-МБ-04;3000;11.12.2026;1000;RUB;840;16,5;10,31;10,31;;;;;;
RU000A10DTF1;Селигдар 001Р-08;5500;11.12.2026;1000;RUB;1000;18;14,79;14,79;;;;;;
RU000A10DTB0;ЭЛТЕРА БО-01;150;11.12.2026;1000;RUB;1000;21;17,26;17,26;;;;;;
RU000A10DTA2;Селигдар 001Р-9;2500;11.12.2026;1000;RUB;1000;;;;;;;;;
RU000A10DS74;Сбербанк ПАО 001Р-SBER51;100000;11.12.2026;1000;RUB;1000;14,85;12,21;12,21;;;;;;
RU000A10DS66;АЛЬФА-БАНК Б2Р30;1184,12;11.12.2026;1000;RUB;1000;14,5;11,92;11,92;;;;;;
RU000A10DM21;СберИОС 001Р-775R 3Y1M ОФЗ;176,791;11.12.2026;1000;RUB;1000;0,01;0,1;0,1;;;;;;
RU000A10D4F1;Россети ПАО БО 001P-18R;23500;11.12.2026;1000;RUB;1000;;;;;;;;;
RU000A10D4E4;Векус БО-01;300;11.12.2026;1000;RUB;1000;27;22,19;22,19;;;;;;
RU000A10CRJ9;Центр-резерв БО-05;150;11.12.2026;1000;RUB;1000;25;20,55;20,55;;;;;;
RU000A10CRG5;Феррум БП2;250;11.12.2026;1000;RUB;1000;23;18,9;18,9;;;;;;
RU000A10BTU4;ГМК Нор.никель БО-001Р-12;500;11.12.2026;100;USD;100;;;;;;;;;
RU000A10BTT6;УЛК 001Р-01;1000;11.12.2026;1000;RUB;1000;24,5;20,14;20,14;;;;;;
RU000A10BTQ2;Транспортная ЛК 001P-03;200;11.12.2026;1000;RUB;1000;23,5;15,3;15,3;;;;;;
RU000A10BLP1;Регион-Продукт БО-01;70;11.12.2026;1000;RUB;1000;31;25,48;25,48;;;;;;
RU000A10B4L1;ДЕВАР ПЕТРО 001Р-01;150;11.12.2026;1000;RUB;1000;29,5;24,25;24,25;;;;;;
RU000A10B4K3;ГМК Нор.никель БО-001Р-08;1000;11.12.2026;100;USD;100;7,75;0,64;49,32;;;;;;
RU000A10B4J5;Полипласт АО П02-БО-03;58;11.12.2026;100;USD;100;13,7;1,13;87,08;;;;;;
RU000A10B3Q2;Биннофарм Групп 001Р-05;6000;11.12.2026;1000;RUB;1000;;;;;;;;;
RU000A10B2X0;Синара Транспортные Машины 1P5;5000;11.12.2026;1000;RUB;1000;;;;;;;;;
RU000A10AXW4;СИБУР Холдинг 001Р-03;600;11.12.2026;100;USD;100;9,6;0,79;60,88;;;;;;
RU000A10ABK5;Селигдар SILV01;248,5;11.12.2026;994;RUB;1473,6;4;14,7;14,7;;;;;;
RU000A10A4C1;ЭНЕРГОНИКА 001Р-05;300;11.12.2026;1000;RUB;800;28;17,26;17,26;;;;;;
RU000A109U06;ДельтаЛизинг 001Р-01;1000;11.12.2026;1000;RUB;730;24,34;12,8;12,8;;;;;;
RU000A109TW9;ГМК Нор.никель БО-10;100000;11.12.2026;1000;RUB;1000;;;;;;;;;
RU000A1099V8;Совкомбанк Лизинг БО-П07;4804,71;11.12.2026;1000;RUB;780;;;;;;;;;
RU000A1092T7;Омега БО-01;470,228;11.12.2026;1000;RUB;1000;;;;;;;;;
RU000A108P46;Балтийский лизинг ООО БО-П11;6000;11.12.2026;1000;RUB;1000;;;;;;;;;
RU000A108C17;ПИР БО-02-001P;43,052;11.12.2026;1000;RUB;1000;24,5;20,14;20,14;;;;;;
RU000A108BX7;Татнефтехим 001-P-02;300;11.12.2026;1000;RUB;1000;20,5;33,7;33,7;;;;;;
RU000A1083A6;ГМК Нор.никель БО-001Р-07;100000;11.12.2026;1000;RUB;1000;;;;;;;;;
RU000A108124;РЖД БО 001P-31R;20000;11.12.2026;1000;RUB;1000;13,39;33,38;33,38;;;;;;
RU000A107W97;СберИОС 001Р-610R 5Г AC MOEXMM;620,247;11.12.2026;1000;RUB;1000;0,01;0,01;0,01;;;;;;
RU000A107P47;Центр-резерв БО-03;200;11.12.2026;1000;RUB;750;19;10,15;10,15;;;;;;
RU000A107NJ3;Лизинг-Трейд 001P-11;200;11.12.2026;1000;RUB;1000;16;13,15;13,15;;;;;;
RU000A107CD9;Балтийский лизинг ООО БО-П09;3000;11.12.2026;1000;RUB;250;15,9;1,63;1,63;;;;;;
RU000A106GQ4;АЛЬФА-Б C-1-147 (структурные);0;11.12.2026;1000;RUB;1000;0,01;0,3;0,3;;;;;;
RU000A106DP3;РЕСО-Лизинг ООО БО-П-22;14500;11.12.2026;1000;RUB;1000;13,1;65,32;65,32;;;;;;
RU000A105SK4;ЛК Роделен БО 001Р-04;250;11.12.2026;1000;RUB;633,7;20;7,68;7,68;;;;;;
RU000A105M91;Синара Транспортные Машины 1P3;10000;11.12.2026;1000;RUB;1000;18,5;46,12;46,12;;;;;;
RU000A1057D4;МЕТАЛЛОИНВЕСТ 001P-02;1000;11.12.2026;1000;CNY;1000;3,7;9,22;104,52;;;;;;
RU000A104XE0;Лизинг-Трейд 001P-04;100;11.12.2026;1000;RUB;1000;15;12,33;12,33;;;;;;
RU000A104A39;ИНК-Капитал 001Р-01;5000;11.12.2026;1000;RUB;1000;10,25;51,11;51,11;;;;;;
RU000A1044Y8;СберИОС 001Р-495R 5Г GAZP;903,57;11.12.2026;1000;RUB;1000;0,01;0,1;0,1;;;;;;
RU000A1044X0;СберИОС 001Р-496R 5Г IMOEX;246,075;11.12.2026;1000;RUB;1000;0,01;0,1;0,1;;;;;;
RU000A102S72;РЖД 001Б-08;24000;11.12.2026;1000000;RUB;1000000;16,74;83470,68;83470,68;;;;;;
RU000A102QP4;РЖД БО 001Р-21R;20000;11.12.2026;1000;RUB;1000;6,85;34,16;34,16;;;;;;
RU000A102GJ8;ГПБ (АО) БО 001Р-19Р;15000;11.12.2026;1000;RUB;1000;12,75;63,92;63,92;;;;;;
RU000A101P27;Республика Саха (Якутия) 35014;5500;11.12.2026;1000;RUB;400;6,49;4,85;4,85;;;;;;
RU000A1017J5;Газпром нефть БО 003Р-02R;20000;11.12.2026;1000;RUB;1000;7,15;17,83;17,83;;;;;;
RU000A0ZZAL5;ГТЛК БО 001P-11;150;11.12.2026;1000;USD;1000;0,1;0,25;19,27;;;;;;
RU000A0ZYLK7;Верхбак цемент завод 1P-1R;7600;11.12.2026;1000;RUB;1000;0,75;1,87;1,87;;;;;;
RU000A0JX355;ПАО НК Роснефть 001P-02;30000;11.12.2026;1000;RUB;1000;8;39,89;39,89;;;;;;
RU000A0JX2R1;ДОМ.РФ (ПАО) БО-05;5000;11.12.2026;1000;RUB;1000;;;;;;;;;
RU000A0JWTV5;ГосТранспортЛизингКомп 001P-01;4259,08;11.12.2026;1000;RUB;243;15,63;9,47;9,47;;;;;;
RU000A10F5F6;Пионер-Лизинг БО9;250;10.12.2026;1000;RUB;1000;26,5;21,78;21,78;;;;;;
RU000A10ETT0;Промсвязьбанк 004P-04;15000;10.12.2026;1000;RUB;1000;;;;;;;;;
RU000A10ETQ6;Промсвязьбанк 004P-02;40000;10.12.2026;1000;RUB;1000;14,05;11,55;11,55;;;;;;
RU000A10ETM5;ЭнергоТехСервис 001Р-10;1007,2;10.12.2026;1000;RUB;1000;;;;;;;;;
RU000A10ETL7;Ростелеком ПАО 001P-25R;15000;10.12.2026;1000;RUB;1000;13,65;11,22;11,22;;;;;;
RU000A10EA32;Почта России 003P-04;2300;10.12.2026;1000;RUB;1000;;;;;;;;;
RU000A10EA16;Почта России 003P-03;8700;10.12.2026;1000;RUB;1000;17,75;14,59;14,59;;;;;;
RU000A10EA08;Софтлайн 002Р-02;6600;10.12.2026;1000;RUB;1000;19,5;16,03;16,03;;;;;;
RU000A10E9Z7;МКАО Воксис 001Р-02;500;10.12.2026;1000;RUB;1000;20;16,44;16,44;;;;;;
RU000A10E9Y0;Газпром капитал ООО БО-003Р-18;250;10.12.2026;1000;USD;1000;7,5;6,16;474,7;;;;;;
RU000A10E9V6;ПЕРВОУРАЛЬСКБАНК 001Р-02;300;10.12.2026;1000;RUB;1000;21;15,03;15,03;;;;;;
RU000A10E804;Первое кол.бюро НАО 001Р-09;1250;10.12.2026;1000;RUB;1000;;;;;;;;;
RU000A10DT08;Газпром капитал ООО БО-003Р-20;3000;10.12.2026;1000;CNY;1000;7,4;6,08;68,92;;;;;;
RU000A10DSY4;Совко Капитал 001Р-01;10000;10.12.2026;1000;RUB;1000;19;15,62;15,62;;;;;;
RU000A10D483;Газпром нефть 005P-01R;210;10.12.2026;1000;USD;1000;7,5;6,16;474,7;;;;;;
RU000A10D459;Мобильные ТелеСистемы 002P-13;20000;10.12.2026;1000;RUB;1000;;;;;;;;;
RU000A10CRD2;ГМК Нор.никель БО-001Р-15;9000;10.12.2026;1000;CNY;1000;7,5;6,16;69,83;;;;;;
RU000A10CRC4;ГМК Нор.никель БО-001Р-14;850;10.12.2026;100;USD;100;6,4;0,53;40,84;;;;;;
RU000A10CRB6;Кокс ПАО 001P-06;800;10.12.2026;1000;RUB;1000;20,5;16,85;16,85;;;;;;
RU000A10CRA8;Гланит БО-01;7000;10.12.2026;1000;RUB;1000;;;;;;;;;
RU000A10CR92;КВАЗАРЛ-01;100;10.12.2026;1000;RUB;749,98;25;12,56;12,56;;;;;;
RU000A10C3P3;МИРРИКО БО-П04;55,118;10.12.2026;1000;RUB;1000;;;;;;;;;
RU000A10C3N8;МИРРИКО БО-П03;509,111;10.12.2026;1000;RUB;1000;22,5;18,49;18,49;;;;;;
RU000A10BTC2;Ростелеком ПАО 001P-18R;15000;10.12.2026;1000;RUB;1000;;;;;;;;;
RU000A10BTA6;РЖД БО 001P-43R;40000;10.12.2026;1000;RUB;1000;15,9;13,07;13,07;;;;;;
RU000A10B4F3;АгроЗерноЮгUSD 001Р-01;2;10.12.2026;10;USD;10;15;0,12;9,25;;;;;;
RU000A10B4D8;МЕТАЛЛОИНВЕСТ 001P-13;30000;10.12.2026;1000;RUB;1000;;;;;;;;;
RU000A10B4A4;Интерлизинг 001Р-11;4500;10.12.2026;1000;RUB;892;24;14,93;14,93;;;;;;
RU000A10B461;НСКАТД БО-03;1700;10.12.2026;1000;RUB;1000;26;21,37;21,37;;;;;;
RU000A10AHN6;Совкомбанк Факторинг 002P-01;20000;10.12.2026;1000;RUB;1000;;;;;;;;;
RU000A10AHM8;Совкомбанк Лизинг БО-П08;5000;10.12.2026;1000;RUB;1000;;;;;;;;;
RU000A10AEG7;Полипласт АО П02-БО-01;1000;10.12.2026;1000;RUB;1000;;;;;;;;;
RU000A10A6N3;СберИОС 001Р-662R 5Г AC IMOEX;120,655;10.12.2026;1000;RUB;1000;0,01;0,01;0,01;;;;;;
RU000A10A3Z4;ГТЛК БО 002P-04;10000;10.12.2026;1000;RUB;1000;25;20,55;20,55;;;;;;
RU000A1099P0;МФК Быстроденьги 002Р-07;124,579;10.12.2026;1000;RUB;1000;;;;;;;;;
RU000A108BN8;Газпром капитал БО-003Р-01;20000;10.12.2026;1000;RUB;1000;;;;;;;;;
RU000A1086N2;КОНТРОЛ лизинг 001Р-02;1000;10.12.2026;1000;RUB;808,2;18,25;10,85;10,85;;;;;;
RU000A1080Y2;Пушкинское ПЗ 001Р-03;200;10.12.2026;1000;RUB;1000;;;;;;;;;
RU000A107XD5;ВЭБ.РФ ПБО-002Р-44;30000;10.12.2026;1000;RUB;1000;15,2;75,79;75,79;;;;;;
RU000A107GU4;МФК Быстроденьги 002Р-04;366,644;10.12.2026;1000;RUB;1000;22,5;18,49;18,49;;;;;;
RU000A107GT6;СЕЛЛ-Сервис БО-01;250;10.12.2026;1000;RUB;1000;24;18,25;18,25;;;;;;
RU000A107DM8;Росагролизинг 001P-04;5000;10.12.2026;1000;RUB;1000;16,5;82,27;82,27;;;;;;
RU000A107D33;ВИС ФИНАНС БО-П05;2000;10.12.2026;1000;RUB;1000;;;;;;;;;
RU000A1074S7;СберИОС 001Р-591R 5Г AC MOEXOG;520,483;10.12.2026;1000;RUB;1000;0,01;0,01;0,01;;;;;;
RU000A106SE5;Фордевинд 04;300;10.12.2026;1000;RUB;1000;17;7,01;7,01;;;;;;
RU000A106FN3;СПМК БО-02;300;10.12.2026;1000;RUB;1000;14,4;26,63;26,63;;;;;;
RU000A106D59;Межд.Банк Эк.Сотруд. 002P-01;1700;10.12.2026;1000;RUB;1000;13,5;33,66;33,66;;;;;;
RU000A106AU9;Ультра БО-01;250;10.12.2026;1000;RUB;520;20;5,92;5,92;;;;;;
RU000A105YB1;Группа компаний Медси 001P-02;3000;10.12.2026;1000;RUB;1000;13;32,41;32,41;;;;;;
RU000A105M67;ГруппаЧеркизово БО-001Р-06;10000;10.12.2026;1000;RUB;1000;11,3;28,17;28,17;;;;;;
RU000A104A05;Интерскол КЛС БО-01;61,46;10.12.2026;1000;RUB;1000;13,5;33,66;33,66;;;;;;
RU000A101TB0;ВЭБ.РФ ПБО-001Р-19;15000;10.12.2026;1000;RUB;1000;6,59;32,86;32,86;;;;;;
RU000A101780;РОСЭКСИМБАНК 002P-01;10000;10.12.2026;1000;RUB;1000;14,5;72,3;72,3;;;;;;
RU000A0ZZZ17;Нижнекамскнефтехим об. 001Р-01;15000;10.12.2026;1000;RUB;1000;15,7;78,28;78,28;;;;;;
RU000A0ZYLG5;ПАО НК Роснефть 002P-03;30000;10.12.2026;1000;RUB;1000;14,95;74,55;74,55;;;;;;
RU000A0ZYGG5;Трансп.Концесс.Комп. ООО кл.A4;3752;10.12.2026;1000;RUB;32,06;17,92;5,75;5,75;;;;;;
RU000A0JX2Q3;"ПАО ""АНК ""Башнефть"" БО-10";5000;10.12.2026;1000;RUB;1000;17;84,77;84,77;;;;;;
RU000A0JX2M2;РОСЭКСИМБАНК АО БО-001P-01;150;10.12.2026;1000;USD;1000;8;39,89;3073,97;;;;;;
RU000A0JX2L4;"ЗАО ""КРАУС-М"" БО 001P-01";1000;10.12.2026;1000;RUB;1000;10;49,86;49,86;;;;;;
RU000A0JW126;КАМАЗ ПАО БО-13;5000;10.12.2026;1000;RUB;1000;10,39;51,81;51,81;;;;;;
RU000A10FD20;ВЭБ.РФ ПБО-002Р-60;10000;09.12.2026;1000;RUB;1000;;;;;;;;;
RU000A10FCX5;Тбанк ИС-1-5 (структурные);0;09.12.2026;1000;RUB;1000;0,01;0,05;0,05;;;;;;
RU000A10F595;Транспортная ЛК 001P-05;250;09.12.2026;1000;RUB;1000;26;21,37;21,37;;;;;;
RU000A10ET56;Россети Сибирь 001Р-01;5000;09.12.2026;1000;RUB;1000;;;;;;;;;
RU000A10E9M5;Защита онлайн БО-02;200;09.12.2026;1000;RUB;1000;26;21,37;21,37;;;;;;
RU000A10DQA8;ОФЗ-ПД 12156121V 01/06/33;8000;09.12.2026;10000;CNY;10000;7;349,04;3956,68;;;;;;
RU000A10DQ92;СИНАРА-Капитал 001К-02;15000;09.12.2026;1000;RUB;1000;16,5;41,14;41,14;;;;;;
RU000A10DMD1;Банк ВТБ (ПАО) Б-1-386;266,529;09.12.2026;1000;RUB;1000;0,01;0,1;0,1;;;;;;
RU000A10DEQ0;Полипласт АО П02-БО-12;10;09.12.2026;100;USD;100;12,5;1,03;79,37;1;;7725,99;Tn;;
RU000A10D3X6;Селигдар 001Р-07;4800;09.12.2026;1000;RUB;1000;;;;;;;;;
RU000A10D3T4;ПКО СЗА БО-04;100;09.12.2026;1000;RUB;1000;24,5;20,14;20,14;;;;;;
RU000A10D3S6;Селигдар 001Р-06;2700;09.12.2026;1000;RUB;1000;18,5;15,21;15,21;;;;;;
RU000A10D3P2;Южноуральский ЛЦ 001Р-01;208,151;09.12.2026;1000;RUB;1000;24;18,91;18,91;;;;;;
RU000A10D3G1;Гельтек-Медика БО-01;500;09.12.2026;1000;RUB;1000;22;18,08;18,08;;;;;;
RU000A10CR50;ГТЛК БО 002P-10;30000;09.12.2026;1000;RUB;1000;;;;;;;;;
RU000A10CPB0;Электроаппарат БО-03;100;09.12.2026;1000;RUB;1000;21;52,36;52,36;;;;;;
RU000A10C3B3;МФК Быстроденьги 003Р-01;400;09.12.2026;1000;RUB;1000;27;22,19;22,19;;;;;;
RU000A10BT34;Россети ПАО БО 001P-17R;15000;09.12.2026;1000;RUB;1000;16;13,15;13,15;;;;;;
RU000A10BT00;СОБИ-ЛИЗИНГ 001Р-06;76,737;09.12.2026;1000;RUB;730;;;;;;;;;
RU000A10BPV0;Совкомбанк Лизинг БО-П10;10000;09.12.2026;1000;RUB;1000;;;;;;;;;
RU000A10BFM0;Газпром капитал БО-003Р-13;350;09.12.2026;1000;USD;1000;7,65;6,29;484,71;;;;;;
RU000A10BFL2;Новые технологии 001Р-06;1000;09.12.2026;1000;RUB;1000;;;;;;;;;
RU000A10BFK4;Новые технологии 001Р-05;400;09.12.2026;1000;RUB;1000;23,25;19,11;19,11;;;;;;
RU000A10BFJ6;Полипласт АО П02-БО-04;2250;09.12.2026;1000;RUB;1000;25,5;20,96;20,96;;;;;;
RU000A10B313;Брусника 002Р-05;3000;09.12.2026;1000;RUB;1000;;;;;;;;;
RU000A10AEF9;"ПАО ""ТГК-14"" 001Р-03";150;09.12.2026;1000;RUB;1000;26,5;21,78;21,78;;;;;;
RU000A10AEE2;"ПАО ""ТГК-14"" 001Р-04";150;09.12.2026;1000;RUB;1000;;;;;;;;;
RU000A10AEB8;РусГидро БО-002Р-05;20500;09.12.2026;1000;RUB;1000;;;;;;;;;
RU000A109L72;Республика Саха (Якутия) 35016;6800;09.12.2026;1000;RUB;800;;;;;;;;;
RU000A109KW8;Нижнекамскнефтехим об. 001Р-03;7500;09.12.2026;1000;RUB;1000;;;;;;;;;
RU000A109KV0;МСП Банк 001P-02;7500;09.12.2026;1000;RUB;1000;;;;;;;;;
RU000A1090H6;Пионер-Лизинг БО6;400;09.12.2026;1000;RUB;1000;21,59;17,75;17,75;;;;;;
RU000A108GM9;БИЗНЕС АЛЬЯНС 001P-05;38,163;09.12.2026;1000;RUB;1000;16;13,15;13,15;;;;;;
RU000A108777;Балтийский лизинг ООО БО-П10;8000;09.12.2026;1000;RUB;1000;;;;;;;;;
RU000A107GJ7;ВсеИнструменты.ру 001Р-01;4000;09.12.2026;1000;RUB;1000;;;;;;;;;
RU000A107217;АРЕНЗА-ПРО 001P-03;300;09.12.2026;1000;RUB;1000;;;;;;;;;
RU000A106Y88;МФК ВЭББАНКИР 04;350;09.12.2026;1000;RUB;750,1;15;4,11;4,11;;;;;;
RU000A1043T0;Банк ВТБ (ПАО) Б-1-273;59,336;09.12.2026;1000;RUB;1000;0,01;0,02;0,02;;;;;;
RU000A1043P8;Банк ВТБ (ПАО) Б-1-274;30,528;09.12.2026;1000;RUB;1000;0,01;0,02;0,02;;;;;;
RU000A1038M5;ГТЛК БО 001P-20;7000;09.12.2026;1000;RUB;1000;;;;;;;;;
RU000A102HX7;Концерн РОССИУМ ООО 002P-03;10000;09.12.2026;1000;RUB;1000;16,25;81,03;81,03;;;;;;
RU000A102HU3;УОМЗ ПО АО БО-П02;1500;09.12.2026;1000;RUB;1000;0,1;0,5;0,5;;;;;;
RU000A0ZZ7C0;ДОМ.РФ ПАО 001Р-04R;25000;09.12.2026;1000;RUB;1000;14;69,81;69,81;;;;;;
RU000A0ZYAP9;ГосТранспортЛизингКомп 001P-06;20000;09.12.2026;1000;RUB;513,59;;;;;;;;;
RU000A0P1UF6;Банк ВТБ С-1-843 (структурные);0;09.12.2026;1000;RUB;1000;0,01;0,3;0,3;;;;;;
RU000A10FDD5;Электроаппарат БО-04;150;08.12.2026;1000;RUB;1000;17,5;43,15;43,15;;;;;;
RU000A10FAM2;СберИОС 001Р-803R 6M ОФЗ ДИС;23,745;08.12.2026;1000;RUB;1000;0,01;0,05;0,05;;;;;;
RU000A10EJR5;Арлифт 001Р-01;700;08.12.2026;1000;RUB;1000;23,5;19,32;19,32;;;;;;
RU000A10EJ90;Сбербанк ПАО 001Р-SBER54;9000;08.12.2026;1000;RUB;1000;14,2;11,67;11,67;;;;;;
RU000A10EF52;Сбербанк ПАО 001Р-SBER52;71000;08.12.2026;1000;RUB;1000;14,2;11,67;11,67;;;;;;
RU000A10E8P0;РЖД БО 001P-51R;4000;08.12.2026;1000;CNY;1000;7,6;6,25;70,85;;;;;;
RU000A10E8N5;Мобильные ТелеСистемы 002Р-16;20000;08.12.2026;1000;RUB;1000;;;;;;;;;
RU000A10DBP8;АЛЬФА-БАНК T2-CR-04;10000;08.12.2026;100000000;RUB;100000000;;;;;;;;;
RU000A10D3K3;Почта России 003P-02;3930;08.12.2026;1000;RUB;1000;;;;;;;;;
RU000A10D3J5;Почта России 003P-01;4770;08.12.2026;1000;RUB;1000;17,2;14,14;14,14;;;;;;
RU000A10D3C0;РусГидро БО-002Р-08;30000;08.12.2026;1000;RUB;1000;15,45;12,7;12,7;;;;;;
RU000A10D3B2;РусГидро БО-002Р-09;5000;08.12.2026;1000;RUB;1000;;;;;;;;;
RU000A10D3A4;Элемент Лизинг БО 001P-10;1500;08.12.2026;1000;RUB;903,4;;;;;;;;;
RU000A10CFH8;МОНОПОЛИЯ 001P-07;1375;08.12.2026;1000;RUB;1000;23;18,9;18,9;;;;;;
RU000A10BN71;АЛЬФА-Б С-1-708 структурные;0;08.12.2026;1000;RUB;1000;0,01;0,1;0,1;;;;;;
RU000A10B3Z3;ЕвразХолдинг Финанс 003P-03;450;08.12.2026;100;USD;100;9,5;0,78;60,11;;;;;;
RU000A10B271;Банк ВТБ (ПАО) Б-1-374;100000;08.12.2026;1000;RUB;1000;;;;;;;;;
RU000A10ADJ3;ЭнергоТехСервис 001Р-06;1000;08.12.2026;1000;RUB;700;;;;;;;;;
RU000A10ADH7;Нафтатранс плюс ООО БО-06;250;08.12.2026;1000;RUB;1000;30;19,73;19,73;;;;;;
RU000A10ADD6;НСКАТД БО-02;500;08.12.2026;1000;RUB;1000;29;23,84;23,84;;;;;;
RU000A10ACF3;ВЭБ.РФ ПБО-002Р-48;100000;08.12.2026;1000;RUB;1000;;;;;;;;;
RU000A10ABH1;Банк ВТБ (ПАО) Б-1-373;100000;08.12.2026;1000;RUB;1000;;;;;;;;;
RU000A109KG1;Нэппи Клаб БО-01;150;08.12.2026;1000;RUB;1000;25,25;20,75;20,75;;;;;;
RU000A1099E4;Мособлэнерго 001Р-01;3500;08.12.2026;1000;RUB;1000;;;;;;;;;
RU000A1099A2;НоваБев Групп 002P БО-П07;4000;08.12.2026;1000;RUB;1000;;;;;;;;;
RU000A1093L2;ВЭБ.РФ ПБО-002Р-46;45000;08.12.2026;1000;RUB;1000;;;;;;;;;
RU000A108RM6;МСП Банк 001P-01;5000;08.12.2026;1000;RUB;1000;0,01;0,02;0,02;;;;;;
RU000A108JC4;АВТОБАН-Финанс АО БО-П05;5000;08.12.2026;1000;RUB;1000;15;74,79;74,79;;;;;;
RU000A108B83;ОилРесурс БО-01;1000;08.12.2026;1000;RUB;1000;17;13,97;13,97;;;;;;
RU000A108421;СберИОС 001Р-616R 5Г AC RTKM;214,355;08.12.2026;1000;RUB;1000;0,01;0,01;0,01;;;;;;
RU000A108413;СберИОС 001Р-615R 5Г AC TCSG;898,986;08.12.2026;1000;RUB;1000;0,01;0,01;0,01;;;;;;
RU000A107YT9;Агрофирма Рубеж 001Р-02;500;08.12.2026;1000;RUB;1000;18,5;46,12;46,12;;;;;;
RU000A107WL0;ИКС 5 ФИНАНС 003P-04;10000;08.12.2026;1000;RUB;1000;;;;;;;;;
RU000A107U65;МФК ВЭББАНКИР 05;150;08.12.2026;1000;RUB;1000;16;9,86;9,86;;;;;;
RU000A107985;СберИОС 001Р-595R 5Г AC MOEXFN;1684,274;08.12.2026;1000;RUB;1000;0,01;0,01;0,01;;;;;;
RU000A106K43;РЖД БО 001Р-26R;30000;08.12.2026;1000;RUB;1000;;;;;;;;;
RU000A105LS2;Реиннольц 001Р-02;100;08.12.2026;1000;RUB;400;18;17,95;17,95;;;;;;
RU000A103PG3;Славнефть БО 002Р-02;10000;08.12.2026;1000;RUB;1000;7,75;19,32;19,32;;;;;;
RU000A103PD0;Славнефть БО 002Р-01;5000;08.12.2026;1000;RUB;1000;7,75;19,32;19,32;;;;;;
RU000A102HA5;МСП Банк С01;720;08.12.2026;10000000;RUB;10000000;15;747945,21;747945,21;;;;;;
RU000A102H34;Ставропольский край 35004;10000;08.12.2026;1000;RUB;250;6,2;1,55;1,55;;;;;;
RU000A101T72;Аптечная сеть 36,6 002P-01;10000;08.12.2026;1000;RUB;1000;17,5;87,26;87,26;;;;;;
RU000A101T64;Славнефть БО 001Р-01;10000;08.12.2026;1000;RUB;1000;18,25;45,5;45,5;;;;;;
RU000A101T56;РОСЭКСИМБАНК 002P-02;10000;08.12.2026;1000;RUB;1000;18,4;91,75;91,75;;;;;;
RU000A0JXTY7;ПАО ТМК 001P-04;9900;08.12.2026;1000;RUB;1000;14;69,81;69,81;;;;;;
RU000A0JX2B5;КАМАЗ ПАО БО-15;5000;08.12.2026;1000;RUB;1000;9,63;48,02;48,02;;;;;;
RU000A10FD46;Ред Софт БО 002Р-06;450;07.12.2026;1000;RUB;1000;16,75;13,77;13,77;;;;;;
RU000A10FD04;Сибирское Стекло БО-04;250;07.12.2026;1000;RUB;1000;25,5;20,96;20,96;;;;;;
RU000A10EJA1;Газпром нефть 005P-05R;50000;07.12.2026;1000;RUB;1000;;;;;;;;;
RU000A10EEE4;Балтийский лизинг ООО БО-П24;2200;07.12.2026;1000;RUB;1000;18;14,79;14,79;;;;;;
RU000A10E7U2;ПКФ 001Р-01;300;07.12.2026;1000;RUB;1000;26,5;21,78;21,78;;;;;;
RU000A10DSM9;ПГК 003Р-03;8650;07.12.2026;1000;RUB;1000;;;;;;;;;
RU000A10DSL1;ПГК 003Р-02;23200;07.12.2026;1000;RUB;1000;15,95;13,11;13,11;;;;;;
RU000A10DQK7;АБЗ-1 002P-05;2500;07.12.2026;1000;RUB;1000;;;;;;;;;
RU000A10DDU4;Магнит ПАО БО-005Р-04;20000;07.12.2026;1000;RUB;1000;;;;;;;;;
RU000A10D319;Уралкуз 001Р-02;30,74;07.12.2026;100;CNY;100;13;1,07;12,13;;;;;;
RU000A10D301;ЭН+ГИДРО 001РС-08;1000;07.12.2026;1000;CNY;1000;7,8;6,41;72,66;1;AA-;;;;
RU000A10D2Y6;Уральская Сталь БО-001Р-06;2388,018;07.12.2026;1000;RUB;1000;20,5;16,85;16,85;;;;;;
RU000A10CDZ5;РЖД БО 001P-45R;30000;07.12.2026;1000;RUB;1000;13,85;11,38;11,38;;;;;;
RU000A10CC99;Межд.Банк Эк.Сотруд. 002P-04;6000;07.12.2026;1000;RUB;1000;14,65;12,04;12,04;;;;;;
RU000A10C6C4;ГПБ Финанс 001Р-04Р;10000;07.12.2026;1000;RUB;1000;;;;;;;;;
RU000A10C329;iПРОМОМЕД ДМ 002P-02;5000;07.12.2026;1000;RUB;1000;;;;;;;;;
RU000A10C2L4;Сэтл-Групп ООО БО 002P-06;5000;07.12.2026;1000;RUB;1000;19,5;16,03;16,03;;;;;;
RU000A10BN55;АЛЬФА-Б С-1-706 структурные;0;07.12.2026;1000;RUB;1000;0,01;0,1;0,1;;;;;;
RU000A10BLG0;Интерскол КЛС БО-001Р-01;39,5;07.12.2026;100;CNY;95,83;17;1,05;11,9;;;;;;
RU000A10B3C2;ВЭБ.РФ ПБО-002Р-49;100000;07.12.2026;1000;RUB;1000;;;;;;;;;
RU000A10B3A6;Атомэнергопром АО 001Р-04;20000;07.12.2026;1000;RUB;1000;;;;;;;;;
RU000A10AYJ9;Росагролизинг 002P-05;8000;07.12.2026;1000;RUB;1000;;;;;;;;;
RU000A10AMY3;ЛКХ-01;50;07.12.2026;1000;RUB;1000;31;25,48;25,48;;;;;;
RU000A10AGD9;АЛЬФА-Б C-1-563 (структурные);0;07.12.2026;1000;RUB;1000;0,01;0,18;0,18;;;;;;
RU000A10AC91;Республика Башкортостан 34014;10500;07.12.2026;1000;RUB;750;23,75;14,64;14,64;;;;;;
RU000A109QB9;АЛЬФА-Б C-1-507 (структурные);0;07.12.2026;1000;RUB;1000;0,01;0,15;0,15;;;;;;
RU000A109Q02;АЛЬФА-Б C-1-496 (структурные);0;07.12.2026;1000;RUB;1000;0,01;0,2;0,2;;;;;;
RU000A109K65;Газпром капитал БО-003Р-04;20000;07.12.2026;1000;RUB;1000;;;;;;;;;
RU000A109A34;СберИОС 001Р-644R 5Г AC IMOEX;22,486;07.12.2026;1000;RUB;1000;0,01;0,01;0,01;;;;;;
RU000A108QG0;СФО БКС Структурные Ноты 35;80,86;07.12.2026;1000;RUB;1000;0,01;0,2;0,2;;;;;;
RU000A108EW3;АЛЬФА-Б C-1-391 (структурные);0;07.12.2026;1000;RUB;1000;0,01;0,25;0,25;;;;;;
RU000A108D40;Банк ВТБ С-1-1097(структурные);0;07.12.2026;1000;RUB;1000;0,01;0,25;0,25;;;;;;
RU000A1082X0;Группа ЛСР ПАО БО 001Р-09;3000;07.12.2026;1000;RUB;1000;14,75;12,12;12,12;;;;;;
RU000A1082W2;Новые технологии БO-03;661,752;07.12.2026;1000;RUB;1000;18,1;14,88;14,88;;;;;;
RU000A1078X8;ДиректЛизинг БО 002Р-02;300;07.12.2026;1000;RUB;482,3;;;;;;;;;
RU000A106XR7;СберИОС 001Р-588R 5Г AC MOEXFN;1499,975;07.12.2026;1000;RUB;1000;0,01;0,01;0,01;;;;;;
RU000A106M09;СберИОС 001Р-579R 5Г AC MOEX;1642,829;07.12.2026;1000;RUB;1000;0,01;0,02;0,02;;;;;;
RU000A1040U4;СберИОС 001Р-489R 5Г ИФН;67,047;07.12.2026;1000;RUB;1000;0,01;0,5;0,5;;;;;;
RU000A1040T6;СберИОС 001Р-488R 5Г ТЕХ;419,058;07.12.2026;1000;RUB;1000;0,01;0,5;0,5;;;;;;
RU000A103TS0;ТЕХНО Лизинг 001P-05;423,874;07.12.2026;1000;RUB;850;11,5;7,56;7,56;;;;;;
RU000A103P33;АФК Система БО 001P-22;15000;07.12.2026;1000;RUB;1000;8,2;20,44;20,44;;;;;;
RU000A101RJ7;Межд.Банк Эк.Сотруд. 001P-02;5000;07.12.2026;1000;RUB;1000;16,4;81,78;81,78;;;;;;
RU000A101J33;"ПАО ""ПСБ"" обл.16";14080;07.12.2026;10000000;RUB;10000000;2,5;62328,77;62328,77;;;;;;
RU000A1018T2;ДОМ.РФ Ипотечный агент 13-002P;96608,082;07.12.2026;1000;RUB;164,47;;;;;;;;;
RU000A0ZZY59;Россельхозбанк АО 11В1;50;07.12.2026;1000;USD;1000;9;44,88;3458,5;;;;;;
RU000A0P1WZ0;Банк ВТБ С-1-908 (структурные);0;07.12.2026;1000;RUB;1000;0,01;0,27;0,27;;;;;;
RU000A0P1VB3;АЛЬФА-Б C-1-293 (структурные);0;07.12.2026;1000;RUB;1000;0,01;0,27;0,27;;;;;;
RU000A10F397;СФО ТБ-8 класс А1;24000;06.12.2026;1000;RUB;1000;16;13,15;13,15;;;;;;
RU000A10EST2;Эталон-Финанс 002Р-05;4500;06.12.2026;1000;RUB;1000;20;16,44;16,44;;;;;;
RU000A10ESN5;ПКО Вернём 1Р2;150;06.12.2026;1000;RUB;1000;25,5;20,96;20,96;;;;;;
RU000A10ESM7;Мобильные Телесистемы 002Р-18;15000;06.12.2026;1000;RUB;1000;13,9;11,42;11,42;;;;;;
RU000A10EHJ6;ГК Пионер БО 002P-03;4600;06.12.2026;1000;RUB;1000;;;;;;;;;
RU000A10EHC1;ГИДРОМАШСЕРВИС АО 002Р-01;4000;06.12.2026;1000;RUB;1000;;;;;;;;;
RU000A10EHB3;МФК Лайм-Займ 06;2000;06.12.2026;1000;RUB;1000;23,5;19,32;19,32;;;;;;
RU000A10E7W8;МЕТАЛЛОИНВЕСТ 002P-04;75000;06.12.2026;1000;RUB;1000;;;;;;;;;
RU000A10DRZ3;СОЛИД СпецАвтоТехЛизинг 02;250;06.12.2026;1000;RUB;1000;26;20,94;20,94;;;;;;
RU000A10DRX8;ЗООПТ БО-01;200;06.12.2026;1000;RUB;1000;24;19,73;19,73;;;;;;
RU000A10DDH1;ЭН ПЛЮС ГИДРО 001РС-09;1000;06.12.2026;100000;CNY;100000;7,8;641,1;7267,45;;;;;;
RU000A10DDG3;Динтег БО-01;250;06.12.2026;1000;RUB;1000;28;23,01;23,01;;;;;;
RU000A10CQE2;ВТБ Лизинг 001Р-МБ-03;3000;06.12.2026;1000;RUB;751;15,5;8,51;8,51;;;;;;
RU000A10CQA0;Полипласт АО П02-БО-10;270;06.12.2026;100;CNY;100;11,95;0,98;11,11;;;;;;
RU000A10CQ93;КАМАЗ ПАО БО-П17;6500;06.12.2026;1000;RUB;1000;;;;;;;;;
RU000A10CQ85;Мобильные ТелеСистемы 001P-29;15000;06.12.2026;1000;RUB;1000;14;11,51;11,51;;;;;;
RU000A10CQ77;КАМАЗ ПАО БО-П16;3500;06.12.2026;1000;RUB;1000;14,9;12,25;12,25;;;;;;
RU000A10CCN3;О'КЕЙ ООО БО 001Р-08;3000;06.12.2026;1000;RUB;1000;16,9;13,89;13,89;;;;;;
RU000A10CC32;Балтийский лизинг ООО БО-П19;10000;06.12.2026;1000;RUB;1000;17;9,36;9,36;;;;;;
RU000A10BBW8;Газпром капитал ООО БО-001Р-12;350;06.12.2026;1000;EUR;1000;7,75;6,37;556,76;;;;;;
RU000A10AV98;Мобильные ТелеСистемы 001P-28;20000;06.12.2026;1000;RUB;1000;13,25;10,89;10,89;;;;;;
RU000A109T74;АйДи Коллект 001P-02;300;06.12.2026;1000;RUB;664;;;;;;;;;
RU000A109JZ3;МКПАО ОК РУСАЛ БО-001P-10;10000;06.12.2026;1000;RUB;1000;;;;;;;;;
RU000A109JY6;МКПАО ОК РУСАЛ БО-001P-11;10000;06.12.2026;1000;RUB;1000;;;;;;;;;
RU000A109JX8;ЛАЗЕРНЫЕ СИСТЕМЫ-01;200;06.12.2026;1000;RUB;1000;;;;;;;;;
RU000A1090A1;ТАЛКлизинг001P-02;9,526;06.12.2026;1000;RUB;520;18,25;4,8;4,8;;;;;;
RU000A109098;Группа Позитив 001Р-01;5000;06.12.2026;1000;RUB;1000;;;;;;;;;
RU000A109080;Газпром капитал БО-002Р-15;20000;06.12.2026;1000;RUB;1000;;;;;;;;;
RU000A1082Q4;Банк ВТБ ЗО-Т1;1698,421;06.12.2026;1000;USD;1000;9,5;47,5;3660,4;;;;;;
RU000A1082M3;Рекорд Трейд БО-01;169,269;06.12.2026;1000;RUB;1000;20;16,44;16,44;;;;;;
RU000A1082K7;МФК ВЭББАНКИР 06;350;06.12.2026;1000;RUB;1000;20;13,7;13,7;;;;;;
RU000A107G63;ДжетЛенд БО-01;80;06.12.2026;1000;RUB;1000;21;17,26;17,26;;;;;;
RU000A107480;Лизинг-Трейд 001P-10;200;06.12.2026;1000;RUB;1000;15;11,82;11,82;;;;;;
RU000A10FC96;Борец Капитал 001Р-07;4200;05.12.2026;1000;RUB;1000;17,75;14,59;14,59;;;;;;
RU000A10FC88;Патриот Групп 001Р-03;300;05.12.2026;1000;RUB;1000;24;19,73;19,73;;;;;;
RU000A10ESF1;ФДВ Факторинг 001P-01;300;05.12.2026;1000;RUB;1000;23;18,9;18,9;;;;;;
RU000A10DRV2;Защита онлайн БО-01;200;05.12.2026;1000;RUB;1000;26,5;21,78;21,78;;;;;;
RU000A10DRE8;Бустер.Ру БО-02;200;05.12.2026;1000;RUB;1000;24,25;19,93;19,93;;;;;;
RU000A10DF38;СФО ВТБ РКС Эталон 07;42500;05.12.2026;1000;RUB;659,26;17,8;6,13;6,13;;;;;;
RU000A10CCG7;iКаршеринг Руссия 001P-07;1500;05.12.2026;1000;RUB;1000;18,25;15;15;;;;;;
RU000A10CCB8;ПКО СЗА БО-03;100;05.12.2026;1000;RUB;1000;25;20,55;20,55;;;;;;
RU000A10AV23;РЕСО-Лизинг ООО БО-П-16;5000;05.12.2026;1000;RUB;1000;14,6;12;12;;;;;;
RU000A108Q78;Кеарли Групп 001Р-01;129,456;05.12.2026;1000;RUB;1000;21;12,95;12,95;;;;;;
RU000A107ST1;АРЕНЗА-ПРО 001P-04;400;05.12.2026;1000;RUB;1000;;;;;;;;;
RU000A107FN1;ТЕХНО Лизинг 001Р-06;300;05.12.2026;1000;RUB;1000;17;13,97;13,97;;;;;;
RU000A107FG5;Транс-Миссия БО-02;300;05.12.2026;1000;RUB;1000;30;23,42;23,42;;;;;;
RU000A1078K5;Ультра БО-02;100;05.12.2026;1000;RUB;1000;18,75;15,41;15,41;;;;;;
RU000A10A7D2;ОФЗ-ПК 29026 04/09/38;1000000;04.12.2026;1000;RUB;1000;;;;;;;;;
RU000A10FBR9;КЛВЗ КРИСТАЛЛ 001P-05;200;04.12.2026;1000;RUB;1000;21;52,36;52,36;;;;;;
RU000A10F512;iКаршеринг Руссия 001P-08;1201,521;04.12.2026;1000;RUB;1000;22;18,08;18,08;;;;;;
RU000A10F4Z7;МФК Быстроденьги 003Р-02;300;04.12.2026;1000;RUB;1000;22,25;18,29;18,29;;;;;;
RU000A10ES57;Газпром капитал ООО БО-003Р-24;40000;04.12.2026;1000;RUB;1000;;;;;;;;;
RU000A10DRF5;Газпром нефть 005P-03R;50000;04.12.2026;1000;RUB;1000;;;;;;;;;
RU000A10D2Q2;Газпром капитал БО-003Р-06;25000;04.12.2026;1000;RUB;1000;;;;;;;;;
RU000A10D2N9;Сибирское Стекло БО-03;200;04.12.2026;1000;RUB;1000;24,25;19,93;19,93;;;;;;
RU000A10CW87;СФО ВТБ РКС Эталон 06;37500;04.12.2026;1000;RUB;648,03;18;6,71;6,71;;;;;;
RU000A10CC24;РусГидро БО-002Р-07;50000;04.12.2026;1000;RUB;1000;13,85;11,38;11,38;;;;;;
RU000A10B347;Акрон (ПАО) БО-001P-07;1600;04.12.2026;1000;CNY;1000;10,5;3,45;39,11;;;;;;
RU000A10B2U6;Баррель БО-01;150;04.12.2026;1000;RUB;1000;27;22,19;22,19;;;;;;
RU000A10B2T8;ВИС ФИНАНС БО-П08;1500;04.12.2026;1000;RUB;1000;24;19,73;19,73;;;;;;
RU000A10B2P6;АйДи Коллект 001P-01;1300;04.12.2026;1000;RUB;1000;26;21,37;21,37;;;;;;
RU000A10AZU3;СберИОС 001Р-689R 2Г BSKRUS;100,754;04.12.2026;1000;RUB;1000;0,01;0,01;0,01;;;;;;
RU000A10AUX8;НОВАТЭК 001Р-03;500;04.12.2026;100;USD;100;9,4;0,77;59,34;1;ruAAA;;;;
RU000A10AUG3;АПРИ БО-002Р-07;305;04.12.2026;1000;RUB;1000;;;;;;;;;
RU000A10ANF0;СберИОС 001Р-673R 5Г BSKRUS;465,242;04.12.2026;1000;RUB;1000;0,01;0,01;0,01;;;;;;
RU000A109X03;СберИОС 001Р-656R 5Г AC LKOH;206,835;04.12.2026;1000;RUB;1000;0,01;0,01;0,01;;;;;;
RU000A109SP5;Эталон-Финанс 002Р-02;8000;04.12.2026;1000;RUB;1000;;;;;;;;;
RU000A109LL9;СберИОС 001Р-649R 5Г AC LKOH;186,262;04.12.2026;1000;RUB;1000;0,01;0,01;0,01;;;;;;
RU000A109F05;АСПЭК-Домстрой 02;54,089;04.12.2026;1000;RUB;1000;24,5;61,08;61,08;;;;;;
RU000A109981;Джи-групп 002P-05;2000;04.12.2026;1000;RUB;1000;;;;;;;;;
RU000A1093K4;СберИОС 001Р-638R 5Г AC MOEXFN;47,401;04.12.2026;1000;RUB;1000;0,01;0,01;0,01;;;;;;
RU000A1093H0;СберИОС 001Р-636R 5Г AC Яндекс;103,586;04.12.2026;1000;RUB;1000;0,01;0,01;0,01;;;;;;
RU000A108ZU2;МГКЛ-001Р-06;500;04.12.2026;1000;RUB;1000;23;18,9;18,9;;;;;;
RU000A108U98;СберИОС 001Р-630R 5Г AC Лукойл;423,767;04.12.2026;1000;RUB;1000;0,01;0,01;0,01;;;;;;
RU000A108U80;СберИОС 001Р-631R 5Г AC MOEXIT;206,54;04.12.2026;1000;RUB;1000;0,01;0,01;0,01;;;;;;
RU000A108LU2;ИКС 5 ФИНАНС 003P-05;10000;04.12.2026;1000;RUB;1000;;;;;;;;;
RU000A108K25;СберИОС 001Р-623R 5Г AC MOEXIT;531,029;04.12.2026;1000;RUB;1000;0,01;0,01;0,01;;;;;;
RU000A108C09;СберИОС 001Р-621R 5Г AC SBER;913,513;04.12.2026;1000;RUB;1000;0,01;0,01;0,01;;;;;;
RU000A108AL4;Интерлизинг 001Р-08;3000;04.12.2026;1000;RUB;560;15,75;3,69;3,69;;;;;;
RU000A108AK6;Фордевинд 05;431,434;04.12.2026;1000;RUB;1000;22;18,08;18,08;;;;;;
RU000A108AJ8;МСБ-Лизинг 003P-03;278,894;04.12.2026;1000;RUB;333,4;18;2,47;2,47;;;;;;
RU000A1082G5;ЕвроТранс 002Р-01;2000;04.12.2026;1000;RUB;1000;15,5;12,74;12,74;;;;;;
RU000A107P88;СберИОС 001Р-602R 5Г AC SBER;1146,17;04.12.2026;1000;RUB;1000;0,01;0,01;0,01;;;;;;
RU000A107EW5;МФК Джой Мани 001P-01;250;04.12.2026;1000;RUB;1000;17;13,97;13,97;;;;;;
RU000A107DB1;СберИОС 001Р-598R 5Г AC TATN;453,695;04.12.2026;1000;RUB;1000;0,01;0,01;0,01;;;;;;
RU000A1072J0;Банк ВТБ С-1-770 (структурные);0;04.12.2026;1000;RUB;1000;0,01;0,3;0,3;;;;;;
RU000A1070W7;СФО БКС Структурные Ноты 11;212,319;04.12.2026;1000;RUB;1000;0,01;0,3;0,3;;;;;;
RU000A106VV3;РЖД БО 001Р-27R;30000;04.12.2026;1000;RUB;1000;;;;;;;;;
RU000A106UL6;Электроаппарат БО-02;70,624;04.12.2026;1000;RUB;1000;16;39,89;39,89;;;;;;
RU000A106EP1;ПР-Лизинг ООО БО 002Р-02;1500;04.12.2026;1000;RUB;1000;18;14,79;14,79;;;;;;
RU000A106EM8;Балтийский лизинг ООО БО-П08;10000;04.12.2026;1000;RUB;1000;18;14,79;14,79;;;;;;
RU000A1043S2;Банк ВТБ (ПАО) Б-1-272;4215,772;04.12.2026;1000;RUB;1000;0,01;0,02;0,02;;;;;;
RU000A1015T8;Аптечная сеть 36,6 001P-01;20000;04.12.2026;1000;RUB;1000;17;84,77;84,77;;;;;;
RU000A0ZYKJ1;Санкт-Петербург обл. 35002;25000;04.12.2026;1000;RUB;250;7,65;9,54;9,54;;;;;;
RU000A0P1KL5;Банк ВТБ С-1-749 (структурные);0;04.12.2026;1000;RUB;1000;0,01;0,3;0,3;;;;;;
RU000A0NX3V5;АЛЬФА-Б C-1-240 (структурные);0;04.12.2026;1000;RUB;1000;0,01;0,28;0,28;;;;;;
RU000A10FBF4;Тбанк ИС-1-3 (структурные);0;03.12.2026;1000;RUB;1000;0,01;0,05;0,05;;;;;;
RU000A10F4F9;Газпром нефть 005Р-07R;87000;03.12.2026;1000;RUB;1000;;;;;;;;;
RU000A10EWA4;СФО ВТБ РКС Олимп A4;6000;03.12.2026;1000;RUB;1000;15,5;12,74;12,74;;;;;;
RU000A10EW93;СФО ВТБ РКС Олимп A3;5850;03.12.2026;1000;RUB;1000;15,3;12,58;12,58;;;;;;
RU000A10EW85;СФО ВТБ РКС Олимп А2;11150;03.12.2026;1000;RUB;1000;16,6;10,39;10,39;;;;;;
RU000A10EW77;СФО ВТБ РКС Олимп A1;8000;03.12.2026;1000;RUB;1000;16;;;;;;;;
RU000A10ES32;ОДК 001P-01;15000;03.12.2026;1000;RUB;1000;17;13,97;13,97;;;;;;
RU000A10ES24;ООО Л-Старт БО-03;210,5;03.12.2026;1000;RUB;1000;28,5;23,42;23,42;;;;;;
RU000A10ES16;ОДК 001P-02;2000;03.12.2026;1000;RUB;1000;;;;;;;;;
RU000A10ERV0;Магнит ПАО БО-006Р-02;64000;03.12.2026;1000;RUB;1000;;;;;;;;;
RU000A10ERS6;Бустер.Ру БО-03;300;03.12.2026;1000;RUB;1000;23,5;19,32;19,32;;;;;;
RU000A10E7Q0;АЛЬФА-БАНК 002P-31;30000;03.12.2026;1000;RUB;1000;14,93;12,27;12,27;;;;;;
RU000A10E7K3;реСтор 001Р-03;2000;03.12.2026;1000;RUB;1000;18,75;15,41;15,41;;;;;;
RU000A10DSG1;Новосибирская область 34028;17500;03.12.2026;1000;RUB;1000;;;;;;;;;
RU000A10DSD8;СФО ТБ-6 класс Б2;4000;03.12.2026;1000;RUB;1000;18;14,79;14,79;;;;;;
RU000A10DSC0;СФО ТБ-6 класс Б1;8000;03.12.2026;1000;RUB;1000;18;14,79;14,79;;;;;;
RU000A10DQM3;Центр-резерв БО-06;130;03.12.2026;1000;RUB;1000;25;20,55;20,55;;;;;;
RU000A10DQL5;МЕТАЛЛОИНВЕСТ 002P-03;20000;03.12.2026;1000;RUB;1000;;;;;;;;;
RU000A10DPY0;Айгенис-Финанс СО-01;50;03.12.2026;1000;RUB;1000;21,5;;;;;;;;
RU000A10DPT0;Реиннольц 001Р-04;250;03.12.2026;1000;RUB;1000;24;59,84;59,84;;;;;;
RU000A10DPS2;Атомэнергопром АО 001Р-09;25000;03.12.2026;1000;RUB;1000;15,1;37,65;37,65;;;;;;
RU000A10D1W2;МегаФон ПАО БО-002Р-10;30000;03.12.2026;1000;RUB;1000;;;;;;;;;
RU000A10D1U6;Бустер.Ру БО-01;300;03.12.2026;1000;RUB;1000;24,5;18,12;18,12;;;;;;
RU000A10CP78;"ПАО ""ПСБ"" 004P-01";25000;03.12.2026;1000;RUB;1000;14,25;11,71;11,71;;;;;;
RU000A10CP52;Газпром капитал ООО БО-003Р-19;5000;03.12.2026;1000;CNY;1000;6,4;5,26;59,63;1;AAA;;;;
RU000A10CMT9;МКПАО ЯНДЕКС 001Р-02;25000;03.12.2026;1000;RUB;1000;13,5;11,1;11,1;;AAA;;;;
RU000A10BSL5;Ростелеком ПАО 001P-17R;15000;03.12.2026;1000;RUB;1000;16,5;13,56;13,56;;;;;;
RU000A10BS76;ВУШ БО 001P-04;5000;03.12.2026;1000;RUB;1000;20,25;16,64;16,64;;;;;;
RU000A10BS68;Уральская Сталь БО-001Р-04;20;03.12.2026;100;USD;100;12,75;1,05;80,91;;;;;;
RU000A10B2M3;МФК Быстроденьги 002Р-08;250;03.12.2026;1000;RUB;1000;22;18,08;18,08;;;;;;
RU000A10B2F7;ЛК Роделен БО 002P-03;1000;03.12.2026;1000;RUB;1000;25,5;20,96;20,96;;;;;;
RU000A10B2D2;Патриот Групп 001Р-01;300;03.12.2026;1000;RUB;1000;27;22,19;22,19;;;;;;
RU000A10AYZ5;СберИОС 001Р-686R 5Г BSKRUS;154,066;03.12.2026;1000;RUB;1000;0,01;0,01;0,01;;;;;;
RU000A10AUE8;РЖД БО 001P-36R;20000;03.12.2026;1000;RUB;1000;19,95;16,4;16,4;;;;;;
RU000A10ABC2;Новосибирская область 34026;27800;03.12.2026;1000;RUB;700;;;;;;;;;
RU000A10A2V5;Банк ВТБ С-1-1375(структурные);0;03.12.2026;1000;RUB;1000;0,01;0,2;0,2;;;;;;
RU000A10A1U9;СибАвтоТранс 001Р-04;300;03.12.2026;1000;RUB;1000;28;23,01;23,01;;D;;;;
RU000A108LP2;ФосАгро БО-П01-USD;100;03.12.2026;100;USD;100;6,25;1,56;120,22;;;;;;
RU000A108LL1;Нижегородец Восток БО-01;1000;03.12.2026;1000;RUB;1000;;;;;;;;;
RU000A108LF3;Ростелеком ПАО 001P-08R;10000;03.12.2026;1000;RUB;1000;;;;;;;;;
RU000A108A19;ГК Солтон БО-01;63,758;03.12.2026;1000;RUB;1000;;;;;;;;;
RU000A1081E2;Банк ВТБ С-1-994 структурные;0;03.12.2026;1000;RUB;1000;0,01;0,05;0,05;;;;;;
RU000A107W06;ХК Новотранс 001P-05;10000;03.12.2026;1000;RUB;1000;14,25;35,53;35,53;;;;;;
RU000A107EE3;СОБИ-ЛИЗИНГ 001Р-04;150;03.12.2026;1000;RUB;190;19;0,62;0,62;;;;;;
RU000A106ZP6;СФО ВТБ РКС Эталон 03;10000;03.12.2026;1000;RUB;299,97;13,5;1,88;1,88;;;;;;
RU000A106CL4;УОМЗ ПО АО БО-05;2500;03.12.2026;1000;RUB;1000;;;;;;;;;
RU000A106987;Лизинг-Трейд 001P-08;200;03.12.2026;1000;RUB;958,4;14,5;8,94;8,94;;;;;;
RU000A1062J1;СФО ВТБ РКС Эталон 02;10000;03.12.2026;1000;RUB;115,36;11;;;;;;;;
RU000A102TK9;ЮСКДевелопмент 02К;90;03.12.2026;10000;RUB;5500;8,8;32,55;32,55;;;;;;
RU000A101616;Россельхозбанк С01Е-01;150;03.12.2026;150000;EUR;150000;8,63;6454,77;564164,33;;;;;;
RU000A100FE5;ГТЛК БО 001P-14;10000;03.12.2026;1000;RUB;1000;;;;;;;;;
RU000A1006C3;Пионер-Лизинг БО-П02;300;03.12.2026;1000;RUB;1000;20,75;17,05;17,05;;;;;;
RU000A0ZZ9R4;РЖД БО 001Р-07R;10000;03.12.2026;1000;RUB;1000;18;89,75;89,75;;;;;;
RU000A0ZYKH5;Оренбургская область 35004 об.;4000;03.12.2026;1000;RUB;600;8,18;8,16;8,16;;;;;;
RU000A0NW1S6;Сбер CIB-CO-645;498,158;03.12.2026;1000;RUB;1000;0,01;0,3;0,3;;;;;;
RU000A0JX1S1;Российские ЖД ОАО 41 обл.;15000;03.12.2026;1000;RUB;1000;24;119,67;119,67;;;;;;
RU000A105L19;ОФЗ-ПК 29023 23/08/34;1000000;02.12.2026;1000;RUB;1000;;;;;;;;;
RU000A105B11;ОФЗ-ПК 29021 27/11/30;500000;02.12.2026;1000;RUB;1000;;;;;;;;;
RU000A102A31;ОФЗ-ПК 29018 26/11/2031;427747,115;02.12.2026;1000;RUB;1000;;;;;;;;;
RU000A1028D5;ОФЗ-ПК 29017 25/08/2032;350607,135;02.12.2026;1000;RUB;1000;;;;;;;;;
RU000A108EH4;ОФЗ-ПД 26248 16/05/40;1000000;02.12.2026;1000;RUB;1000;12,25;61,08;61,08;;;;;;
RU000A106E90;ОФЗ-ПД 26243 19/05/38;750000;02.12.2026;1000;RUB;1000;9,8;48,87;48,87;;;;;;
RU000A1038V6;ОФЗ-ПД 26238 15/05/2041;1000000;02.12.2026;1000;RUB;1000;7,1;35,4;35,4;;;;;;
RU000A10FBK4;Арлифт 001Р-02;630;02.12.2026;1000;RUB;1000;23,25;19,11;19,11;;;;;;
RU000A10FAK6;ОФЗ-ПД 12156124V 21/05/36;10000;02.12.2026;10000;CNY;10000;7,65;381,45;4324,08;;;;;;
RU000A10F470;ТрансКонтейнер П02-03;10000;02.12.2026;1000;RUB;1000;16,5;13,56;13,56;;;;;;
RU000A10E7G1;НоваБев Групп 003Р-02;5000;02.12.2026;1000;RUB;1000;15,25;12,53;12,53;;;;;;
RU000A10E7D8;ЛКПРОГР БО-01;200;02.12.2026;1000;RUB;1000;26,5;21,78;21,78;;;;;;
RU000A10E6Q2;ИКС 5 ФИНАНС 003P-16;20000;02.12.2026;1000;RUB;1000;;;;;;;;;
RU000A10BRY0;С-ПРИНТ БО-02;100;02.12.2026;1000;RUB;1000;29;23,84;23,84;;;;;;
RU000A10BQK1;СФО ВТБ РКС Эталон 05;12500;02.12.2026;1000;RUB;477,23;21,7;5,39;5,39;;;;;;
RU000A10BBG1;ТЕХНО Лизинг 001Р-07;700;02.12.2026;1000;RUB;1000;27;17,75;17,75;;;;;;
RU000A10BBE6;ХК Новотранс 001P-06;10500;02.12.2026;1000;RUB;1000;18,75;15,41;15,41;;;;;;
RU000A10BBD8;ЯТЭК 001Р-06;5500;02.12.2026;1000;RUB;1000;;;;;;;;;
RU000A10BBC0;АйДи Коллект 001P-03;200;02.12.2026;1000;RUB;1000;;;;;;;;;
RU000A10BAP4;Эталон-Финанс 002Р-03;6750;02.12.2026;1000;RUB;1000;25,5;20,96;20,96;;;;;;
RU000A10B263;АБЗ-1 002P-02;1000;02.12.2026;1000;RUB;1000;;;;;;;;;
RU000A10B255;Михайловский Молочный Завод-02;85;02.12.2026;1000;RUB;880;27;17,2;17,2;;;;;;
RU000A10B214;Ростелеком ПАО 001P-15R;15000;02.12.2026;1000;RUB;1000;18,75;15,41;15,41;;;;;;
RU000A10A7N1;СберИОС 001Р-666R 5Г BSKRUS;1136,755;02.12.2026;1000;RUB;1000;0,01;0,01;0,01;;;;;;
RU000A10A794;Автомое БО-01-CNY;17;02.12.2026;100;CNY;100;21;5,24;59,4;;;;;;
RU000A109TJ6;"ПАО ""ПСБ"" 003P-09";17000;02.12.2026;1000;RUB;1000;;;;;;;;;
RU000A109890;МФК ВЭББАНКИР 07;111,717;02.12.2026;1000;RUB;1000;;;;;;;;;
RU000A109874;ГК Самолет БО-П15;5000;02.12.2026;1000;RUB;1000;;;;;;;;;
RU000A108LD8;Концерн РОССИУМ ООО 003P-03;30000;02.12.2026;1000;RUB;1000;16,5;82,27;82,27;;;;;;
RU000A108F63;МФК Быстроденьги 002Р-06;418,184;02.12.2026;1000;RUB;1000;;;;;;;;;
RU000A107EC7;Россети Ленэнерго ПАО 001P-01;10000;02.12.2026;1000;RUB;1000;;;;;;;;;
RU000A107209;Сибирское Стекло БО-П04;300;02.12.2026;1000;RUB;1000;21,5;17,67;17,67;;;;;;
RU000A106LL5;ВЭБ.РФ ПБО-002Р-37;40000;02.12.2026;1000;RUB;1000;;;;;;;;;
RU000A105L27;АФК Система БО 001Р-24;10000;02.12.2026;1000;RUB;1000;18;44,88;44,88;;;;;;
RU000A105KW6;ЕАБР 003P-005;5000;02.12.2026;1000;RUB;1000;;;;;;;;;
RU000A104V75;Почта России БО-002P-01;10000;02.12.2026;1000;RUB;1000;11,4;56,84;56,84;;;;;;
RU000A1036S6;ФСК Россети ПАО БО 001P-03R;10000;02.12.2026;1000;RUB;1000;7,5;18,7;18,7;;;;;;
RU000A101SF3;ПАО НК Роснефть 002P-10;15000;02.12.2026;1000;RUB;1000;8;19,95;19,95;;;;;;
RU000A101SD8;ГТЛК БО 001P-19;5000;02.12.2026;1000;RUB;1000;7,97;19,87;19,87;;;;;;
RU000A101SC0;ГТЛК БО 001P-18;5000;02.12.2026;1000;RUB;1000;7,84;19,55;19,55;;;;;;
RU000A0P1LZ3;Банк ВТБ С-1-802 (структурные);0;02.12.2026;1000;RUB;1000;0,01;0,3;0,3;;;;;;
RU000A10FBH0;Ростелеком ПАО 001P-26R;20000;01.12.2026;1000;RUB;1000;;;;;;;;;
RU000A10FBG2;Трансмашхолдинг АО ПБО-08;20000;01.12.2026;1000;RUB;1000;;;;;;;;;
RU000A10FBB3;ЛЕГЕНДА БО 002P-07;1250;01.12.2026;1000;RUB;1000;19;15,62;15,62;;;;;;
RU000A10FAB5;Тбанк ИС-1-4 (структурные);0;01.12.2026;1000;RUB;1000;0,01;0,05;0,05;;;;;;
RU000A10EVS8;Банк ВТБ (ПАО) Б-1-393;212,936;01.12.2026;1000;RUB;1000;0,01;0,02;0,02;;;;;;
RU000A10ENP1;СФО Альфа Фабрика ПК-3 класс А;20000;01.12.2026;1000;RUB;1000;16,3;7,87;7,87;;;;;;
RU000A10EG44;ИЛОН 001Р-01;1250;01.12.2026;1000;RUB;1000;17,7;14,55;14,55;;;;;;
RU000A10EG28;Группа компаний Медси 001P-04;5500;01.12.2026;1000;RUB;1000;;;;;;;;;
RU000A10EER6;ФосАгро БО-02-05;1500;01.12.2026;1000;CNY;1000;8;19,95;226,15;;;;;;
RU000A10E747;ГК Сегежа 003P-10R;2903,888;01.12.2026;1000;RUB;1000;25;20,55;20,55;;;;;;
RU000A10E739;Ростелеком ПАО 001P-22R;15000;01.12.2026;1000;RUB;1000;14,75;12,12;12,12;;;;;;
RU000A10DXE6;СФО Альфа Фабрика ПК-2 класс А;10000;01.12.2026;1000;RUB;882,24;16,8;6,92;6,92;;;;;;
RU000A10D1J9;ЭЛЕКТРОРЕШЕНИЯ 001Р-02;1000;01.12.2026;1000;RUB;1000;22,5;18,49;18,49;;BBB(ru);;;;
RU000A10CM71;Айдеко БО-01;500;01.12.2026;1000;RUB;1000;27;67,32;67,32;;;;;;
RU000A10CKS5;СФО Альфа Фабрика ПК-1 класс А;10000;01.12.2026;1000;RUB;622,35;16;3,92;3,92;;;;;;
RU000A10CB66;ГК Сегежа 003P-06R;7000;01.12.2026;1000;RUB;1000;23,5;19,32;19,32;;ruBB-;;;;
RU000A10C8F3;Брусника 002Р-04;7500;01.12.2026;1000;RUB;1000;21,5;17,67;17,67;;;;;;
RU000A10C0X3;ЭН+ГИДРО 001РС-07;1950;01.12.2026;1000;CNY;1000;;;;;;;;;
RU000A10BRR4;РусГидро БО-002Р-06;50000;01.12.2026;1000;RUB;1000;;;;;;;;;
RU000A10BRN3;Сибирский КХП 001P-04;150;01.12.2026;1000;RUB;1000;;;;;;;;;
RU000A10BB83;Роял Капитал БО-02;150;01.12.2026;1000;RUB;1000;31;25,48;25,48;;;;;;
RU000A10BB75;ЕвроТранс БО-001Р-07;4300;01.12.2026;1000;RUB;1000;24,5;20,14;20,14;;D;;;;
RU000A10B1X2;Селигдар 001Р-02;3500;01.12.2026;1000;RUB;1000;24;19,73;19,73;1;AA-;;;;
RU000A10A7A8;ВЗВТ-01;100;01.12.2026;1000;RUB;1000;30;74,79;74,79;;;;;;
RU000A10A141;ЕвроТранс БО-001Р-05;2000;01.12.2026;1000;RUB;1000;25;20,55;20,55;;;;;;
RU000A10A133;ЕвроТранс БО-001Р-04;57,323;01.12.2026;1000;RUB;1000;13;10,68;10,68;;;;;;
RU000A109T25;СФО БКС Структурные Ноты 47;86,526;01.12.2026;1000;RUB;1000;0,01;0,2;0,2;;;;;;
RU000A109NC4;СФО ВТБ РКС Эталон 04;20000;01.12.2026;1000;RUB;303,67;21,5;3,19;3,19;;;;;;
RU000A109HX2;ВУШ БО 001P-03;4000;01.12.2026;1000;RUB;1000;;;;;;;;;
RU000A109825;АЗБУКА ВКУСА БОП3;1050;01.12.2026;1000;RUB;1000;;;;;;;;;
RU000A1097X8;БИАНКА ПРЕМИУМ БО-01;200;01.12.2026;1000;RUB;1000;23;18,9;18,9;;BB;;;;
RU000A108VL0;ГПБ (АО) БО 005Р-12Р;537,366;01.12.2026;1000;RUB;1000;;;;;;;;;
RU000A108P61;ПАО Россети Моск.рег. БО1Р06;20000;01.12.2026;1000;RUB;1000;;;;;;;;;
RU000A107W55;Банк ВТБ (ПАО) Б-1-351;5361,517;01.12.2026;1000;RUB;1000;14,75;12,12;12,12;;;;;;
RU000A107UR1;СберИОС 001Р-609R 5Г AC TRNFP;366,355;01.12.2026;1000;RUB;1000;0,01;0,01;0,01;;;;;;
RU000A107UA7;ГПБ (АО) БО 005Р-03Р;22208,714;01.12.2026;1000;RUB;1000;13,7;34,16;34,16;;;;;;
RU000A107SG8;СИМПЛ СОЛЮШНЗ КЭПИТЛ 001Р-01;500;01.12.2026;1000;RUB;1000;;;;;;;;;
RU000A107KR2;МигКредит БО-04;300;01.12.2026;1000;RUB;280;21;1,38;1,38;;;;;;
RU000A107B35;Банк ВТБ (ПАО) Б-1-346;3269,736;01.12.2026;1000;RUB;1000;14,5;11,92;11,92;;;;;;
RU000A106SD7;СберИОС 001Р-582R 5Г AC IMOEX;1494,811;01.12.2026;1000;RUB;1000;0,01;0,01;0,01;;;;;;
RU000A106CB5;СибАвтоТранс 001Р-02;200;01.12.2026;1000;RUB;900;14,5;32,54;32,54;;;;;;
RU000A105KR6;Восточная Стивидор.Ком 1P-03R;15000;01.12.2026;1000;RUB;1000;11,25;56,1;56,1;;;;;;
RU000A105KB0;ГТЛК БО 002P-02;5000;01.12.2026;1000;RUB;1000;11,7;29,17;29,17;;;;;;
RU000A1037P0;Экспобанк 02ВК;60;01.12.2026;150000;USD;150000;7,5;5609,59;432281,18;;;;;;
RU000A1032P1;ООО «СФО ВТБ РКС-1 »;35000;01.12.2026;1000;RUB;103,96;8;0,02;0,02;;;;;;
RU000A102G35;МЭФ Московской области 35016;30000;01.12.2026;1000;RUB;150;5,95;2,23;2,23;;;;;;
RU000A102FV5;Минфин Челябинской обл 35001;7000;01.12.2026;1000;RUB;400;6;2,99;2,99;;;;;;
RU000A100TB2;ПНППК 001P-01;250;01.12.2026;1000;RUB;1000;18;44,88;44,88;;;;;;
RU000A0JUKX4;ДОМ.РФ (ПАО) обл. сер. А30;6000;01.12.2026;1000;RUB;1000;13,6;33,91;33,91;;;;;;
RU000A10FAN0;АЛРОСА 002Р-02;30000;30.11.2026;1000;RUB;1000;;;;;;;;;
RU000A10FAL4;ИСП 001Р-01;300;30.11.2026;1000;RUB;1000;21;17,26;17,26;;;;;;
RU000A10EFX1;Газпром капитал ООО БО-003Р-27;20000;30.11.2026;1000;RUB;1000;;;;;;;;;
RU000A10EFW3;ЛАЗЕРНЫЕ СИСТЕМЫ-02;200;30.11.2026;1000;RUB;1000;20,75;17,05;17,05;;;;;;
RU000A10EEP0;ВЭБ.РФ ПБО-002Р-57;40000;30.11.2026;1000;RUB;1000;;;;;;;;;
RU000A10EED6;ПАО НК Роснефть 005P-01;40000;30.11.2026;1000;RUB;1000;;;;;;;;;
RU000A10E6V2;ИКС 5 ФИНАНС 003P-17;15000;30.11.2026;1000;RUB;1000;14,5;11,92;11,92;;;;;;
RU000A10E6U4;ГК Самолет БО-П19;5000;30.11.2026;1000;RUB;1000;21;17,26;17,26;;;;;;
RU000A10E6T6;Акрон (ПАО) БО-002P-02;1500;30.11.2026;1000;CNY;1000;6,8;5,59;63,37;;;;;;
RU000A10E6S8;ТД РКС 002Р-07;400;30.11.2026;1000;RUB;1000;26;21,37;21,37;;;;;;
RU000A10DQ68;СелоЗеленое 001Р-02;3500;30.11.2026;1000;RUB;1000;17,25;14,18;14,18;;;;;;
RU000A10DNX7;СФО Сплит Финанс ПВ-2;4500;30.11.2026;1000;RUB;1000;17,3;14,69;14,69;;;;;;
RU000A10D9Q7;СберИОС 001Р-768R 1Г ЛУКОИЛДИС;16,263;30.11.2026;1000;RUB;1000;0,01;0,1;0,1;;;;;;
RU000A10CAQ0;АЛЬФА ДОН ТРАНС БО-01;300;30.11.2026;1000;RUB;1000;28;23,01;23,01;;;;;;
RU000A10C0V7;ЭР-Телеком Холдинг ПБО-02-10;11000;30.11.2026;1000;RUB;1000;;;;;;;;;
RU000A10BZT3;Биннофарм Групп 001Р-06;2000;30.11.2026;1000;RUB;1000;19,5;16,03;16,03;;;;;;
RU000A10BB42;АЛЬФА-Б C-1-663 (структурные);0;30.11.2026;1000;RUB;1000;0,01;0,15;0,15;;;;;;
RU000A10BB00;АЛЬФА-Б C-1-659 (структурные);0;30.11.2026;1000;RUB;1000;0,01;0,15;0,15;;;;;;
RU000A10B9Q9;ГЛОРАКС 001Р-04;2200;30.11.2026;1000;RUB;1000;25,5;20,96;20,96;?;BBB+;;;;
RU000A10B1Q6;Джи-групп 002P-06;1500;30.11.2026;1000;RUB;1000;24,75;20,34;20,34;;;;;;
RU000A10B1N3;Мобильные ТелеСистемы 002P-07;20000;30.11.2026;1000;RUB;1000;14,6;12;12;;;;;;
RU000A10B1M5;Нафтатранс плюс ООО БО-07;250;30.11.2026;1000;RUB;1000;28;23,01;23,01;;;;;;
RU000A10AHP1;ВТБ Факторинг БО-01;677,096;30.11.2026;1000;RUB;1000;;;;;;;;;
RU000A109S83;МОНОПОЛИЯ 001P-01;289,707;30.11.2026;1000;RUB;1000;;;;;;;;;
RU000A108Z85;РЖД БО 001P-32R;45000;30.11.2026;1000;RUB;1000;;;;;;;;;
RU000A1043R4;Банк ВТБ (ПАО) Б-1-271;177,657;30.11.2026;1000;RUB;1000;0,01;0,02;0,02;;;;;;
RU000A103WT2;Сбер CIB-CO-85 (структурные);0;30.11.2026;1000;RUB;1000;0,01;0,51;0,51;;;;;;
RU000A102FT9;АФК Система БО 001P-17;14000;30.11.2026;1000;RUB;1000;17,5;87,26;87,26;;;;;;
RU000A102FS1;АФК Система БО 001P-16;5000;30.11.2026;1000;RUB;1000;10,3;25,68;25,68;;;;;;
RU000A0JX1C5;КАМАЗ ПАО БО-14;5000;30.11.2026;1000;RUB;1000;9,92;49,46;49,46;;;;;;
RU000A0JX199;ГосТранспортЛизингКомп 001P-02;7780;30.11.2026;1000;RUB;492;9;11,04;11,04;;;;;;
RU000A10FA72;АФК Система БО 002Р-14;10000;29.11.2026;1000;RUB;1000;17,5;14,38;14,38;;;;;;
RU000A10FA64;ИНАРКТИКА 002Р-06;3000;29.11.2026;1000;RUB;1000;;;;;;;;;
RU000A10F7R7;Сбербанк ПАО 001Р-SBER56;75000;29.11.2026;1000;RUB;1000;13,4;11,01;11,01;;;;;;
RU000A10ERH9;АВТОБАН-Финанс АО БО-П09;5000;29.11.2026;1000;RUB;1000;1;A+;;;;;;;
RU000A10ERE6;АВТОБАН-Финанс АО БО-П08;8500;29.11.2026;1000;RUB;1000;16,9;13,89;13,89;1;A+;;;;
RU000A10ERD8;УПТК-65 001Р-02;300;29.11.2026;1000;RUB;1000;22;18,08;18,08;;;;;;
RU000A10ERC0;АПРИ БО-002Р-14;5000;29.11.2026;1000;RUB;1000;24,75;20,34;20,34;;;;;;
RU000A10ER41;ФЛИТ 001Р-03;1000;29.11.2026;1000;RUB;1000;16;10,96;10,96;;;;;;
RU000A10EF11;iПРОМОМЕД ДМ 002P-03;6800;29.11.2026;1000;RUB;1000;;;;;;;;;
RU000A10EEZ9;Селектел 001P-07R;7000;29.11.2026;1000;RUB;1000;15;12,33;12,33;;;;;;
RU000A10DPW4;АФК Система БО 002Р-06;3750;29.11.2026;1000;RUB;1000;17,75;14,59;14,59;;;;;;
RU000A10DPV6;АФК Система БО 002Р-07;2750;29.11.2026;1000;RUB;1000;;;;;;;;;
RU000A10DLP7;Депфин Югры 34002;10000;29.11.2026;1000;RUB;1000;14,8;36,9;36,9;;;;;;
RU000A10D5C5;РЖД БО 001P-48R;20000;29.11.2026;1000;RUB;1000;;;;;;;;;
RU000A10CN62;ПКО ЮСВ 1Р1;500;29.11.2026;1000;RUB;1000;;;;;;;;;
RU000A10CN47;Роял Капитал БО-03;100;29.11.2026;1000;RUB;1000;29;23,84;23,84;;;;;;
RU000A10C3F4;СФО Сплит Финанс ПВ-1;9000;29.11.2026;1000;RUB;1000;16,5;9,81;9,81;;;;;;
RU000A10BZQ9;Сэтл-Групп ООО БО 002P-05;7000;29.11.2026;1000;RUB;1000;;;;;;;;;
RU000A10B933;Селигдар 001Р-03;9500;29.11.2026;1000;RUB;1000;23,25;19,11;19,11;;;;;;
RU000A10B925;ЕнисейАгроСоюз БО 001P-02;200;29.11.2026;1000;RUB;1000;;;;;;;;;
RU000A10ATS0;ЕвроТранс БО-001Р-06;1930;29.11.2026;1000;RUB;1000;25;20,55;20,55;;;;;;
RU000A10AA28;Акрон (ПАО) БО-001P-06;11500;29.11.2026;1000;RUB;1000;;;;;;;;;
RU000A10AA10;ПСБ Лизинг БО-П01;1000;29.11.2026;1000;RUB;1000;25;20,55;20,55;;;;;;
RU000A10A9Z1;Магнит ПАО БО-004Р-05;12500;29.11.2026;1000;RUB;1000;;;;;;;;;
RU000A109YM0;ГПБ (АО) БО 004Р-13;379,187;29.11.2026;1000;RUB;1000;0,01;0,1;0,1;;;;;;
RU000A108QF2;СФО БКС Структурные Ноты 34;95,744;29.11.2026;1000;RUB;1000;0,01;0,2;0,2;;;;;;
RU000A107SA1;ЛК Роделен БО 002P-02;1000;29.11.2026;1000;RUB;1000;16;9,86;9,86;;;;;;
RU000A107S85;МФК Саммит 001Р-03;150;29.11.2026;1000;RUB;334,4;;;;;;;;;
RU000A107CM0;Совкомбанк СЗО-03;6,475;29.11.2026;1000;USD;1000;2;10;770,61;;;;;;
RU000A1074T5;АЛЬФА-БАНК Б1Р09;69,903;29.11.2026;1000;RUB;1000;0,01;0,1;0,1;;;;;;
RU000A105RF6;Лизинг-Трейд 001P-06;150;29.11.2026;1000;RUB;792;14,5;6,96;6,96;;;;;;
RU000A10FJ24;ДОМ.РФ Ипотечный агент БО 1P66;55015,777;28.11.2026;1000;RUB;1000;;;;;;;;;
RU000A10F7W7;ДОМ.РФ Ипотечный агент БО 1P63;60465,044;28.11.2026;1000;RUB;1000;;;;;;;;;
RU000A10ER66;ФосАгро БО-02-06;70000;28.11.2026;1000;RUB;1000;13,75;11,3;11,3;;;;;;
RU000A10EQV2;БиоВитрум 001Р-02;250;28.11.2026;1000;RUB;1000;23,25;19,11;19,11;;;;;;
RU000A10EQG3;ДОМ.РФ Ипотечный агент БО 1P62;26237,442;28.11.2026;1000;RUB;987,41;;;;;;;;;
RU000A10EL21;ДОМ.РФ Ипотечный агент БО 1P61;10462,932;28.11.2026;1000;RUB;979,83;;;;;;;;;
RU000A10EES4;ВИС ФИНАНС БО-П11;2500;28.11.2026;1000;RUB;1000;17;13,97;13,97;;;;;;
RU000A10DYJ3;ДОМ.РФ Ипотечный агент БО 1P35;18249,859;28.11.2026;1000;RUB;961,4;;;;;;;;;
RU000A10DX10;ДОМ.РФ Ипотечный агент БО 1P59;47563,269;28.11.2026;1000;RUB;796,29;;;;;;;;;
RU000A10DPM5;Магнит ПАО БО-005Р-05;26650;28.11.2026;1000;RUB;1000;;;;;;;;;
RU000A10DPJ1;Группа Продовольствие БО-02;200;28.11.2026;1000;RUB;1000;25;20,55;20,55;;;;;;
RU000A10DJY3;ПР-Лизинг 003Р-01;14,27;28.11.2026;100;USD;89;14;0,93;71,67;;;;;;
RU000A10DJR7;РЖД БО 001P-49R;45000;28.11.2026;1000;RUB;1000;;;;;;;;;
RU000A10DGA9;Совкомбанк БО-И09;100,371;28.11.2026;1000;RUB;1000;0,01;0,1;0,1;;;;;;
RU000A10DEA4;ДОМ.РФ Ипотечный агент БО 1P58;66026,901;28.11.2026;1000;RUB;932,78;;;;;;;;;
RU000A10DE54;Лид Капитал 001Р-01;6,652;28.11.2026;100;USD;100;13,5;1,11;85,54;;;;;;
RU000A10D6L4;ГПБ (АО) БО 0004P-33;1392,479;28.11.2026;1000;RUB;1000;0,01;0,1;0,1;;;;;;
RU000A10C9Z9;УПТК-65 001Р-01;200;28.11.2026;1000;RUB;1000;23;18,9;18,9;;;;;;
RU000A10C9Y2;НОВАТЭК 001Р-05;750;28.11.2026;1000;USD;1000;7;5,75;443,1;;;;;;
RU000A10C8J5;ДОМ.РФ Ипотечный агент БО 1P56;90002,663;28.11.2026;1000;RUB;836,69;8,4;;;;;;;;
RU000A10BVS4;ДОМ.РФ Ипотечный агент БО 1P54;35376,105;28.11.2026;1000;RUB;905,71;;;;;;;;;
RU000A10BRM5;Акрон (ПАО) БО-001P-09;200;28.11.2026;1000;USD;1000;7,75;6,37;490,88;;;;;;
RU000A10BR02;Нео-Пак БО-01;130;28.11.2026;1000;RUB;1000;35;28,77;28,77;;;;;;
RU000A10BP53;ДОМ.РФ Ипотечный агент БО 1P53;6399,481;28.11.2026;1000;RUB;928,42;;;;;;;;;
RU000A10BK17;Газпром нефть БО 003P-15R;120000;28.11.2026;1000;RUB;1000;2;1,64;1,64;;;;;;
RU000A10BK09;Газпром нефть БО 003P-14R;42500;28.11.2026;1000;RUB;1000;;;;;;;;;
RU000A10B8P3;ИНАРКТИКА 002Р-03;2000;28.11.2026;1000;RUB;1000;;;;;;;;;
RU000A10B8M0;Сэтл-Групп ООО БО 002P-04;6000;28.11.2026;1000;RUB;1000;;;;;;;;;
RU000A10B8L2;Банк ВТБ (ПАО) Б-1-375;5500;28.11.2026;1000;RUB;1000;;;;;;;;;
RU000A10B3W0;Совкомбанк Лизинг БО-П09;10750;28.11.2026;1000;RUB;504,7;;;;;;;;;
RU000A10ATR2;ГЛОРАКС 001P-03;1400;28.11.2026;1000;RUB;1000;28;23,01;23,01;;;;;;
RU000A10ATC4;МГКЛ-001Р-07;1000;28.11.2026;1000;RUB;1000;30;24,66;24,66;;;;;;
RU000A10AS28;Биннофарм Групп 001Р-04;4000;28.11.2026;1000;RUB;1000;;;;;;;;;
RU000A10AQE6;ДОМ.РФ Ипотечный агент БО 1P52;63453,691;28.11.2026;1000;RUB;882,56;;;;;;;;;
RU000A10AQC0;ДОМ.РФ Ипотечный агент БО 1P51;1998,949;28.11.2026;1000;RUB;815,11;9,6;;;;;;;;
RU000A109PP1;АБЗ-1 002Р-01;1000;28.11.2026;1000;RUB;1000;;;;ruA-;;;;;
RU000A109NJ9;ДОМ.РФ Ипотечный агент БО 1P48;99999,577;28.11.2026;1000;RUB;750,34;8,5;;;;;;;;
RU000A109NH3;ДОМ.РФ Ипотечный агент БО 1P47;50019,391;28.11.2026;1000;RUB;806,21;;;;;;;;;
RU000A109NG5;ДОМ.РФ Ипотечный агент БО 1P49;80066,912;28.11.2026;1000;RUB;682,27;;;;;;;;;
RU000A109L98;ДОМ.РФ Ипотечный агент БО 1P45;3944,115;28.11.2026;1000;RUB;855,23;;;;;;;;;
RU000A109551;Балтийский лизинг ООО БО-П12;7500;28.11.2026;1000;RUB;1000;;;;;;;;;
RU000A1093G2;ДОМ.РФ Ипотечный агент БО 1P46;171016,532;28.11.2026;1000;RUB;609,68;;;;;;;;;
RU000A108YZ4;Михайловский Молочный Завод-01;70;28.11.2026;1000;RUB;375;20;3,53;3,53;;;;;;
RU000A1089G0;ГИДРОМАШСЕРВИС АО 001Р-02;3000;28.11.2026;1000;RUB;1000;15,25;12,53;12,53;;;;;;
RU000A107SY1;ДОМ.РФ Ипотечный агент БО 1P43;45499,876;28.11.2026;1000;RUB;746,32;;;;;;;;;
RU000A107S10;Россельхозбанк БO-03-002P;42000;28.11.2026;1000;RUB;1000;;;;;;;;;
RU000A107GL3;ДОМ.РФ Ипотечный агент БО 1P40;109723,714;28.11.2026;1000;RUB;654,02;9;;;;;;;;
RU000A107G55;ДОМ.РФ Ипотечный агент БО 1P39;49927,769;28.11.2026;1000;RUB;715,7;;;;;;;;;
RU000A107DP1;ПАО Россети Моск.рег. БО1Р05;8000;28.11.2026;1000;RUB;1000;;;;;;;;;
RU000A107A28;ГПБ (АО) БО 005Р-01Р;15000;28.11.2026;1000;RUB;1000;12,75;32,14;32,14;;;;;;
RU000A1074A5;ДОМ.РФ Ипотечный агент БО 1P38;6111,769;28.11.2026;1000;RUB;707,1;7,85;;;;;;;;
RU000A106FM5;ДОМ.РФ Ипотечный агент БО 1P34;17391,177;28.11.2026;1000;RUB;747,48;;;;;;;;;
RU000A1065R7;ДОМ.РФ Ипотечный агент БО 1P33;16515,643;28.11.2026;1000;RUB;597,82;8,6;;;;;;;;
RU000A105NZ3;ДОМ.РФ Ипотечный агент БО 1P32;6128,78;28.11.2026;1000;RUB;667,53;;;;;;;;;
RU000A105NN9;ДОМ.РФ Ипотечный агент БО 1P29;54789,504;28.11.2026;1000;RUB;580,41;;;;;;;;;
RU000A105LN3;ДОМ.РФ Ипотечный агент БО 1P27;20597,323;28.11.2026;1000;RUB;552,7;7,4;;;;;;;;
RU000A105JF3;ДОМ.РФ Ипотечный агент БО 1P26;5477,816;28.11.2026;1000;RUB;688,09;;;;;;;;;
RU000A105H23;ДОМ.РФ Ипотечный агент БО 1P25;5527,918;28.11.2026;1000;RUB;480,93;9,35;;;;;;;;
RU000A1058R2;ДОМ.РФ Ипотечный агент БО 1P22;6638,733;28.11.2026;1000;RUB;646,43;;;;;;;;;
RU000A104X32;ДОМ.РФ Ипотечный агент БО 1P19;6704,238;28.11.2026;1000;RUB;584,19;;;;;;;;;
RU000A104UV0;ДОМ.РФ Ипотечный агент БО 1P18;6183,696;28.11.2026;1000;RUB;582,1;;;;;;;;;
RU000A104B79;ДОМ.РФ Ипотечный агент БО 1P16;207605,03;28.11.2026;1000;RUB;444,21;7,65;;;;;;;;
RU000A104AM1;ДОМ.РФ Ипотечный агент БО 1P17;31410,336;28.11.2026;1000;RUB;449,77;6,8;;;;;;;;
RU000A104511;ДОМ.РФ Ипотечный агент БО 1P14;69302,783;28.11.2026;1000;RUB;432,55;;;;;;;;;
RU000A1041Q0;ДОМ.РФ Ипотечный агент БО 1P13;5353,129;28.11.2026;1000;RUB;469,37;8,15;;;;;;;;
RU000A103YK7;ДОМ.РФ Ипотечный агент БО 1P12;1857,26;28.11.2026;1000;RUB;406,18;5,5;;;;;;;;
RU000A103N43;ДОМ.РФ Ипотечный агент БО 1P9;9749,207;28.11.2026;1000;RUB;398,06;7,65;;;;;;;;
RU000A102L53;ДОМ.РФ Ипотечный агент БО 1P6;45718,936;28.11.2026;1000;RUB;298,62;;;;;;;;;
RU000A102JB9;ДОМ.РФ Ипотечный агент БО 1P2;10206,258;28.11.2026;1000;RUB;289,38;6,05;;;;;;;;
RU000A102D46;ДОМ.РФ Ипотечный агент 18-002P;14018,879;28.11.2026;1000;RUB;270,88;5,85;;;;;;;;
RU000A102AP8;ДОМ.РФ Ипотечный агент 17-002P;7244,692;28.11.2026;1000;RUB;257,27;5,2;;;;;;;;
RU000A101U95;ДОМ.РФ Ипотечный агент 14-002P;6652,643;28.11.2026;1000;RUB;204,84;5,75;;;;;;;;
RU000A101TD6;ДОМ.РФ Ипотечный агент 15-002P;16252,739;28.11.2026;1000;RUB;175,26;5,9;;;;;;;;
RU000A1019A0;ДОМ.РФ Ипотечный агент 04-001P;2663,462;28.11.2026;1000;RUB;172,89;6,5;;;;;;;;
RU000A100ZB9;ДОМ.РФ Ипотечный агент 10-002P;95652,798;28.11.2026;1000;RUB;153,57;;;;;;;;;
RU000A0ZZV86;ДОМ.РФ Ипотечный агент 06-002P;74263,788;28.11.2026;1000;RUB;88,84;9,95;;;;;;;;
RU000A10EVY6;Банк ВТБ (ПАО) Б-1-399;58,391;27.11.2026;1000;RUB;1000;0,01;0,02;0,02;;;;;;
RU000A10DPB8;КАМАЗ ПАО БО-П19;3100;27.11.2026;1000;RUB;1000;;;;;;;;;
RU000A10DP93;КАМАЗ ПАО БО-П18;3650;27.11.2026;1000;RUB;1000;16,5;13,56;13,56;;;;;;
RU000A10DP51;ГТЛК БО 002P-11;12500;27.11.2026;1000;RUB;1000;;;;;;;;;
RU000A10DDA6;СберИОС 001Р-773R 3Y1M ОФЗ;219,364;27.11.2026;1000;RUB;1000;0,01;0,1;0,1;;;;;;
RU000A10DAU0;СберИОС 001Р-770R 3Y MOEX CQT;33,375;27.11.2026;1000;RUB;1000;0,01;0,1;0,1;;;;;;
RU000A10D3L1;АЛЬФА-Б С-1-854 структурные;0;27.11.2026;1000;RUB;1000;0,01;0,1;0,1;;;;;;
RU000A10CZB9;ЕвроТранс БО-001Р-08;4500;27.11.2026;1000;RUB;1000;21;17,26;17,26;;;;;;
RU000A10CX60;АЛЬФА-Б С-1-853 структурные;0;27.11.2026;1000;RUB;1000;0,01;0,1;0,1;;;;;;
RU000A10CS91;Росагролизинг 002P-04;7000;27.11.2026;1000;RUB;1000;;;;;;;;;
RU000A10CMR3;СИБУР Холдинг 001Р-08;400;27.11.2026;100;USD;100;6,65;0,55;42,38;;AAA;;;;
RU000A10CMQ5;Новые технологии 001Р-08;1500;27.11.2026;1000;RUB;1000;17;13,97;13,97;;;;;;
RU000A10CM14;Росинтер Холдинг БО-01;500;27.11.2026;1000;RUB;1000;25,5;63,58;63,58;;;;;;
RU000A10CLZ8;ООО Л-Старт БО-01;500;27.11.2026;1000;RUB;1000;30;74,79;74,79;;;;;;
RU000A10C9W6;ИА ТБ-2 класс Б1;1500;27.11.2026;100;RUB;100;;;;;;;;;
RU000A10C949;ИА ТБ-2 класс А1;8500;27.11.2026;100;RUB;100;19;1,52;1,52;;;;;;
RU000A10BQX4;Россети Северо-Запад 001Р-01;5000;27.11.2026;1000;RUB;1000;;;;;;;;;
RU000A10BQV8;Инвест КЦ 001P-01;62;27.11.2026;100;USD;100;12;0,99;76,29;;;;;;
RU000A10BQU0;ГМК Нор.никель БО-001Р-10;500;27.11.2026;100;USD;100;7,5;0,62;47,78;1;AAA;;;;
RU000A10BQM7;ТД РКС 002Р-05;300;27.11.2026;1000;RUB;1000;28;23,01;23,01;;;;;;
RU000A10BJL4;Транспортная ЛК 001P-02;200;27.11.2026;1000;RUB;958,4;24;14,8;14,8;;;;;;
RU000A10B115;РЖД БО 001P-40R;40000;27.11.2026;1000;RUB;1000;17,65;14,51;14,51;;;;;;
RU000A10B0Z9;ЭР-Телеком Холдинг ПБО-02-09;3500;27.11.2026;1000;RUB;1000;;;;;;;;;
RU000A10AAQ4;СФО Сплит Финанс 1 01;7700;27.11.2026;1000;RUB;345,13;25;3,21;3,21;;;;;;
RU000A109RF8;Транспортная ЛК 001P-01;36,847;27.11.2026;1000;RUB;890;;;;;;;;;
RU000A109R50;Самокат БО-02;94,28;27.11.2026;1000;RUB;1000;23;17,34;17,34;;;;;;
RU000A1093J6;СберИОС 001Р-637R 5Г AC СБЕР;326,65;27.11.2026;1000;RUB;1000;0,01;0,01;0,01;;;;;;
RU000A108Z77;Практика ЛК 001Р-03;1500;27.11.2026;1000;RUB;362,9;17,1;3,66;3,66;;;;;;
RU000A108MZ9;Газпром капитал БО-003Р-03;15000;27.11.2026;1000;RUB;1000;;;;;;;;;
RU000A108KV2;НПП Моторные технологии001Р-05;70;27.11.2026;1000;RUB;1000;20;49,86;49,86;;;;;;
RU000A1089A3;А Спэйс 001Р-01;200;27.11.2026;1000;RUB;889;17;8,54;8,54;;;;;;
RU000A107W71;Солид-Лизинг БО-02;500;27.11.2026;1000;RUB;550;;;;;;;;;
RU000A107W48;ИНАРКТИКА 002Р-01;3000;27.11.2026;1000;RUB;1000;14,25;35,53;35,53;;;;;;
RU000A107AW3;Аэрофьюэлз-002Р-02;1400;27.11.2026;1000;RUB;500;16;9,97;9,97;;;;;;
RU000A1070V9;СФО БКС Структурные Ноты 10;125,696;27.11.2026;1000;RUB;1000;0,01;0,3;0,3;;;;;;
RU000A104US6;УОМЗ ПО АО БО-04;3500;27.11.2026;1000;RUB;1000;;;;;;;;;
RU000A104693;АФК Система БО 001P-23;5000;27.11.2026;1000;RUB;1000;17,5;43,63;43,63;;;;;;
RU000A1043H5;СберИОС 001Р-492R 5Г GAZP;295,287;27.11.2026;1000;RUB;1000;0,01;0,1;0,1;;;;;;
RU000A1041N7;СберИОС 001Р-491R 5Г IMOEX;137,211;27.11.2026;1000;RUB;1000;0,01;0,1;0,1;;;;;;
RU000A1041M9;СберИОС 001Р-490R 5Г SPX;146,38;27.11.2026;1000;RUB;1000;0,01;0,1;0,1;;;;;;
RU000A101590;ДОМ.РФ ПАО 001Р-07R;20000;27.11.2026;1000;RUB;1000;14,1;70,31;70,31;;;;;;
RU000A0ZZWQ8;Концессии водснаб Саратов 01;1150;27.11.2026;1000;RUB;615,4;18,5;113,54;113,54;;;;;;
RU000A0ZZ984;ГТЛК БО 001P-10;10000;27.11.2026;1000;RUB;1000;0,1;0,25;0,25;;;;;;
RU000A0JUCA9;ФСК Россети(ПАО)-обл. сер.34;14000;27.11.2026;1000;RUB;1000;;;;;;;;;
RU000A0JUC92;ФСК Россети(ПАО)-обл. сер.30;10000;27.11.2026;1000;RUB;1000;;;;;;;;;
RU000A10FEQ5;СФО СБ Секьюритизация 5 кл.АР2;80000;26.11.2026;1000;RUB;1000;;;;;;;;;
RU000A10FEP7;СФО СБ Секьюритизация 5 кл.АC;80000;26.11.2026;1000;RUB;1000;;;;;;;;;
RU000A10F8T1;Ростелеком ПАО 003P-01;20000;26.11.2026;1000;RUB;1000;3,85;9,6;9,6;;;;;;
RU000A10F793;ИА ТБ-7 класс Б;1014,579;26.11.2026;1000;RUB;1000;;;;;;;;;
RU000A10F785;ИА ТБ-7 класс А;9131,208;26.11.2026;1000;RUB;1000;16;12,17;12,17;;;;;;
RU000A10F108;Акрон (ПАО) БО-002P-03;1000;26.11.2026;1000;CNY;1000;7,85;6,45;73,12;;;;;;
RU000A10EQE8;Первый ЮвелирЛомб БО-02;75;26.11.2026;1000;RUB;1000;23;18,9;18,9;;;;;;
RU000A10EQD0;ЛК Роделен БО 002P-05;500;26.11.2026;1000;RUB;1000;22;18,08;18,08;;;;;;
RU000A10EK48;СФО СБ Секьюритизация 4 кл.АС;22700;26.11.2026;1000;RUB;875,15;15,5;10,37;10,37;;;;;;
RU000A10EK30;СФО СБ Секьюритизация 4 кл.АР;10000;26.11.2026;1000;RUB;817,5;15,37;5,92;5,92;;;;;;
RU000A10EDB2;Аквилон-Лизинг БО-05-001P;82,318;26.11.2026;1000;RUB;920;;;;;;;;;
RU000A10E6J7;Страна Девелопмент 002Р-02;1000;26.11.2026;1000;RUB;1000;25,25;20,75;20,75;;;;;;
RU000A10E6G3;ООО Л-Старт 001Р-1;175;26.11.2026;1000;RUB;1000;31;25,48;25,48;;;;;;
RU000A10DMN0;реСтор 001Р-02;1000;26.11.2026;1000;RUB;1000;18,85;15,49;15,49;;;;;;
RU000A10DLY9;ООО Л-Старт БО-02;325;26.11.2026;1000;RUB;1000;31;77,29;77,29;;;;;;
RU000A10DD30;СФО СБ Секьюритизация 3 кл.А1;17700;26.11.2026;1000;RUB;685,36;16,5;7,2;7,2;;;;;;
RU000A10DCM3;ГК Самолет БО-П21;1000;26.11.2026;50000;RUB;50000;13;534,25;534,25;;;;;;
RU000A10DCK7;АБЗ-1 002P-04;3000;26.11.2026;1000;RUB;1000;19,5;16,03;16,03;;;;;;
RU000A10DCJ9;Ростелеком ПАО 001P-21R;30000;26.11.2026;1000;RUB;1000;;;;;;;;;
RU000A10DCG5;ХК Новотранс 002P-02;13500;26.11.2026;1000;RUB;1000;;;;;;;;;
RU000A10DCF7;ХК Новотранс 002P-01;8500;26.11.2026;1000;RUB;1000;16;13,15;13,15;;;;;;
RU000A10DCE0;МКАО Воксис 001Р-01;300;26.11.2026;1000;RUB;1000;21;17,26;17,26;;;;;;
RU000A10DBB8;СФО ГПБ-СПК Б2;500;26.11.2026;1000;RUB;1000;;;;;;;;;
RU000A10DBA0;СФО ГПБ-СПК А2;2000;26.11.2026;1000;RUB;732,55;16,5;7,43;7,43;;;;;;
RU000A10D5H4;СинараСекьюр_А;7200;26.11.2026;1000;RUB;1000;16,5;;;;;;;;
RU000A10CZ68;ФосАгро БО-02-04;250;26.11.2026;1000;USD;1000;7;5,75;443,1;;;;;;
RU000A10CZ43;ИЭК ХОЛДИНГ 001Р-04;3000;26.11.2026;1000;RUB;1000;;;;;;;;;
RU000A10CZ35;Транспортная ЛК 001P-04;58,834;26.11.2026;1000;RUB;1000;24;19,73;19,73;;;;;;
RU000A10CMD3;Ростелеком ПАО 001P-19R;20000;26.11.2026;1000;RUB;1000;13,3;10,93;10,93;;;;;;
RU000A10CM89;КИФА БО-01;50;26.11.2026;100;CNY;100;14,5;1,19;13,49;;;;;;
RU000A10BYZ3;Медскан 001Р-01;3000;26.11.2026;1000;RUB;1000;18,5;15,21;15,21;;;;;;
RU000A10BQR6;СФО СБ Секьюритизация 2 классА;10900;26.11.2026;1000;RUB;423,15;20,3;5,01;5,01;;;;;;
RU000A10BQH7;АйДи Коллект 001P-04;500;26.11.2026;1000;RUB;1000;25,25;20,75;20,75;;;;;;
RU000A10BQG9;ФЛИТ 001P-01;500;26.11.2026;1000;RUB;1000;20,8;17,1;17,1;;;;;;
RU000A10BQF1;ГИДРОМАШСЕРВИС АО 001Р-03;5000;26.11.2026;1000;RUB;1000;;;;;;;;;
RU000A10BPQ0;СОПФ ДОМ.РФ 13;10000;26.11.2026;1000;RUB;1000;17,95;44,75;44,75;;;;;;
RU000A10BPF3;ТГК-14 001Р-07;6500;26.11.2026;1000;RUB;1000;21,5;53,6;53,6;;;;;;
RU000A10B7T7;СФО ТБ-3 класс А;4500;26.11.2026;1000;RUB;175,46;25;;;;;;;;
RU000A10B0U0;АО Авто Финанс Банк БО-001Р-14;5000;26.11.2026;1000;RUB;1000;23;18,9;18,9;;;;;;
RU000A10B0T2;РЖД БО 001P-39R;20000;26.11.2026;1000;RUB;1000;17,9;14,71;14,71;;;;;;
RU000A10B0S4;Кокс ПАО 001P-03;300;26.11.2026;1000;RUB;1000;;;;;;;;;
RU000A10B0R6;Кокс ПАО 001P-02;1000;26.11.2026;1000;RUB;1000;;;;;;;;;
RU000A10B0J3;ДельтаЛизинг 001P-02;4500;26.11.2026;1000;RUB;800;24;12,62;12,62;;;;;;
RU000A10AT01;ЛКХ-02;50;26.11.2026;1000;RUB;1000;31;25,48;25,48;;;;;;
RU000A10ASZ7;РЖД БО 001P-35R;17000;26.11.2026;1000;RUB;1000;20,1;16,52;16,52;;;;;;
RU000A10ASY0;РЖД БО 001P-34R;20000;26.11.2026;1000;RUB;1000;20,1;16,52;16,52;;;;;;
RU000A10ASW4;КАМАЗ ПАО БО-П14;10000;26.11.2026;1000;RUB;1000;;;;;;;;;
RU000A1097T6;СФО СБ Секьюритизация класс А;9500;26.11.2026;1000;RUB;265,17;20;2,85;2,85;;;;;;
RU000A108Y86;ПАО ЛК Европлан 001P-07;12000;26.11.2026;1000;RUB;1000;;;;;;;;;
RU000A108Y60;ПЕРВОУРАЛЬСКБАНК 001Р-01;300;26.11.2026;1000;RUB;502;22;6,08;6,08;;;;;;
RU000A107DR7;СФО МОС МСП 6 02;4000;26.11.2026;1000;RUB;296,33;15,6;;;;;;;;
RU000A107D17;Россети ПАО БО 001P-12R;5000;26.11.2026;1000;RUB;1000;12,8;10,52;10,52;;;;;;
RU000A107CG2;Россети ПАО БО 001P-11R;10000;26.11.2026;1000;RUB;1000;;;;;;;;;
RU000A107AU7;ВЭБ.РФ ПБО-002Р-39;40000;26.11.2026;1000;RUB;1000;;;;;;;;;
RU000A107AM4;АЛЬФА-БАНК Б2Р25;11000;26.11.2026;1000;RUB;1000;13,25;33,03;33,03;;;;;;
RU000A106P97;СОПФ ДОМ.РФ 6;30000;26.11.2026;1000;RUB;1000;;;;;;;;;
RU000A106DJ6;Мосрегионлифт БО-02;200;26.11.2026;1000;RUB;550;15,25;4,39;4,39;;;;;;
RU000A104B04;Петербургснаб 001Р-01;8,014;26.11.2026;1000;RUB;119;13,25;0,26;0,26;;;;;;
RU000A104057;Сбер CIB-CO-87 (структурные);0;26.11.2026;1000;RUB;1000;0,01;0,5;0,5;;;;;;
RU000A102SM7;СДЭК Глобал БО-П01;500;26.11.2026;1000;RUB;300;9,5;1,56;1,56;;;;;;
RU000A100EV2;УОМЗ ПО АО БО-П01;3500;26.11.2026;1000;RUB;1000;0,1;0,5;0,5;;;;;;
RU000A100ET6;ДОМ.РФ ПАО 001Р-06R;25000;26.11.2026;1000;RUB;1000;14,1;70,31;70,31;;;;;;
RU000A0ZYJR6;Совкомбанк ПАО обл. БО-05;9982,252;26.11.2026;1000;RUB;1000;13;64,82;64,82;;;;;;
XS2263765856;Republic of Uzbekistan 11/30;555;25.11.2026;1000;USD;1000;3,7;18,5;1425,63;;;;;;
XS2252958751;VEON Holdings B.V. 25/11/27;750;25.11.2026;1000;USD;1000;3,375;16,875;1300,41;;;;;;
RU000A106Z61;ОФЗ-ПК 29025 12/08/37;655460,338;25.11.2026;1000;RUB;1000;;;;;;;;;
RU000A108EF8;ОФЗ-ПД 26247 11/05/39;1000000;25.11.2026;1000;RUB;1000;12,25;61,08;61,08;;;;;;
RU000A105FZ9;ОФЗ-ПД 26241 17/11/32;750000;25.11.2026;1000;RUB;1000;9,5;47,37;47,37;;;;;;
RU000A0ZYUA9;ОФЗ-ПД 26224 23/05/29;446912,955;25.11.2026;1000;RUB;1000;6,9;34,41;34,41;;;;;;
RU000A10F9N2;ЛКПРОГР БО-02;100;25.11.2026;1000;RUB;1000;25;20,55;20,55;;;;;;
RU000A10F9B7;Мобильные Телесистемы 003Р-03;20000;25.11.2026;1000;RUB;1000;13,55;11,14;11,14;;;;;;
RU000A10F0X0;ТД РКС 002Р-08;600;25.11.2026;1000;RUB;1000;25,5;20,96;20,96;;;;;;
RU000A10F0W2;АйДи Коллект 001P-08;1300;25.11.2026;1000;RUB;1000;20,25;16,64;16,64;;;;;;
RU000A10EYN3;Совком Ипотечный агент-1;8032;25.11.2026;1000;RUB;1000;;;;;;;;;
RU000A10EXM7;Ипотечный агент РТБ-1;8365,6;25.11.2026;1000;RUB;989,17;15,8;12,74;12,74;;;;;;
RU000A10EQ83;ГК Самолет 002P-03;1000;25.11.2026;1000;RUB;1000;21,5;17,67;17,67;;;;;;
RU000A10EQ75;ЕвразХолдинг Финанс 003P-06;50000;25.11.2026;1000;RUB;1000;;;;;;;;;
RU000A10EQ42;ЭР-Телеком Холдинг ПБО-02-11;11000;25.11.2026;1000;RUB;1000;;;;;;;;;
RU000A10EQ34;АО Авто Финанс Банк БО-001Р-18;7000;25.11.2026;1000;RUB;1000;14,75;12,12;12,12;;;;;;
RU000A10E6D0;ВУШ БО 001P-05;1000;25.11.2026;1000;RUB;1000;22;18,08;18,08;;;;;;
RU000A10DBZ7;Акрон (ПАО) БО-002P-01;150;25.11.2026;1000;USD;1000;7,7;6,33;487,8;;;;;;
RU000A10DBV6;Уралкуз 001Р-03;1486,071;25.11.2026;1000;RUB;1000;20;16,44;16,44;;;;;;
RU000A10DBS2;ЭНЕРГОНИКА 001Р-07;300;25.11.2026;1000;RUB;1000;23;18,9;18,9;;;;;;
RU000A10DBE2;СОПФ ДОМ.РФ 12;35000;25.11.2026;1000;RUB;1000;;;;;;;;;
RU000A10D699;Банк ВТБ (ПАО) Б-1-384;238,384;25.11.2026;1000;RUB;1000;0,01;0,1;0,1;;;;;;
RU000A10D4A2;СФО Эльтон класс А;158;25.11.2026;1000;RUB;730,07;18;;;;;;;;
RU000A10BYR0;Самокат БО-03;300;25.11.2026;1000;RUB;1000;27;22,19;22,19;;;;;;
RU000A10BQD6;МЕТАЛЛОИНВЕСТ 001P-14;45000;25.11.2026;1000;RUB;1000;;;;;;;;;
RU000A10BQC8;ХЭНДЕРСОН 001P-01;1800;25.11.2026;1000;RUB;1000;19,5;16,03;16,03;;;;;;
RU000A10BQB0;ГТЛК БО 002P-08;15000;25.11.2026;1000;RUB;1000;19,5;16,03;16,03;;;;;;
RU000A10B8C1;МФК Лайм-Займ 05;400;25.11.2026;1000;RUB;800;27,5;15,82;15,82;;;;;;
RU000A10B0C8;МЕТАЛЛОИНВЕСТ 001P-12;1500;25.11.2026;1000;CNY;1000;10,2;8,38;94,99;;;;;;
RU000A10B0B0;Группа ЛСР ПАО БО 001Р-10;4000;25.11.2026;1000;RUB;1000;;;;;;;;;
RU000A10B081;ЭкономЛизинг 001Р-08;100;25.11.2026;1000;RUB;1000;27;22,19;22,19;;;;;;
RU000A10AST0;СовкомСекьюр_А;8000;25.11.2026;1000;RUB;816;23;12,93;12,93;;;;;;
RU000A10ASF9;Сибирское Стекло БО-01;350;25.11.2026;1000;RUB;900;29;16,68;16,68;;;;;;
RU000A10AAU6;Минфин Амурской обл. 24001;2935,217;25.11.2026;1000;RUB;1000;;;;;;;;;
RU000A1087J8;Газпром капитал БО-002Р-14;20000;25.11.2026;1000;RUB;1000;;;;;;;;;
RU000A1087G4;МФК ПСБ Финанс 002Р-01;500;25.11.2026;1000;RUB;300;;;;;;;;;
RU000A1087A7;ЭР-Телеком Холдинг ПБО-02-06;8000;25.11.2026;1000;RUB;1000;15;12,33;12,33;;;;;;
RU000A107UX9;Газпром нефть БО 003P-11R;20000;25.11.2026;1000;RUB;1000;;;;;;;;;
RU000A107TK8;СОПФ ДОМ.РФ 8;15000;25.11.2026;1000;RUB;1000;;;;;;;;;
RU000A107RZ0;ГК Самолет БО-П13;24500;25.11.2026;1000;RUB;1000;21;17,26;17,26;;;;;;
RU000A1070P1;ЧИСТАЯ ПЛАНЕТА БО-01;100;25.11.2026;1000;RUB;1000;;;;;;;;;
RU000A106ZL5;РЖД БО 001P-28R;45000;25.11.2026;1000;RUB;1000;;;;;;;;;
RU000A105559;ФСК Россети ПАО БО 001P-06R;15000;25.11.2026;1000;RUB;1000;;;;;;;;;
RU000A104TQ2;ЕАБР БО 001P-08;7000;25.11.2026;1000;RUB;1000;11,5;57,34;57,34;;;;;;
RU000A103TW2;Банк ВТБ (ПАО) Б-1-241;35,906;25.11.2026;1000;RUB;1000;0,01;0,05;0,05;;;;;;
RU000A103174;Банк ВТБ (ПАО) Б-1-217;163,174;25.11.2026;1000;RUB;1000;0,01;0,05;0,05;;;;;;
RU000A101H92;"ПАО ""ПСБ"" обл.15";6750;25.11.2026;10000000;RUB;10000000;2,5;62328,77;62328,77;;;;;;
RU000A1014U9;ТП Кировский 001P-01R;1200;25.11.2026;1000;RUB;1000;;;;;;;;;
RU000A0ZYJJ3;ПАО НК Роснефть 002P-02;300000;25.11.2026;1000;RUB;1000;8;39,89;39,89;;;;;;
RU000A0ZYJH7;ПАО НК Роснефть 002P-01;300000;25.11.2026;1000;RUB;1000;8;39,89;39,89;;;;;;
RU000A0ZYJ91;ФСК Россети(ПАО) БО-04;7000;25.11.2026;1000;RUB;1000;12;29,92;29,92;;;;;;
RU000A0JX132;ПАО НК Роснефть 001P-01;600000;25.11.2026;1000;RUB;1000;8;19,95;19,95;;;;;;
RU000A0JTFB2;Главная дорога АО об.сер. 06;8172,92;25.11.2026;1000;RUB;375;10,74;40,16;40,16;;;;;;
RU000A10F8V7;Газпром нефть 005Р-08R;100000;24.11.2026;1000;RUB;1000;;;;;;;;;
RU000A10F8U9;ЭР-Телеком Холдинг ПБО-02-08;10000;24.11.2026;1000;RUB;1000;;;;;;;;;
RU000A10F8R5;СКС ЛОМБАРД БО-03;200;24.11.2026;1000;RUB;1000;21,5;17,67;17,67;;;;;;
RU000A10F8Q7;Ростовская область 34001;7500;24.11.2026;1000;RUB;1000;;;;;;;;;
RU000A10F8P9;РЖД БО 001P-53R;45000;24.11.2026;1000;RUB;1000;10,75;8,84;8,84;;;;;;
RU000A10F8N4;Мобильные Телесистемы 003Р-02;40000;24.11.2026;1000;RUB;1000;;;;;;;;;
RU000A10EYZ7;МегаФон ПАО БО-002Р-12;30000;24.11.2026;1000;RUB;1000;;;;;;;;;
RU000A10EYY0;Медскан 001Р-02;3500;24.11.2026;1000;RUB;1000;15,35;12,62;12,62;;;;;;
RU000A10EYX2;МегаФон ПАО БО-002Р-11;25000;24.11.2026;1000;RUB;1000;;;;;;;;;
RU000A10EYW4;ПГК 003Р-05;2200;24.11.2026;1000;RUB;1000;;;;;;;;;
RU000A10EYV6;ПГК 003Р-04;20000;24.11.2026;1000;RUB;1000;15,4;12,66;12,66;;;;;;
RU000A10EYU8;ВУШ БО 001P-06;666,653;24.11.2026;1000;RUB;1000;22;18,08;18,08;;;;;;
RU000A10EYT0;Идель Нефтемаш 001Р-01;250;24.11.2026;1000;RUB;1000;27;22,19;22,19;;;;;;
RU000A10EYJ1;ВИС ФИНАНС БО-П12;2500;24.11.2026;1000;RUB;1000;16,5;13,56;13,56;;;;;;
RU000A10EYH5;Группа ЛСР ПАО БО 002Р-01;10000;24.11.2026;1000;RUB;1000;15,65;12,86;12,86;;;;;;
RU000A10EVQ2;Банк ВТБ (ПАО) Б-1-391;69,35;24.11.2026;1000;RUB;1000;0,01;0,02;0,02;;;;;;
RU000A10EE87;АФК Система БО 002Р-12;5500;24.11.2026;1000;RUB;1000;17,5;14,38;14,38;;;;;;
RU000A10EDW8;Магнит ПАО БО-006Р-01;85000;24.11.2026;1000;RUB;1000;;;;;;;;;
RU000A10EDV0;АйДи Коллект 001P-07;1700;24.11.2026;1000;RUB;1000;20,75;17,05;17,05;;;;;;
RU000A10E655;ГЛОРАКС 001Р-05;5000;24.11.2026;1000;RUB;1000;20,5;16,85;16,85;;;;;;
RU000A10E630;Газпром нефть 005P-04R;138000;24.11.2026;1000;RUB;1000;;;;;;;;;
RU000A10E2B3;Совком Экспресс 001P-01;500;24.11.2026;1000;RUB;1000;19,5;16,03;16,03;;;;;;
RU000A10E291;ГК Азот 001Р-01;1000;24.11.2026;1000;RUB;1000;17,4;14,3;14,3;;;;;;
RU000A10E283;ХРОМОС Инжиниринг БО-04;260;24.11.2026;1000;RUB;1000;24,5;20,14;20,14;;;;;;
RU000A10DBM5;СФО ТБ-5 класс А;12000;24.11.2026;1000;RUB;1000;17,3;14,69;14,69;;;;;;
RU000A10DBH5;ВОСТОК-ОЙЛ БО-01;175;24.11.2026;1000;RUB;1000;27;22,19;22,19;;;;;;
RU000A10CWQ4;АЛЬФА-Б С-1-837 структурные;0;24.11.2026;1000;RUB;1000;0,01;0,1;0,1;;;;;;
RU000A10CWF7;ПГК 003Р-01;12000;24.11.2026;1000;RUB;1000;15,75;12,95;12,95;;;;;;
RU000A10CSP4;Республика Башкортостан 34016;5000;24.11.2026;1000;RUB;1000;14;11,51;11,51;;;;;;
RU000A10C8T4;СИБУР Холдинг 001Р-07;40000;24.11.2026;1000;RUB;1000;13,95;11,47;11,47;;;;;;
RU000A10C8Q0;ГМК Нор.никель БО-001Р-13;975;24.11.2026;100;USD;100;7,75;0,64;49,32;;;;;;
RU000A10C8M9;Михайловский Молочный Завод-03;55;24.11.2026;1000;RUB;1000;22,5;17,2;17,2;;;;;;
RU000A10C8H9;Оил Ресурс 001P-02;3000;24.11.2026;1000;RUB;1000;28;23,01;23,01;;;;;;
RU000A10BY94;АФК Система БО 002Р-03;12000;24.11.2026;1000;RUB;1000;21,5;17,67;17,67;;;;;;
RU000A10BY45;Новые технологии 001Р-07;1300;24.11.2026;1000;RUB;1000;20,25;16,64;16,64;;;;;;
RU000A10BQ78;СИМПЛ 001Р-04;1500;24.11.2026;1000;RUB;1000;;;;;;;;;
RU000A10BQ60;РОЛЬФ БО 001Р-08;1500;24.11.2026;1000;RUB;1000;25,5;20,96;20,96;;;;;;
RU000A10B7W1;Р-Вижн 001Р-02;500;24.11.2026;1000;RUB;1000;24,5;20,14;20,14;;;;;;
RU000A10B008;Южуралзолото 001P-04;200;24.11.2026;100;USD;100;10,6;0,87;67,04;;;;;;
RU000A10AZY5;АПРИ БО-002Р-09;1000;24.11.2026;1000;RUB;1000;24;19,73;19,73;;;;;;
RU000A10AND5;СберИОС 001Р-672R 3Г BSKRUS;535,663;24.11.2026;1000;RUB;1000;0,01;0,01;0,01;;;;;;
RU000A10A7S0;Селектел 001P-05R;4000;24.11.2026;1000;RUB;1000;;;;;;;;;
RU000A109AU3;Агродом БО-01;88,646;24.11.2026;1000;RUB;1000;;;;;;;;;
RU000A1097C2;АРЕНЗА-ПРО 001P-05;300;24.11.2026;1000;RUB;700;;;;;;;;;
RU000A1095L7;ГК Самолет БО-П14;20000;24.11.2026;1000;RUB;1000;;;;;;;;;
RU000A1093L2;ВЭБ.РФ ПБО-002Р-46;45000;24.11.2026;1000;RUB;1000;;;;;;;;;
RU000A107UU5;Брусника 002Р-02;7500;24.11.2026;1000;RUB;750;21;8,92;8,92;;;;;;
RU000A107UB5;МГКЛ 001Р-05;500;24.11.2026;1000;RUB;1000;20;49,86;49,86;;;;;;
RU000A1079S6;МЕТАЛЛОИНВЕСТ 001P-06;15000;24.11.2026;1000;RUB;1000;;;;;;;;;
RU000A1079H9;Роял Капитал БО-П10;150;24.11.2026;1000;RUB;1000;16;39,89;39,89;;;;;;
RU000A1070G0;МФК Быстроденьги 002Р-03;333,356;24.11.2026;1000;RUB;1000;15;9,86;9,86;;;;;;
RU000A106SQ9;Газпром капитал БО-002Р-08;20000;24.11.2026;1000;RUB;1000;;;;;;;;;
RU000A106SM8;Газпром капитал БО-002Р-07;40000;24.11.2026;1000;RUB;1000;;;;;;;;;
RU000A106AT1;Газпром капитал ООО БО-001Р-06;45000;24.11.2026;1000;RUB;1000;10;24,93;24,93;;;;;;
RU000A105M59;ЛК Роделен БО 001Р-03;250;24.11.2026;1000;RUB;473,7;19;5,67;5,67;;;;;;
RU000A105GW4;ГПБ (АО) БО 001Р-22Р;20000;24.11.2026;1000;RUB;1000;17,5;88,22;88,22;;;;;;
RU000A1053H4;Лизинг-Трейд 001P-05;100;24.11.2026;1000;RUB;1000;15;12,33;12,33;;;;;;
RU000A103ZS7;Банк ВТБ С-1-95 (структурные);0;24.11.2026;1000;RUB;1000;0;;;;;;;;
RU000A103X90;СберИОС 001Р-481R 5Г РБЧ-М;675,892;24.11.2026;1000;RUB;1000;0,01;0,5;0,5;;;;;;
RU000A1022E6;ПР-Лизинг ООО БО 002Р-01;1750;24.11.2026;1000;RUB;1000;19;15,62;15,62;;;;;;
RU000A101QN1;Газпром капитал ООО БО-001Р-04;15000;24.11.2026;1000;RUB;1000;5,9;29,42;29,42;;;;;;
RU000A1014J2;Банк ВТБ ПАО Т2-3;20000;24.11.2026;10000000;RUB;10000000;18,22;908504,11;908504,11;;;;;;
RU000A0JXSS1;Акрон (ПАО) БО-001P-02;5000;24.11.2026;1000;RUB;1000;5;24,93;24,93;;;;;;
RU000A0JXN05;Российские ЖД БО-001P-01R;15000;24.11.2026;1000;RUB;1000;18,4;91,75;91,75;;;;;;
RU000A10FJ65;ЛК Роделен БО 002P-06;500;23.11.2026;1000;RUB;1000;21;17,26;17,26;;;;;;
RU000A10FJ16;ВИС ФИНАНС БО-П13;1250;23.11.2026;1000;RUB;1000;16,5;13,56;13,56;;;;;;
RU000A10FJ08;ПРОГРЕСС БО-01;100;23.11.2026;1000;RUB;1000;24;19,73;19,73;;;;;;
RU000A10FHY2;ЭкоНива 001P-03;3000;23.11.2026;1000;RUB;1000;15,75;12,95;12,95;;;;;;
RU000A10FGG1;Джи-групп 002P-08;2000;23.11.2026;1000;RUB;1000;;;;;;;;;
RU000A10F8G8;СПМК БО-03;500;23.11.2026;1000;RUB;1000;18;14,79;14,79;;;;;;
RU000A10F8F0;Газпром нефть 005Р-09R;200;23.11.2026;1000;USD;1000;7,5;6,16;474,7;;;;;;
RU000A10F827;МегаФон ПАО БО-002Р-13;15000;23.11.2026;1000;RUB;1000;13,3;10,93;10,93;;;;;;
RU000A10EYG7;Полюс ПБО-06;2600;23.11.2026;1000;CNY;1000;7,65;6,29;71,3;;;;;;
RU000A10ED70;Первый ЮвелирЛомб БО-01;75;23.11.2026;1000;RUB;1000;25;20,55;20,55;;;;;;
RU000A10ED62;ПКО Вернём 001Р-01;150;23.11.2026;1000;RUB;1000;26,5;21,78;21,78;;;;;;
RU000A10EC63;Брусника 002Р-06;1500;23.11.2026;1000;RUB;1000;22,75;18,7;18,7;;;;;;
RU000A10E5X0;РусГидро БО-002Р-11;30000;23.11.2026;1000;RUB;1000;;;;;;;;;
RU000A10DUR4;Балтийский лизинг ООО БО-П23;500;23.11.2026;1000;RUB;1000;;;;;;;;;
RU000A10DM96;Россети ПАО БО 001P-19R;35000;23.11.2026;1000;RUB;1000;;;;;;;;;
RU000A10DB16;Оил Ресурс 001P-03;3755,298;23.11.2026;1000;RUB;1000;28;23,01;23,01;;;;;;
RU000A10D616;Балтийский лизинг ООО БО-П20;1500;23.11.2026;1000;RUB;1000;18,75;15,41;15,41;;;;;;
RU000A10D3W8;АЛЬФА-БАНК Б1Р32;19,188;23.11.2026;1000;RUB;1000;0,01;0,1;0,1;;;;;;
RU000A10CUF1;ТАЛК002P-03;200;23.11.2026;1000;RUB;1000;;;;;;;;;
RU000A10C8C0;РЖД БО 001P-44R;40000;23.11.2026;1000;RUB;1000;13,95;11,47;11,47;;;;;;
RU000A10C8B2;СОБИ-ЛИЗИНГ 001Р-07;86,529;23.11.2026;1000;RUB;760;22;11,57;11,57;;;;;;
RU000A10C8A4;Полипласт АО П02-БО-08;500;23.11.2026;100;CNY;100;13,95;1,15;13,04;;;;;;
RU000A10C873;СКС ЛОМБАРД БО-01;100;23.11.2026;1000;RUB;1000;28,5;23,42;23,42;;;;;;
RU000A10BY52;iКаршеринг Руссия 001P-06;2000;23.11.2026;1000;RUB;1000;20;16,44;16,44;;;;;;
RU000A10BXQ4;ДиректЛизинг БО 002Р-04;100;23.11.2026;1000;RUB;799,6;;;;;;;;;
RU000A10B7S9;ПКО СЗА БО-02;100;23.11.2026;1000;RUB;1000;28,5;23,42;23,42;;;;;;
RU000A10B7N0;БиоВитрум 001Р-01;100;23.11.2026;1000;RUB;1000;28;23,01;23,01;;;;;;
RU000A10A7H3;СИБУР Холдинг 001Р-02;9900;23.11.2026;1000;RUB;1000;;;;;;;;;
RU000A10A7F7;ВЭБ.РФ ПБО-002Р-47;20000;23.11.2026;1000;RUB;1000;;;;;;;;;
RU000A10A7C4;ПАО ЛК Европлан 001P-08;8500;23.11.2026;1000;RUB;1000;;;;;;;;;
RU000A10A505;Виллина 001P-01;60;23.11.2026;1000;RUB;1000;28;59,34;59,34;;;;;;
RU000A109QN4;Экспобанк 001P-02;5000;23.11.2026;1000;RUB;1000;;;;;;;;;
RU000A109Q85;АЛЬФА-Б C-1-504 (структурные);0;23.11.2026;1000;RUB;1000;0,01;0,2;0,2;;;;;;
RU000A109MG7;ДОМ.РФ Ипотечный агент БО 1P50;29990,754;23.11.2026;1000;RUB;852,08;;;;;;;;;
RU000A109E71;ТрансКонтейнер П02-01;27000;23.11.2026;1000;RUB;1000;;;;;;;;;
RU000A108ZH9;Славнефть БО 002Р-05;10000;23.11.2026;1000;RUB;1000;;;;;;;;;
RU000A108LN7;СмартФакт БО-03-001P;200;23.11.2026;1000;RUB;1000;;;;;;;;;
RU000A108GC0;ДОМ.РФ Ипотечный агент БО 1P44;59689,796;23.11.2026;1000;RUB;807,3;;;;;;;;;
RU000A108BD9;АЛЬФА-БАНК ЗО-400;262,414;23.11.2026;1000;USD;1000;5,9;14,75;1136,65;;;;;;
RU000A107464;СберИОС 001Р-590R 5Г AC MOEXFN;823,095;23.11.2026;1000;RUB;1000;0,01;0,01;0,01;;;;;;
RU000A107076;ЛК Роделен БО 002P-01;750;23.11.2026;1000;RUB;1000;;;;;;;;;
RU000A106YR5;ДОМ.РФ Ипотечный агент БО 1P37;29839,165;23.11.2026;1000;RUB;731,31;;;;;;;;;
RU000A106L18;СберИОС 001Р-577R 5Г AC MOEXOG;364,256;23.11.2026;1000;RUB;1000;0,01;0,01;0,01;;;;;;
RU000A105HH3;РЕСО-Лизинг ООО БО-02П-02;6000;23.11.2026;1000;RUB;1000;;;;;;;;;
RU000A104UA4;ГК Сегежа 002P-04R;8200;23.11.2026;1000;RUB;1000;9,85;24,56;24,56;;;;;;
RU000A103Y16;СберИОС 001Р-482R 5Г ТЕХ;574,038;23.11.2026;1000;RUB;1000;0,01;0,5;0,5;;;;;;
RU000A103TX0;Банк ВТБ (ПАО) Б-1-242;322,035;23.11.2026;1000;RUB;1000;0,01;0,05;0,05;;;;;;
RU000A103M36;ТрансФин-М ПАО 001P-07;6300;23.11.2026;1000;RUB;1000;;;;;;;;;
RU000A1035H1;РЕСО-Лизинг ООО БО-П-01;3000;23.11.2026;1000;RUB;1000;19,5;97,23;97,23;;;;;;
RU000A102SX4;АФК Система БО 001P-19;12500;23.11.2026;1000;RUB;1000;17,5;43,63;43,63;;;;;;
RU000A102SV8;АФК Система БО 001P-18;5000;23.11.2026;1000;RUB;1000;10;24,93;24,93;;;;;;
RU000A101QL5;ГТЛК БО 001P-17;10000;23.11.2026;1000;RUB;1000;16;39,89;39,89;;;;;;
RU000A0ZYHW0;Левенгук ПАО БО-01;100;23.11.2026;1000;RUB;1000;14,5;36,15;36,15;;;;;;
RU000A0JTYK4;ФСК Россети(ПАО)-обл. сер.28;20000;23.11.2026;1000;RUB;1000;;;;;;;;;
RU000A0JTYJ6;ФСК Россети (ПАО)-обл. сер.23;10000;23.11.2026;1000;RUB;1000;;;;;;;;;
RU000A10FHT2;Стеллар Груп Рус 001Р-02;200;22.11.2026;1000;RUB;1000;17;13,97;13,97;;;;;;
RU000A10FHS4;Ростелеком ПАО 001P-27R;20000;22.11.2026;1000;RUB;1000;;;;;;;;;
RU000A10FHQ8;Т Плюс 002Р-02;20000;22.11.2026;1000;RUB;1000;;;;;;;;;
RU000A10F850;РОЛЬФ БО 001Р-09;2000;22.11.2026;1000;RUB;1000;19,5;16,03;16,03;;;;;;
RU000A10F801;ГТЛК БО 002P-13;35000;22.11.2026;1000;RUB;1000;15,95;13,11;13,11;;;;;;
RU000A10EPX0;РусГидро БО-002Р-12;35000;22.11.2026;1000;RUB;1000;;;;;;;;;
RU000A10EPW2;Брусника 002Р-07;6000;22.11.2026;1000;RUB;1000;;;;;;;;;
RU000A10EPV4;СИМПЛ СОЛЮШНЗ КЭПИТЛ 001Р-02;700;22.11.2026;1000;RUB;1000;21;17,26;17,26;;;;;;
RU000A10EPU6;АВТОАССИСТАНС 001P-01;500;22.11.2026;1000;RUB;1000;24,5;20,14;20,14;;;;;;
RU000A10EPT8;ДиректЛизинг БО 002Р-06;200;22.11.2026;1000;RUB;949,9;24,5;17,78;17,78;;;;;;
RU000A10EPR2;Автодор ГК БО-005Р-15;500;22.11.2026;1000;RUB;1000;15,35;12,62;12,62;;;;;;
RU000A10EPQ4;Автодор ГК БО-005Р-16;3500;22.11.2026;1000;RUB;1000;15,4;12,66;12,66;;;;;;
RU000A10EMX7;АЛЬФА-БАНК T2-CR-10;2300;22.11.2026;100000000;RUB;100000000;;;;;;;;;
RU000A10ECY6;ЭЛЕКТРОРЕШЕНИЯ 001Р-03;1000;22.11.2026;1000;RUB;1000;23,5;19,32;19,32;;;;;;
RU000A10ECX8;Полипласт АО П02-БО-14;18;22.11.2026;100;USD;100;12,75;1,05;80,91;;;;;;
RU000A10ECW0;Полипласт АО П02-БО-15;45;22.11.2026;100;CNY;100;12,25;1,01;11,45;;;;;;
RU000A10EAB8;АРЕНЗА-ПРО 001P-07;400;22.11.2026;1000;RUB;1000;19;16,14;16,14;;;;;;
RU000A10E5S0;ТАЛК002P-04;300;22.11.2026;1000;RUB;1000;24;19,73;19,73;;;;;;
RU000A10DUQ6;Балтийский лизинг ООО БО-П22;3500;22.11.2026;1000;RUB;1000;20;16,44;16,44;;;;;;
RU000A10DLN2;ПКО Финэква 001Р-01;600;22.11.2026;1000;RUB;1000;24;19,73;19,73;;;;;;
RU000A10DA66;Газпром нефть 005P-02R;57000;22.11.2026;1000;RUB;1000;;;;;;;;;
RU000A10DA58;ВЕРАТЕК-02;55,377;22.11.2026;1000;RUB;1000;26;16,03;16,03;;;;;;
RU000A10DA41;ВИС ФИНАНС БО-П10;2500;22.11.2026;1000;RUB;1000;;;;;;;;;
RU000A10D9M6;РусГидро БО-002Р-10;15000;22.11.2026;1000;RUB;1000;;;;;;;;;
RU000A10CM06;АПРИ БО-002Р-11;2500;22.11.2026;1000;RUB;1000;25;20,55;20,55;;;;;;
RU000A10CLX3;Уральская Сталь БО-001Р-05;4000;22.11.2026;1000;RUB;1000;18,5;15,21;15,21;;;;;;
RU000A10C7C2;Алтимейт Эдьюкейшн БО-П01;600;22.11.2026;1000;RUB;1000;19,75;16,23;16,23;;;;;;
RU000A10BWN3;ТАЛК002P-02;200;22.11.2026;1000;RUB;1000;;;;;;;;;
RU000A10BWL7;МОНОПОЛИЯ 001P-05;500;22.11.2026;1000;RUB;1000;25,5;20,96;20,96;;;;;;
RU000A10B7J8;ФосАгро БО-02-03;642,2;22.11.2026;1000;USD;1000;7,5;6,16;474,7;;;;;;
RU000A10B7H2;Аптечная сеть 36,6 002P-02;1250;22.11.2026;1000;RUB;1000;;;;;;;;;
RU000A10ASE2;РОЛЬФ БО 001Р-07;1600;22.11.2026;1000;RUB;1000;26;21,37;21,37;;;;;;
RU000A10ASD4;РОЛЬФ БО 001Р-06;400;22.11.2026;1000;RUB;1000;;;;;;;;;
RU000A10ASC6;ПАО ЛК Европлан 001P-09;16000;22.11.2026;1000;RUB;900;24;13,81;13,81;;;;;;
RU000A109RX1;ГазТрансСнаб БО-01;112,47;22.11.2026;1000;RUB;900;;;;;;;;;
RU000A109DV5;Интерлизинг 001Р-09;4700;22.11.2026;1000;RUB;560;;;;;;;;;
RU000A108WV7;Фордевинд 06;37,909;22.11.2026;1000;RUB;1000;19;15,62;15,62;;;;;;
RU000A107C91;МСБ-Лизинг 003P-02;300;22.11.2026;1000;RUB;166,75;16;0,44;0,44;;;;;;
RU000A1076A0;БЭЛТИ-ГРАНД ООО БО-П06;185;22.11.2026;1000;RUB;950;14;9,78;9,78;;;;;;
RU000A106Q47;Фордевинд 03;500;22.11.2026;1000;RUB;1000;16;6,6;6,6;;;;;;
RU000A104EP6;НЗРМ ООО БО-01;160;22.11.2026;1000;RUB;325;;;;;;;;;
RU000A0ZZVQ0;Россельхозбанк АО БО-07Р;19900;22.11.2026;1000;RUB;1000;10,5;52,93;52,93;;;;;;
RU000A10FHH7;ЭН ПЛЮС ГИДРО 001РС-10;1000;21.11.2026;1000;CNY;1000;8,5;6,99;79,24;;;;;;
RU000A10F7V9;Полипласт АО П02-БО-16;5000;21.11.2026;1000;RUB;1000;17,45;14,34;14,34;;;;;;
RU000A10F7T3;Атомэнергопром АО 001Р-14;15000;21.11.2026;1000;RUB;1000;;;;;;;;;
RU000A10ENT3;ПКО Финэква 001Р-02;1000;21.11.2026;1000;RUB;1000;23;18,9;18,9;;;;;;
RU000A10ENS5;МЕТАЛЛОИНВЕСТ 002P-05;60000;21.11.2026;1000;RUB;1000;;;;;;;;;
RU000A10ECR0;ФЛИТ 001Р-02;500;21.11.2026;1000;RUB;916,7;17,52;12;12;;;;;;
RU000A10ECM1;Газпром капитал ООО БО-003Р-21;50000;21.11.2026;1000;RUB;1000;;;;;;;;;
RU000A10E1Z4;РЕСО-Лизинг ООО БО-П-29;5800;21.11.2026;1000;RUB;1000;14,5;11,92;11,92;;;;;;
RU000A10DZW3;РЖД БО 001P-50R;25000;21.11.2026;1000;RUB;1000;15,35;12,62;12,62;;;;;;
RU000A10DZU7;А101 БО-001Р-02;4150;21.11.2026;1000;RUB;1000;17;13,97;13,97;;;;;;
RU000A10DZT9;А101 БО-001Р-03;6350;21.11.2026;1000;RUB;1000;;;;;;;;;
RU000A10DZK8;Полипласт АО П02-БО-13;2750;21.11.2026;1000;RUB;1000;19,45;15,99;15,99;;;;;;
RU000A10DZJ0;Т Плюс 002Р-01;500;21.11.2026;1000;RUB;1000;;;;;;;;;
RU000A10DZH4;АПРИ БО-002Р-12;600;21.11.2026;1000;RUB;1000;25;20,55;20,55;;;;;;
RU000A10DY01;ГК Пионер БО 002P-02;2300;21.11.2026;1000;RUB;1000;;;;;;;;;
RU000A10DLE1;Газпром капитал БО-003Р-07;70000;21.11.2026;1000;RUB;1000;;;;;;;;;
RU000A10DLC5;ООО АСВ БО-04-001P;200;21.11.2026;1000;RUB;1000;25;20,55;20,55;;;;;;
RU000A10D9L8;АО Авто Финанс Банк БО-001Р-17;4000;21.11.2026;1000;RUB;1000;;;;;;;;;
RU000A10D9K0;АО Авто Финанс Банк БО-001Р-16;6000;21.11.2026;1000;RUB;1000;16,65;13,68;13,68;;;;;;
RU000A10CLD5;МСБ-Лизинг 003P-06;300;21.11.2026;1000;RUB;1000;23;18,9;18,9;;;;;;
RU000A10CFK2;СФО ТБ-4 класс А1;10000;21.11.2026;1000;RUB;1000;16;10,76;10,76;;;;;;
RU000A10C758;ТД РКС 002Р-06;700;21.11.2026;1000;RUB;1000;25;20,55;20,55;;;;;;
RU000A10C741;Кокс ПАО 001P-04;1500;21.11.2026;1000;RUB;1000;21;17,26;17,26;;;;;;
RU000A10BQ03;Спектр БО-02;300;21.11.2026;1000;RUB;1000;27,5;22,6;22,6;;;;;;
RU000A10BPZ1;АФК Система БО 002Р-02;12000;21.11.2026;1000;RUB;1000;22,75;18,7;18,7;;;;;;
RU000A10BPX6;Спектр БО-01;115,544;21.11.2026;1000;RUB;1000;;;;;;;;;
RU000A10BJX9;Балтийский лизинг ООО БО-П16;4500;21.11.2026;1000;RUB;890;22,25;14,26;14,26;;;;;;
RU000A10BJ93;ГК Сегежа 003P-05R;10000;21.11.2026;1000;RUB;1000;;;;;;;;;
RU000A10B7D1;Центр-резерв БО-04;200;21.11.2026;1000;RUB;950;29,5;21,82;21,82;;;;;;
RU000A10AS02;ТГК-14 001Р-05;4500;21.11.2026;1000;RUB;1000;24,75;20,34;20,34;;;;;;
RU000A10ARZ9;ТГК-14 001Р-06;350;21.11.2026;1000;RUB;1000;;;;;;;;;
RU000A109NF7;ЯТЭК 001Р-04;1500;21.11.2026;1000;RUB;1000;;;;;;;;;
RU000A109KC0;ИКС 5 ФИНАНС 003P-06;26000;21.11.2026;1000;RUB;1000;14,4;11,84;11,84;;;;;;
RU000A109DP7;ТАЛКлизинг001P-03;309,924;21.11.2026;1000;RUB;560;;;;;;;;;
RU000A108L81;Полюс ПБО-04;150;21.11.2026;100;USD;100;6,2;0,51;39,3;;;;;;
RU000A108L65;АйДи Коллект 07;499,51;21.11.2026;1000;RUB;917;19;9,14;9,14;;;;;;
RU000A1082Y8;Синара Транспортные Машины 1P4;10000;21.11.2026;1000;RUB;1000;17,85;14,67;14,67;;;;;;
RU000A107QM0;БИЗНЕС АЛЬЯНС 001P-04;444,321;21.11.2026;1000;RUB;1000;16;13,15;13,15;;;;;;
RU000A107QL2;БИЗНЕС АЛЬЯНС 001P-03;362,271;21.11.2026;1000;RUB;1000;;;;;;;;;
RU000A107C34;АйДи Коллект 06;2207,113;21.11.2026;1000;RUB;419;18;1,24;1,24;;;;;;
RU000A107C00;ИСТРИНСКАЯ СЫРОВАРНЯ БО-03;150;21.11.2026;1000;RUB;1000;;;;;;;;;
RU000A106UW3;Каршеринг Руссия 001P-03;4500;21.11.2026;1000;RUB;1000;13,7;11,26;11,26;;;;;;
RU000A10FGZ1;ГПБ Финанс 001Р-06Р;35000;20.11.2026;1000;RUB;1000;;;;;;;;;
RU000A10FGX6;АО Авто Финанс Банк БО-001Р-19;10000;20.11.2026;1000;RUB;1000;14,2;11,67;11,67;;;;;;
RU000A10FGV0;Полюс ПБО-11;1600;20.11.2026;1000;CNY;1000;7,8;6,41;72,66;;;;;;
RU000A10FGU2;ВУШ БО 001P-07;1000;20.11.2026;1000;RUB;1000;22,5;18,49;18,49;;;;;;
RU000A10F7L0;Атомэнергопром АО 001Р-12;80000;20.11.2026;1000;RUB;1000;13,7;34,16;34,16;;;;;;
RU000A10EY26;ФЛИТ 001Р-04;2000;20.11.2026;1000;RUB;919,3;16;9,98;9,98;;;;;;
RU000A10EXZ9;Озон 1P-02;15000;20.11.2026;1000;RUB;1000;;;;;;;;;
RU000A10ENA3;Йуми БО-01;250;20.11.2026;1000;RUB;1000;25;20,55;20,55;;;;;;
RU000A10EN78;БИЗНЕС АЛЬЯНС 001P-09;500;20.11.2026;1000;RUB;1000;23,5;19,32;19,32;;;;;;
RU000A10EN60;Ростелеком ПАО 001P-24R;15000;20.11.2026;1000;RUB;1000;13,9;11,42;11,42;;;;;;
RU000A10EN52;ВОСТОКОЙЛ-02;100;20.11.2026;1000;RUB;1000;26;21,37;21,37;;;;;;
RU000A10ECG3;ТрансФин-М 003P-03;1000;20.11.2026;1000;RUB;1000;;;;;;;;;
RU000A10DYZ9;АСГ ТРАНСФОРМАТОРЕН БО-01;100;20.11.2026;1000;RUB;1000;24;19,73;19,73;;;;;;
RU000A10DYP0;ИКС 5 ФИНАНС 003P-15;20000;20.11.2026;1000;RUB;1000;14,5;11,92;11,92;;;;;;
RU000A10DK98;Балтийский лизинг ООО БО-П21;2500;20.11.2026;1000;RUB;1000;;;;;;;;;
RU000A10DK80;СОБИ-ЛИЗИНГ 001Р-08;1,657;20.11.2026;1000;RUB;880;;;;;;;;;
RU000A10DJP1;Банк ВТБ (ПАО) Б-1-385;2000;20.11.2026;1000;RUB;1000;;;;;;;;;
RU000A10DJM8;Аквилон-Лизинг БО-04-001P;100;20.11.2026;1000;RUB;840;22;41,69;41,69;;;;;;
RU000A10CUB0;Биннофарм Групп 002Р-01;3500;20.11.2026;1000;RUB;1000;;;;;;;;;
RU000A10CU97;Лизинг-Трейд 001P-12;400;20.11.2026;1000;RUB;1000;23;18,9;18,9;;;;;;
RU000A10CU89;Селектел 001P-06R;6000;20.11.2026;1000;RUB;1000;15,4;12,66;12,66;;;;;;
RU000A10CU55;АФК Система БО 002Р-05;3000;20.11.2026;1000;RUB;1000;;;;;;;;;
RU000A10CU48;АФК Система БО 002Р-04;2000;20.11.2026;1000;RUB;1000;17;13,97;13,97;;;;;;
RU000A10CU30;Патриот Групп 001Р-02;300;20.11.2026;1000;RUB;1000;22;18,08;18,08;;;;;;
RU000A10CTX6;ВЭБ.РФ ПБО-002Р-54В;600;20.11.2026;1000;USD;1000;7,15;5,88;453,12;;;;;;
RU000A10CP11;СИНАРА-Капитал 001К-01;3000;20.11.2026;1000;RUB;1000;;;;;;;;;
RU000A10CL64;ГК Сегежа 003P-07R;650;20.11.2026;100;CNY;100;13;1,07;12,13;;;;;;
RU000A10CL07;Магнит ПАО БО-004Р-09;13900;20.11.2026;1000;RUB;1000;13,3;10,93;10,93;;;;;;
RU000A10CKZ0;ЕвразХолдинг Финанс 003P-04;60000;20.11.2026;1000;RUB;1000;13,9;11,42;11,42;;;;;;
RU000A10CKY3;Группа ЛСР ПАО БО 001Р-11;5000;20.11.2026;1000;RUB;1000;16;13,15;13,15;;;;;;
RU000A10CCJ1;Славянск ЭКО 001Р-04;10;20.11.2026;100;USD;100;13;1,1;84,77;;;;;;
RU000A10C725;МЕТАЛЛОИНВЕСТ 002P-01;55000;20.11.2026;1000;RUB;1000;;;;;;;;;
RU000A10C6Z5;ЛЕГЕНДА БО 002Р-04;2000;20.11.2026;1000;RUB;1000;20,25;16,64;16,64;;;;;;
RU000A10C6Y8;ЛЕГЕНДА БО 002Р-05;1500;20.11.2026;1000;RUB;1000;;;;;;;;;
RU000A10C6W2;ПАО Абрау – Дюрсо 002P-01;500;20.11.2026;1000;RUB;1000;15,5;12,74;12,74;;;;;;
RU000A10C6U6;МГКЛ-001Р-08;1000;20.11.2026;1000;RUB;1000;25,5;20,96;20,96;;;;;;
RU000A10C5Y0;ИКС 5 ФИНАНС 003P-13;11000;20.11.2026;1000;RUB;1000;14,1;11,59;11,59;;;;;;
RU000A10BPP2;Газпром капитал БО-003Р-14;650;20.11.2026;1000;USD;1000;7,25;5,96;459,28;;;;;;
RU000A10BPN7;Полипласт АО П02-БО-05;7700;20.11.2026;1000;RUB;1000;25,5;20,96;20,96;;;;;;
RU000A10BNJ0;ЭН+ГИДРО 001РС-02;4575,799;20.11.2026;1000;CNY;1000;;;;;;;;;
RU000A10BHX3;Сибирский КХП 001P-03;150;20.11.2026;1000;RUB;1000;25,5;19,39;19,39;;;;;;
RU000A10BBQ0;СберИОС 001Р-705R 5Г BSKRUS;264,53;20.11.2026;1000;RUB;1000;0,01;0,03;0,03;;;;;;
RU000A10AZN8;Органик парк БО-П01;100;20.11.2026;1000;RUB;1000;29,5;24,25;24,25;;BB+;;;;
RU000A10AYF7;Новые технологии 001Р-04;1100;20.11.2026;1000;RUB;1000;24,25;60,46;60,46;;;;;;
RU000A10AYD2;Новые технологии 001Р-03;700;20.11.2026;1000;RUB;1000;;;;;;;;;
RU000A10ATW2;Балтийский лизинг ООО БО-П15;6000;20.11.2026;1000;RUB;875;23,7;14,61;14,61;;;;;;
RU000A10AT27;ИКС 5 ФИНАНС 003P-10;10000;20.11.2026;1000;RUB;1000;19,95;16,4;16,4;;;;;;
RU000A10AN80;СберИОС 001Р-670R 5Г BSKRUS;2000;20.11.2026;1000;RUB;1000;0,01;0,01;0,01;;;;;;
RU000A10A836;ОВОЗ РФ 12978114V;1026,3;20.11.2026;100000;EUR;100000;1,85;1850;161694,99;;;;;;
RU000A10A828;ОВОЗ РФ 12978110V;979,1;20.11.2026;100000;EUR;100000;1,125;1125;98328,04;;;;;;
RU000A109NR2;БИЗНЕС АЛЬЯНС 001P-07;63,548;20.11.2026;1000;RUB;1000;;;;;;;;;
RU000A1099W6;ПРОСТАЯ ЕДА 001Р-01;200;20.11.2026;1000;RUB;1000;23;57,34;57,34;;;;;;
RU000A1097R0;СберИОС 001Р-642R 5Г AC СБЕР;409,534;20.11.2026;1000;RUB;1000;0,01;0,01;0,01;;;;;;
RU000A109528;Россети ПАО БО 001P-13R;65000;20.11.2026;1000;RUB;1000;;;;;;;;;
RU000A108Z10;СберИОС 001Р-634R 5Г AC MOEXIT;133,947;20.11.2026;1000;RUB;1000;0,01;0,01;0,01;;;;;;
RU000A108Z02;СберИОС 001Р-633R 5Г AC СБЕР;751,821;20.11.2026;1000;RUB;1000;0,01;0,01;0,01;;;;;;
RU000A108FC2;ДОМ.РФ ПАО 002P-04;90000;20.11.2026;1000;RUB;1000;;;;;;;;;
RU000A108DG8;СберИОС 001Р-620R 5Г AC TCSG;474,64;20.11.2026;1000;RUB;1000;0,01;0,01;0,01;;;;;;
RU000A107WF2;ПИР БО-01-001P;150;20.11.2026;1000;RUB;375;18,5;3,8;3,8;;;;;;
RU000A107WD7;Мани Капитал 001P-03;300;20.11.2026;1000;RUB;1000;15;9,86;9,86;;;;;;
RU000A107J45;СберИОС 001Р-601R 5Г AC MOEXMM;1562,498;20.11.2026;1000;RUB;1000;0,01;0,01;0,01;;;;;;
RU000A107F49;ГПБ (АО) БО 005Р-02Р;12696,723;20.11.2026;1000;RUB;1000;;;;;;;;;
RU000A107936;РЖД БО 001P-29R;45000;20.11.2026;1000;RUB;1000;12,55;31,29;31,29;;;;;;
RU000A1072E1;Банк ВТБ С-1-766 (структурные);0;20.11.2026;1000;RUB;1000;0,01;0,3;0,3;;;;;;
RU000A106UA9;СМАК БО-П02;60;20.11.2026;1000;RUB;900;14;9,21;9,21;;;;;;
RU000A106QL4;СберИОС 001Р-580R 5Г AC IMOEX;464,403;20.11.2026;1000;RUB;1000;0,01;0,01;0,01;;;;;;
RU000A106HK5;АЛЬФА-Б C-1-160 (структурные);0;20.11.2026;1000;RUB;1000;0,01;0,28;0,28;;;;;;
RU000A1043Q6;Банк ВТБ (ПАО) Б-1-270;6130,438;20.11.2026;1000;RUB;1000;0,01;0,02;0,02;;;;;;
RU000A103Q24;Сбербанк 002СУБ-03R;7610;20.11.2026;10000000;RUB;10000000;8,5;423835,62;423835,62;;;;;;
RU000A103K38;Банк ГПБ ГПБ-Т2-04Д;260,25;20.11.2026;150000;USD;150000;4,5;3365,75;259368,4;;;;;;
RU000A102DB2;ГПБ (АО) БО 001Р-18Р;20000;20.11.2026;1000;RUB;1000;15;75,62;75,62;;;;;;
RU000A102CL3;ГОВОЗ РФ 12978088V (RU);1250;20.11.2026;100000;EUR;100000;1,85;1850;161694,99;;;;;;
RU000A102CK5;ГОВОЗ РФ 12978087V (RU);1250;20.11.2026;100000;EUR;100000;1,125;1125;98328,04;;;;;;
RU000A0P1NN5;АЛЬФА-Б C-1-280 (структурные);0;20.11.2026;1000;RUB;1000;0,01;0,28;0,28;;;;;;
RU000A0NNJ72;Банк ВТБ С-1-287 (структурные);100;20.11.2026;1000;RUB;1000;0;;;;;;;;
XS2010026560;PIK Securities DAC 19/11/26;525;19.11.2026;1000;USD;1000;5,625;;;;;;;;
RU000A10FGN7;ВТБ Лизинг 001Р-МБ-06;5000;19.11.2026;1000;RUB;1000;14,5;10,9;10,9;;;;;;
RU000A10F504;ВЭБ.РФ ПБО-002Р-58;150000;19.11.2026;1000;RUB;1017,5;1,85;9,71;9,71;;;;;;
RU000A10EXW6;Селигдар 001Р-11;3600;19.11.2026;1000;RUB;1000;15,75;12,95;12,95;;;;;;
RU000A10EXU0;ЛК АдвансТрак 001Р-03;500;19.11.2026;1000;RUB;1000;24;19,73;19,73;;;;;;
RU000A10EXS4;АГРОКЛУБ БО-01;200;19.11.2026;1000;RUB;1000;25;20,55;20,55;;;;;;
RU000A10EN37;КАМАЗ ПАО БО-П21;500;19.11.2026;1000;RUB;1000;;;;;;;;;
RU000A10EN29;КАМАЗ ПАО БО-П22;1000;19.11.2026;1000;RUB;1000;16;13,15;13,15;;;;;;
RU000A10EN11;РЖД БО 001P-52R;35000;19.11.2026;1000;RUB;1000;14,5;11,92;11,92;;;;;;
RU000A10EFL6;АЛЬФА-БАНК T2-CR-06;10000;19.11.2026;100000000;RUB;100000000;;;;;;;;;
RU000A10EDA4;ГПБ Финанс 001Р-10Р;26000;19.11.2026;1000;RUB;1000;;;;;;;;;
RU000A10E5C4;АПРИ БО-002Р-13;2700;19.11.2026;1000;RUB;1000;24,5;20,14;20,14;;;;;;
RU000A10DYH7;ГПБ Финанс 001Р-07Р;20000;19.11.2026;1000;RUB;1000;;;;;;;;;
RU000A10DJH8;АО ПКТ 002P-01;7500;19.11.2026;1000;RUB;1000;15,99;39,87;39,87;;;;;;
RU000A10DJ18;Борец Капитал 001Р-03;1000;19.11.2026;1000;RUB;1000;18;14,79;14,79;;;;;;
RU000A10DJ00;Борец Капитал 001Р-04;5000;19.11.2026;1000;RUB;1000;;;;;;;;;
RU000A10DFJ2;Россельхозбанк БО-31-002Р;2470,719;19.11.2026;1000;RUB;1000;;;;;;;;;
RU000A10DCN1;АЛЬФА-БАНК T2-CR-05;10000;19.11.2026;100000000;RUB;100000000;;;;;;;;;
RU000A10CTJ5;БЭЛТИ-ГРАНД ООО БО-П08;250;19.11.2026;1000;RUB;1000;24;19,73;19,73;;;;;;
RU000A10CTH9;Полипласт АО П02-БО-11;220;19.11.2026;100;CNY;100;11,45;0,94;10,66;;;;;;
RU000A10CTG1;МИРРИКО БО-П05;435;19.11.2026;1000;RUB;1000;22,5;18,49;18,49;;;;;;
RU000A10CJ92;ПР-Лизинг ООО БО 002Р-03;2000;19.11.2026;1000;RUB;1000;20;16,44;16,44;;;;;;
RU000A10CH03;Эфферон 001Р-01;300;19.11.2026;1000;RUB;1000;22;54,85;54,85;;;;;;
RU000A10BWC6;Группа Позитив 001Р-03;10000;19.11.2026;1000;RUB;1000;18;14,79;14,79;;;;;;
RU000A10BW96;ГК Самолет БО-П18;15000;19.11.2026;1000;RUB;1000;24;19,73;19,73;;;;;;
RU000A10BW88;АйДи Коллект 001P-05;750;19.11.2026;1000;RUB;1000;25,25;20,75;20,75;;;;;;
RU000A10BW62;Мобильные ТелеСистемы 002P-12;15000;19.11.2026;1000;RUB;1000;13,25;10,89;10,89;;;;;;
RU000A10BW39;ВОКСИС-03;500;19.11.2026;1000;RUB;1000;24;19,73;19,73;;;;;;
RU000A10AZG2;КЛВЗ КРИСТАЛЛ 001P-02;350;19.11.2026;1000;RUB;1000;28;23,01;23,01;;;;;;
RU000A10AZF4;КЛВЗ КРИСТАЛЛ 001P-03;42,689;19.11.2026;1000;RUB;1000;;;;;;;;;
RU000A10A6V6;Роял Капитал БО-01;50,367;19.11.2026;1000;RUB;1000;;;;;;;;;
RU000A10A026;АРЕНЗА-ПРО 001P-06;185;19.11.2026;1000;RUB;800;;;;;;;;;
RU000A109NM3;РЕГИНСПЕЦТРАНС-01;237,434;19.11.2026;1000;RUB;1000;23,5;19,32;19,32;;;;;;
RU000A109MN3;Банк ВТБ С-1-1314(структурные);0;19.11.2026;1000;RUB;1000;0,01;0,2;0,2;;;;;;
RU000A109KL1;Банк ВТБ (ПАО) Б-1-359;2052,377;19.11.2026;1000;RUB;1000;14,5;12,32;12,32;;;;;;
RU000A1094X5;Газпром капитал БО-002Р-16;10000;19.11.2026;1000;RUB;1000;;;;;;;;;
RU000A1094W7;ХРОМОС Инжиниринг БО-02;250;19.11.2026;1000;RUB;1000;;;;;;;;;
RU000A1094T3;ДиректЛизинг БО 002Р-03;250;19.11.2026;1000;RUB;615,9;;;;;;;;;
RU000A108VW7;МКПАО ОК РУСАЛ БО-001P-09;30000;19.11.2026;1000;RUB;1000;;;;;;;;;
RU000A108GR8;Ростелеком ПАО 001P-07R;15000;19.11.2026;1000;RUB;1000;;;;;;;;;
RU000A108GN7;АФК Система БО 001Р-30;12000;19.11.2026;1000;RUB;1000;;;;;;;;;
RU000A108GL1;АФК Система БО 001Р-29;12000;19.11.2026;1000;RUB;1000;;;;;;;;;
RU000A107QH0;ПИК–Корпорация ЗО-2026;456,284;19.11.2026;1000;USD;1000;5,625;28,125;2167,34;;;;;;
RU000A107BH2;ИЛС БО-01-001P;300;19.11.2026;1000;RUB;1000;19;6,25;6,25;;;;;;
RU000A107AG6;Россети Центр ПАО 001Р-03;5000;19.11.2026;1000;RUB;1000;;;;;;;;;
RU000A1078Y6;ЭкономЛизинг 001Р-06;100;19.11.2026;1000;RUB;1000;16;39,89;39,89;;;;;;
RU000A106S52;Газпром капитал БО-002Р-06;40000;19.11.2026;1000;RUB;1000;;;;;;;;;
RU000A106S37;Газпром капитал БО-002Р-05;40000;19.11.2026;1000;RUB;1000;;;;;;;;;
RU000A106S29;Газпром капитал БО-002Р-04;40000;19.11.2026;1000;RUB;1000;;;;;;;;;
RU000A105H98;Эфферон 01;150;19.11.2026;1000;RUB;750;12,5;23,37;23,37;;;;;;
RU000A105146;ПИК-Корпорация 001Р-05;395;19.11.2026;1000;USD;1000;5,625;28,36;2185,45;;;;;;
RU000A104DZ7;Сибнефтехимтрейд БО-02;350;19.11.2026;1000;RUB;857,2;;;;;;;;;
RU000A1033Z8;Гор.Обл.Займ Москвы 74 в.;70000;19.11.2026;1000;RUB;1000;7,38;36,8;36,8;;;;;;
RU000A102EF1;ПАО НК Роснефть 003P-01;400000;19.11.2026;1000;RUB;1000;8;39,89;39,89;;;;;;
RU000A102EE4;ПАО НК Роснефть 003P-02;400000;19.11.2026;1000;RUB;1000;8;39,89;39,89;;;;;;
RU000A101GD3;ГТЛК БО 001P-16;10000;19.11.2026;1000;RUB;250;6,95;4,33;4,33;;;;;;
RU000A1013U1;Славнефть БО 001Р-03;10000;19.11.2026;1000;RUB;1000;15,95;39,77;39,77;;;;;;
RU000A1013N6;Пионер-Лизинг БО-П03;400;19.11.2026;1000;RUB;1000;20,5;16,85;16,85;;;;;;
RU000A100DZ5;ИКБ Совкомбанк ПАО обл. БО-П01;9924,036;19.11.2026;1000;RUB;1000;;;;;;;;;
RU000A0NR3K6;Сбер CIB-CO-519 (структурные);0;19.11.2026;1000;RUB;1000;0,01;0,3;0,3;;;;;;
RU000A105XV1;ОФЗ-ИН 52005 11/05/33;220696,983;18.11.2026;1000;RUB;1284,13;2,5;16,04;16,04;;;;;;
RU000A102BT8;ОФЗ-ПД 26236 17/05/2028;498594,408;18.11.2026;1000;RUB;1000;5,7;28,42;28,42;;;;;;
RU000A0ZYUB7;ОФЗ-ПД 26225 10/05/34;347867,168;18.11.2026;1000;RUB;1000;7,25;36,15;36,15;;;;;;
RU000A10F7N6;Атомэнергопром АО 001Р-13;25000;18.11.2026;1000;RUB;1000;;;;;;;;;
RU000A10F7K2;ООО Л-Старт 002Р-01;100;18.11.2026;1000;RUB;1000;28,5;23,42;23,42;;;;;;
RU000A10F7J4;Республика Саха (Якутия) 34006;8700;18.11.2026;1000;RUB;1000;13,7;11,26;11,26;;;;;;
RU000A10F6Y5;Брусника 002Р-08;3250;18.11.2026;1000;RUB;1000;21,25;17,47;17,47;;;;;;
RU000A10EXK1;Мэйл.Ру Финанс 001P-03;7500;18.11.2026;1000;RUB;1000;;;;;;;;;
RU000A10EXJ3;Мэйл.Ру Финанс 001P-02;2500;18.11.2026;1000;RUB;1000;14,15;11,63;11,63;;;;;;
RU000A10EXG9;ПРОГРЕСС 001Р-01;250;18.11.2026;1000;RUB;1000;25;20,55;20,55;;;;;;
RU000A10EXF1;Группа Продовольствие БО-03;150;18.11.2026;1000;RUB;1000;23;18,9;18,9;;;;;;
RU000A10EMU3;ГТЛК БО 002P-12;30000;18.11.2026;1000;RUB;1000;16,25;13,36;13,36;;;;;;
RU000A10EMT5;ИЛИМ 001P-01;500;18.11.2026;1000;RUB;1000;;;;;;;;;
RU000A10EMS7;СелоЗеленое 001Р-03;6500;18.11.2026;1000;RUB;1000;;;;;;;;;
RU000A10EL88;ИКС 5 ФИНАНС 003P-19;20000;18.11.2026;1000;RUB;1000;;;;;;;;;
RU000A10E4X3;ЕвроТранс БО-001Р-09;2500;18.11.2026;1000;RUB;1000;20;16,44;16,44;;;;;;
RU000A10E4U9;БЭЛТИ-ГРАНД ООО БО-П09;150;18.11.2026;1000;RUB;1000;19;15,62;15,62;;;;;;
RU000A10DYC8;ФПК 002Р-01;30000;18.11.2026;1000;RUB;1000;15,4;12,66;12,66;;;;;;
RU000A10DYB0;Россети Волга 001Р-01;2500;18.11.2026;1000;RUB;1000;;;;;;;;;
RU000A10DY92;АЛРОСА 002Р-01;20000;18.11.2026;1000;RUB;1000;;;;;;;;;
RU000A10DY84;МКООО Содружество Рус 001Р-01;500;18.11.2026;1000;RUB;1000;;;;;;;;;
RU000A10DY76;ГК Сегежа 003P-09R;20,902;18.11.2026;100;CNY;100;15;1,23;13,94;;;;;;
RU000A10DY50;ГК Сегежа 003P-08R;669,658;18.11.2026;1000;RUB;1000;24;19,73;19,73;;;;;;
RU000A10DY27;Артген БО-02;300;18.11.2026;1000;RUB;1000;21;17,26;17,26;;;;;;
RU000A10D806;ЕвразХолдинг Финанс 003P-05;225;18.11.2026;100;USD;100;8,25;0,68;52,4;;;;;;
RU000A10D7Z2;МСП Факторинг 001Р-01;1000;18.11.2026;1000;RUB;1000;;;;;;;;;
RU000A10CSX8;ИКС 5 ФИНАНС 003P-14;15000;18.11.2026;1000;RUB;1000;;;;;;;;;
RU000A10CJ84;Сибирское Стекло БО-02;300;18.11.2026;1000;RUB;1000;24,5;20,14;20,14;;;;;;
RU000A10BVW6;ЕвроТранс 01;4000;18.11.2026;1000;RUB;1000;23;18,9;18,9;;;;;;
RU000A10BVT2;ЭнергоТехСервис 001Р-08;1000;18.11.2026;1000;RUB;1000;;;;;;;;;
RU000A10BUK3;ИКС 5 ФИНАНС 003P-12;15000;18.11.2026;1000;RUB;1000;15,55;12,78;12,78;;;;;;
RU000A10BP87;ПИР БО-03-001P;500;18.11.2026;1000;RUB;1000;30;24,66;24,66;;;;;;
RU000A10BP79;Мобильные ТелеСистемы 002P-11;15000;18.11.2026;1000;RUB;1000;19;15,62;15,62;;;;;;
RU000A10BP46;Страна Девелопмент 03;1000;18.11.2026;1000;RUB;1000;26,5;21,78;21,78;;;;;;
RU000A10BP38;Республика Саха (Якутия) 34005;7700;18.11.2026;1000;RUB;1000;;;;;;;;;
RU000A10B750;СибАвтоТранс 001Р-05;120;18.11.2026;1000;RUB;1000;26,5;21,78;21,78;;;;;;
RU000A10AZ60;РЖД БО 001P-38R;30000;18.11.2026;1000;RUB;1000;17,9;14,71;14,71;;;;;;
RU000A10AZ45;РЖД БО 001P-37R;28000;18.11.2026;1000;RUB;1000;19,5;16,03;16,03;;;;;;
RU000A10AQD8;БЭЛТИ-ГРАНД ООО БО-П07;100;18.11.2026;1000;RUB;633,7;25;10,28;10,28;;;;;;
RU000A10AHU1;ОилРесурс 001P-01;2500;18.11.2026;1000;RUB;1000;33;27,12;27,12;;;;;;
RU000A10A182;СберИОС 001Р-660R 5Г BSKRUS;826,755;18.11.2026;1000;RUB;1000;0,01;0,01;0,01;;;;;;
RU000A109XR1;Акрон (ПАО) БО-001P-05;12000;18.11.2026;1000;RUB;900;;;;;;;;;
RU000A109DT9;Росагролизинг 002P-03;5000;18.11.2026;1000;RUB;1000;;;;;;;;;
RU000A1097A6;СберИОС 001Р-641R 5Г AC Яндекс;111,507;18.11.2026;1000;RUB;1000;0,01;0,01;0,01;;;;;;
RU000A108G70;НОВАТЭК 001P-02;750;18.11.2026;100;USD;100;6,25;1,56;120,22;;;;;;
RU000A108E64;СберИОС 001Р-622R 5Г AC SBER;1117,95;18.11.2026;1000;RUB;1000;0,01;0,01;0,01;;;;;;
RU000A108D81;ЕвроТранс 002Р-02;800;18.11.2026;1000;RUB;1000;15,5;12,74;12,74;;;;;;
RU000A1080W6;СберИОС 001Р-612R 5Г AC CHMF;537,778;18.11.2026;1000;RUB;1000;0,01;0,01;0,01;;;;;;
RU000A107TT9;ГТЛК БО 002P-03;7500;18.11.2026;1000;RUB;1000;;;;;;;;;
RU000A107TH4;АЛЬФА-БАНК Б2Р26;11000;18.11.2026;1000;RUB;1000;13,8;34,41;34,41;;;;;;
RU000A107SR5;СберИОС 001Р-605R 5Г AC LKOH;430,743;18.11.2026;1000;RUB;1000;0,01;0,01;0,01;;;;;;
RU000A1078S8;Мобильные ТелеСистемы 002P-02;13500;18.11.2026;1000;RUB;1000;;;;;;;;;
RU000A1073S9;Банк ВТБ С-1-792 (структурные);0;18.11.2026;1000;RUB;1000;0,01;0,3;0,3;;;;;;
RU000A106ZQ4;Феррум БП1;102,313;18.11.2026;1000;RUB;1000;21,5;17,67;17,67;;;;;;
RU000A1069N8;ГМК Нор.никель БО-09;60000;18.11.2026;1000;RUB;1000;;;;;;;;;
RU000A105VU7;Эталон-Финанс 002Р-01;10000;18.11.2026;1000;RUB;1000;21;52,36;52,36;;;;;;
RU000A1043Z7;Биннофарм Групп 001Р-01;3000;18.11.2026;1000;RUB;1000;15;37,4;37,4;;;;;;
RU000A1034Q5;Банк ВТБ ПАО СУБ-Т1-6;7500;18.11.2026;10000000;RUB;10000000;18,25;910000;910000;;;;;;
RU000A1034P7;Банк ВТБ ПАО СУБ-Т1-5;87500;18.11.2026;10000000;RUB;10000000;10;498630,14;498630,14;;;;;;
RU000A102E52;Почта России БО-001P-09;5000;18.11.2026;1000;RUB;1000;6,6;32,91;32,91;;;;;;
RU000A101Q26;АФК Система БО 001P-13;15000;18.11.2026;1000;RUB;1000;16;79,78;79,78;;;;;;
RU000A0NR3F6;Сбер CIB-CO-515 (структурные);0;18.11.2026;1000;RUB;1000;0,01;0,31;0,31;;;;;;
RU000A0JXS59;Почта России (АО) БО-001P-03;5000;18.11.2026;1000;RUB;1000;17,5;87,26;87,26;;;;;;
XS2393688598;SovCom  Capital UNTD;300;17.11.2026;1000;USD;1000;2;;;;;;;;
RU000A10F751;Минфин Ульяновской обл. 34013;6000;17.11.2026;1000;RUB;1000;14,25;11,71;11,71;;;;;;
RU000A10F6V1;Реиннольц 001Р-05;300;17.11.2026;1000;RUB;1000;25,5;63,58;63,58;;;;;;
RU000A10EX68;Элемент Лизинг БО 001Р-11;2000;17.11.2026;1000;RUB;958,4;;;;;;;;;
RU000A10EX35;ИНТЕРФУД-БО-01;50;17.11.2026;1000;RUB;1000;26;21,37;21,37;;;;;;
RU000A10EL70;ИКС 5 ФИНАНС 003P-18;11000;17.11.2026;1000;RUB;1000;13,5;11,1;11,1;;;;;;
RU000A10ECK5;СИБУР Холдинг 001Р-09;250;17.11.2026;100;USD;100;7,5;0,62;47,78;;;;;;
RU000A10ECC2;Промсвязьбанк 004P-03;15000;17.11.2026;1000;RUB;1000;;;;;;;;;
RU000A10ECA6;ЛК АдвансТрак 001Р-02;500;17.11.2026;1000;RUB;1000;24;19,73;19,73;;;;;;
RU000A10EA40;ГК Азот 001Р-02;17000;17.11.2026;1000;RUB;1000;16,5;13,56;13,56;;;;;;
RU000A10DXM9;ТЕХНОЛОГИЯ БО-03;42,382;17.11.2026;1000;RUB;1000;23,5;19,32;19,32;;;;;;
RU000A10DG52;Моторные технологии БО-01-002P;300;17.11.2026;1000;RUB;1000;25;62,33;62,33;;;;;;
RU000A10DEN7;Томская область 34075;8000;17.11.2026;1000;RUB;1000;16,2;13,32;13,32;;;;;;
RU000A10DB65;Совкомбанк БО-И08;84,443;17.11.2026;1000;RUB;1000;0,01;0,1;0,1;;;;;;
RU000A10CTP2;СберИОС 001Р-759R 5Г AC LKOH;48,431;17.11.2026;1000;RUB;1000;0,01;0,01;0,01;;;;;;
RU000A10CT74;ФЕРА 001Р-01;100;17.11.2026;1000;RUB;820;;;;;;;;;
RU000A10CT41;Ростелеком ПАО 001P-20R;15000;17.11.2026;1000;RUB;1000;;;;;;;;;
RU000A10CT25;Газпром капитал БО-003Р-17;20000;17.11.2026;1000;RUB;1000;;;;;;;;;
RU000A10CT09;Интел Коллект БО-01;500;17.11.2026;1000;RUB;900;25;16,44;16,44;;;;;;
RU000A10CSZ3;Газпром капитал ООО БО-003Р-16;20000;17.11.2026;1000;RUB;1000;;;;;;;;;
RU000A10C6P6;АО Авто Финанс Банк БО-001Р-15;10000;17.11.2026;1000;RUB;1000;16,75;13,77;13,77;;;;;;
RU000A10C6M3;Уралкуз 001Р-01;1000;17.11.2026;1000;RUB;1000;20;16,44;16,44;;;;;;
RU000A10C6F7;ГТЛК БО 002P-09;20000;17.11.2026;1000;RUB;1000;16,75;13,77;13,77;;;;;;
RU000A10BW70;Томская область 34074;5000;17.11.2026;1000;RUB;1000;18,25;15;15;;;;;;
RU000A10BVF1;СибАвтоТранс 001Р-06;230;17.11.2026;1000;RUB;1000;26;21,37;21,37;;;;;;
RU000A10B735;МСБ-Лизинг 003P-04;200;17.11.2026;1000;RUB;1000;;;;;;;;;
RU000A10B727;МСБ-Лизинг 003P-05;200;17.11.2026;1000;RUB;1000;;;;;;;;;
RU000A10B6K8;ТЕХНОЛОГИЯ БО-02;200;17.11.2026;1000;RUB;1000;28;23,01;23,01;;;;;;
RU000A10AYW2;Полипласт АО П02-БО-02;2100;17.11.2026;1000;RUB;1000;;;;;;;;;
RU000A10AYU6;МФК Мани Мен БО-01;500;17.11.2026;1000;RUB;1000;26,5;21,78;21,78;;;;;;
RU000A10AHJ4;Группа Позитив 001Р-02;4800;17.11.2026;1000;RUB;1000;;;;;;;;;
RU000A10AC75;Томская область 34072;10000;17.11.2026;1000;RUB;750;26;10,68;10,68;;;;;;
RU000A10A8N9;СФО ПБ Сервис Финанс;225696,702;17.11.2026;999,59;RUB;707,27;17,5;8,36;8,36;;;;;;
RU000A10A5H7;ГТЛК БО 002P-06;4000;17.11.2026;1000;RUB;1000;;;;;;;;;
RU000A10A3Q3;АНТЕРРА-03;350;17.11.2026;1000;RUB;1000;30;74,79;74,79;;;;;;
RU000A109B82;БИЗНЕС АЛЬЯНС 001P-06;211,995;17.11.2026;1000;RUB;1000;;;;;;;;;
RU000A1094F2;ГруппаЧеркизово БО-001Р-07;7000;17.11.2026;1000;RUB;1000;;;;;;;;;
RU000A108Q60;СберИОС 001Р-626R 5Г AC TRNFP;420,267;17.11.2026;1000;RUB;1000;0,01;0,01;0,01;;;;;;
RU000A108KU4;А101 БО-001Р-01;500;17.11.2026;1000;RUB;1000;17;13,97;13,97;;;;;;
RU000A108FX8;ЭН+ГИДРО 001РС-05;1100;17.11.2026;1000;CNY;1000;8,1;20,19;228,87;;;;;;
RU000A108FS8;АНТЕРРА БО-02;250;17.11.2026;1000;RUB;1000;20;49,86;49,86;;;;;;
RU000A107TD3;НПП Моторные технологии001Р-04;220;17.11.2026;1000;RUB;1000;18;44,88;44,88;;;;;;
RU000A107TB7;Боржоми Финанс 001P-02;5000;17.11.2026;1000;RUB;1000;;;;;;;;;
RU000A107RW7;СберИОС 001Р-603R 5Г AC CHMF;490,227;17.11.2026;1000;RUB;1000;0,01;0,01;0,01;;;;;;
RU000A107D25;СФО Оптимум Финанс 01;208400;17.11.2026;1000;RUB;165,41;13,5;1,13;1,13;;;;;;
RU000A107B84;Совкомбанк СЗО-01;116,426;17.11.2026;1000;USD;1000;7,6;19;1464,16;;;;;;
RU000A106ZM3;СФО Орион Финанс 01;520;17.11.2026;1000;RUB;179,6;10;;;;;;;;
RU000A105VQ5;Россети ПАО БО 001P-08R;12000;17.11.2026;1000;RUB;1000;;;;;;;;;
RU000A105BY1;Газпром капитал ООО ЗО28-1-Е;343,388;17.11.2026;1000;EUR;1000;1,85;18,5;1616,95;;;;;;
RU000A105492;ЭНЕРГОНИКА 001Р-03;100;17.11.2026;1000;RUB;500;13;8,1;8,1;;;;;;
RU000A1043K9;Нижегородская область 35016;15000;17.11.2026;1000;RUB;700;9,25;16,14;16,14;;;;;;
RU000A1043J1;Славнефть БО 002Р-03;15000;17.11.2026;1000;RUB;1000;16,65;41,51;41,51;;;;;;
RU000A1043G7;ГК Сегежа 002P-02R;10000;17.11.2026;1000;RUB;1000;9,7;48,37;48,37;;;;;;
RU000A104362;Восточная Стивидор.Ком 1P-02R;7500;17.11.2026;1000;RUB;1000;9,55;47,62;47,62;;;;;;
RU000A104081;Банк ВТБ (ПАО) Б-1-269;96,16;17.11.2026;1000;RUB;1000;0,01;0,02;0,02;;;;;;
RU000A1013P1;ВЭБ.РФ ПБО-001Р-18;10000;17.11.2026;1000;RUB;1000;7,27;36,25;36,25;;;;;;
RU000A100DG5;ПАО ЛК Европлан БО-06;3000;17.11.2026;1000;RUB;400;22,5;44,88;44,88;;;;;;
RU000A0ZZ893;КАМАЗ ПАО об. БО-11;3000;17.11.2026;1000;RUB;1000;15,31;76,34;76,34;;;;;;
RU000A0ZZ885;КАМАЗ ПАО об. БО-09;3000;17.11.2026;1000;RUB;1000;15,31;76,34;76,34;;;;;;
RU000A0ZZ877;КАМАЗ ПАО об. БО-10;3000;17.11.2026;1000;RUB;1000;15,31;76,34;76,34;;;;;;
RU000A0NR193;Банк ВТБ С-1-384 (структурные);0;17.11.2026;1000;RUB;1000;0;;;;;;;;
RU000A0JX090;ФСК Россети(ПАО) БО-02;10000;17.11.2026;1000;RUB;1000;8,45;21,07;21,07;;;;;;
RU000A0JRJL7;Запад.скор.диаметр АО об.02;5000;17.11.2026;1000;RUB;1000;10,44;52,06;52,06;1;AAA(RU);1123,92;;;
RU000A0JRJB8;Запад.скор.диаметр АО об.01;5000;17.11.2026;1000;RUB;1000;10,44;52,06;52,06;1;AA;1103,72;;;
RU000A10FGE6;ИЭК ХОЛДИНГ 001Р-05;2500;16.11.2026;1000;RUB;1000;15,75;12,95;12,95;;;;;;
RU000A10FGC0;Газпром нефть 005Р-10R;110000;16.11.2026;1000;RUB;1000;;;;;;;;;
RU000A10FEB7;МКПАО ЯНДЕКС 001Р-05;20000;16.11.2026;1000;RUB;1000;13,4;11,01;11,01;;;;;;
RU000A10FEA9;МКПАО ЯНДЕКС 001Р-04;40000;16.11.2026;1000;RUB;1000;;;;;;;;;
RU000A10F728;Газпром капитал ООО БО-003Р-22;3000;16.11.2026;1000;CNY;1000;7,85;6,45;73,12;;;;;;
RU000A10F710;Южноуральский ЛЦ 001Р-02;250;16.11.2026;1000;RUB;1000;23,5;19,32;19,32;;;;;;
RU000A10EWL1;Почта России 003P-05;15000;16.11.2026;1000;RUB;1000;17,15;14,1;14,1;;;;;;
RU000A10EC48;ПКО СЗА БО-06;145;16.11.2026;1000;RUB;1000;25,5;20,96;20,96;;;;;;
RU000A10EC22;Селигдар 001Р-10;3500;16.11.2026;1000;RUB;1000;16,65;13,68;13,68;;;;;;
RU000A10E4G8;МФК ПСБ Финанс 002P-02;500;16.11.2026;1000;RUB;1000;;;;;;;;;
RU000A10E4F0;Ломбард 888 БО-01;200;16.11.2026;1000;RUB;1000;25;20,55;20,55;;;;;;
RU000A10DJV9;Совкомфлот 001Р-02;200;16.11.2026;1000;USD;1000;7,55;6,21;478,55;;;;;;
RU000A10DJS5;ПКО СЗА БО-05;250;16.11.2026;1000;RUB;1000;25,5;20,96;20,96;;;;;;
RU000A10DA74;Эталон-Финанс 002Р-04;10000;16.11.2026;1000;RUB;1000;20;16,44;16,44;;;;;;
RU000A10D3Y4;АЛЬФА-БАНК Б1Р33;31,803;16.11.2026;1000;RUB;1000;0,01;0,1;0,1;;;;;;
RU000A10CST6;СКС ЛОМБАРД БО-02;250;16.11.2026;1000;RUB;1000;27;22,19;22,19;;;;;;
RU000A10CSR0;ГЛАВСНАБ БО-01;200;16.11.2026;1000;RUB;1000;23,5;19,32;19,32;;;;;;
RU000A10CSQ2;НоваБев Групп 003Р-01;7000;16.11.2026;1000;RUB;1000;14,5;11,92;11,92;;;;;;
RU000A10C667;СберИОС 001Р-748R 5Г AC LKOH;129,779;16.11.2026;1000;RUB;1000;0,01;0,01;0,01;;;;;;
RU000A10C634;ВИС ФИНАНС БО-П09;2500;16.11.2026;1000;RUB;1000;17;13,97;13,97;;;;;;
RU000A10C626;ЛК Роделен БО 002P-04;350;16.11.2026;1000;RUB;833,5;;;;;;;;;
RU000A10C618;Магнит ПАО БО-004Р-08;75000;16.11.2026;1000;RUB;1000;14,95;12,29;12,29;;;;;;
RU000A10C5Z7;МОНОПОЛИЯ 001P-06;500;16.11.2026;1000;RUB;1000;24,75;20,34;20,34;;;;;;
RU000A10BV89;Арктик Технолоджи Сервис БО-01;150;16.11.2026;1000;RUB;1000;28;23,01;23,01;;;;;;
RU000A10BV71;Полипласт АО П02-БО-07;25;16.11.2026;100;USD;100;;;;;;;;;
RU000A10BV55;НОВАТЭК 001Р-04;350;16.11.2026;1000;USD;1000;7,5;6,16;474,7;;;;;;
RU000A10BV22;Республика Башкортостан 34015;7000;16.11.2026;1000;RUB;1000;16,25;13,36;13,36;;;;;;
RU000A10BUN7;ДиректЛизинг БО 002Р-05;200;16.11.2026;1000;RUB;799,6;27;16,26;16,26;;;;;;
RU000A10BUM9;ЭнергоТехСервис 001Р-07;1000;16.11.2026;1000;RUB;1000;21;17,26;17,26;;;;;;
RU000A10BGY3;Мобильные ТелеСистемы 002P-10;15000;16.11.2026;1000;RUB;1000;;;;;;;;;
RU000A10BGW7;Первое кол.бюро НАО 001Р-08;2000;16.11.2026;1000;RUB;1000;;;;;;;;;
RU000A10BGU1;Первое кол.бюро НАО 001Р-07;1000;16.11.2026;1000;RUB;1000;24,5;20,14;20,14;;;;;;
RU000A10BG88;СберИОС 001Р-707R 5Г AC FIVE;169,732;16.11.2026;1000;RUB;1000;0,01;0,01;0,01;;;;;;
RU000A10BFQ1;АЛЬФА-БАНК T2-CR-03;6000;16.11.2026;100000000;RUB;100000000;;;;;;;;;
RU000A10B5M6;Агродом БО-02;80;16.11.2026;1000;RUB;800;15;6,16;6,16;;;;;;
RU000A10B1S2;СберИОС 001Р-692R 5Г BSKRUS;156,224;16.11.2026;1000;RUB;1000;0,01;0,01;0,01;;;;;;
RU000A10AYM3;Уралкалий ПАО ПБО-07-P;1000;16.11.2026;1000;RUB;1000;;;;;;;;;
RU000A10AHE5;Новые технологии 001Р-02;1150;16.11.2026;1000;RUB;1000;27,5;22,6;22,6;;;;;;
RU000A10AHD7;Кокс ПАО 001P-01;1200;16.11.2026;1000;RUB;1000;19,75;16,23;16,23;;;;;;
RU000A10AHC9;РЕСО-Лизинг ООО БО-П-23;5000;16.11.2026;1000;RUB;1000;24,5;20,14;20,14;;;;;;
RU000A10AHB1;Новые технологии 001Р-01;600;16.11.2026;1000;RUB;1000;;;;;;;;;
RU000A10AHA3;ИКС 5 ФИНАНС 003P-07;21000;16.11.2026;1000;RUB;1000;13,25;10,89;10,89;;;;;;
RU000A10A554;АПРИ БО-002Р-06;30,95;16.11.2026;1000;RUB;1000;22;18,08;18,08;;;;;;
RU000A10A3W1;Балтийский лизинг ООО БО-П14;9000;16.11.2026;1000;RUB;1000;;;;;;;;;
RU000A109Q69;АЛЬФА-Б C-1-502 (структурные);0;16.11.2026;1000;RUB;1000;0,01;0,2;0,2;;;;;;
RU000A109PF2;РЖД БО 001P-33R;25000;16.11.2026;1000;RUB;1000;;;;;;;;;
RU000A109NA8;СОЛИД СпецАвтоТехЛизинг 01;500;16.11.2026;1000;RUB;580;24;9,86;9,86;;;;;;
RU000A109JK5;СберИОС 001Р-648R 5Г AC IMOEX;47,116;16.11.2026;1000;RUB;1000;0,01;0,01;0,01;;;;;;
RU000A109JJ7;ИОС_PRTACm_LKOH-5Y-001Р-647R;131,96;16.11.2026;1000;RUB;1000;0,01;0,01;0,01;;;;;;
RU000A109B33;Газпром нефть БО 003P-13R;55000;16.11.2026;1000;RUB;1000;;;;;;;;;
RU000A108KT6;Росагролизинг 002P-01;7000;16.11.2026;1000;RUB;1000;;;;;;;;;
RU000A108KK5;СОБИ-ЛИЗИНГ 001Р-05;82,352;16.11.2026;1000;RUB;516;19,25;6,77;6,77;;;;;;
RU000A1088L2;СберИОС 001Р-618R 5Г AC TCSG;594,183;16.11.2026;1000;RUB;1000;0,01;0,01;0,01;;;;;;
RU000A1088K4;СберИОС 001Р-617R 5Г AC MAGN;158,524;16.11.2026;1000;RUB;1000;0,01;0,01;0,01;;;;;;
RU000A107T76;АВТОДОМ АО 001P-02;5000;16.11.2026;1000;RUB;1000;17;42,38;42,38;;;;;;
RU000A107T27;Газпром капитал БО-002Р-12;25000;16.11.2026;1000;RUB;1000;;;;;;;;;
RU000A107SX3;ЭкономЛизинг 001Р-07;92,998;16.11.2026;1000;RUB;1000;16;39,89;39,89;;;;;;
RU000A107PW1;МФК Быстроденьги 002Р-05;300;16.11.2026;1000;RUB;1000;22;18,08;18,08;;;;;;
RU000A106TS3;Вымпел-Коммуникации 003Р-02;21,08;16.11.2026;1000;RUB;1000;10,55;26,3;26,3;;;;;;
RU000A106TR5;Вымпел-Коммуникации 003Р-03;9133,707;16.11.2026;1000;RUB;1000;9,85;24,56;24,56;;;;;;
RU000A106RT5;Газпром капитал БО-002Р-03;40000;16.11.2026;1000;RUB;1000;;;;;;;;;
RU000A106RS7;Газпром капитал БО-002Р-02;40000;16.11.2026;1000;RUB;1000;;;;;;;;;
RU000A106RR9;Газпром капитал БО-002Р-01;40000;16.11.2026;1000;RUB;1000;;;;;;;;;
RU000A105WZ4;Лизинг-Трейд 001P-07;150;16.11.2026;1000;RUB;833,6;14,5;7,95;7,95;;;;;;
RU000A105WP5;Вымпел-Коммуникации 001Р-07;13912,712;16.11.2026;1000;RUB;1000;9,85;24,56;24,56;;;;;;
RU000A105W81;Вымпел-Коммуникации 001Р-05;7210,829;16.11.2026;1000;RUB;1000;9,35;23,31;23,31;;;;;;
RU000A105TY3;Вымпел-Коммуникации 001Р-06;21795,314;16.11.2026;1000;RUB;1000;10,55;26,3;26,3;;;;;;
RU000A103V01;Сбер CIB-CO-84 (структурные);0;16.11.2026;1000;RUB;1000;0,01;0,51;0,51;;;;;;
RU000A10FG84;АЛИУМ01Р1;4000;15.11.2026;1000;RUB;1000;17,5;14,38;14,38;;;;;;
RU000A10FG76;ОДК 001P-03;11000;15.11.2026;1000;RUB;1000;16,5;13,56;13,56;;;;;;
RU000A10FG68;ОДК 001P-04;1000;15.11.2026;1000;RUB;1000;;;;;;;;;
RU000A10F6U3;РусГидро БО-002Р-13;55000;15.11.2026;1000;RUB;1000;;;;;;;;;
RU000A10EML2;ВТБ Лизинг 001Р-МБ-05;5000;15.11.2026;1000;RUB;915;15,5;10,57;10,57;;;;;;
RU000A10EMJ6;ТЕХНО Лизинг 001Р-08;476;15.11.2026;1000;RUB;1000;24;19,73;19,73;;;;;;
RU000A10EMG2;НоваБев Групп 003Р-03;7000;15.11.2026;1000;RUB;1000;14,5;11,92;11,92;;;;;;
RU000A10EMF4;Первое кол.бюро НАО 001Р-10;1850;15.11.2026;1000;RUB;1000;;;;;;;;;
RU000A10EBE0;Ростелеком ПАО 001P-23R;20000;15.11.2026;1000;RUB;1000;14,55;11,96;11,96;;;;;;
RU000A10EB07;МСБ-Лизинг 003P-07;400;15.11.2026;1000;RUB;1000;21;17,26;17,26;;;;;;
RU000A10DLV5;ГМК Нор.никель БО-001Р-16;4000;15.11.2026;1000;CNY;1000;7;5,75;65,18;;;;;;
RU000A10DJA3;Нижегородская область 34017;15000;15.11.2026;1000;RUB;1000;;;;;;;;;
RU000A10DC15;АВТОБАН-Финанс АО БО-П07;5000;15.11.2026;1000;RUB;1000;;;;;;;;;
RU000A10D541;РЖД БО 001P-47R;20000;15.11.2026;1000;RUB;1000;15,85;13,03;13,03;;;;;;
RU000A10D4W6;Село Зеленое 001Р-01;3000;15.11.2026;1000;RUB;1000;;;;;;;;;
RU000A10D4V8;АйДи Коллект 001P-06;1250;15.11.2026;1000;RUB;1000;22,5;18,49;18,49;;;;;;
RU000A10D4S4;ПЭТ ПЛАСТ 001Р-01;165;15.11.2026;1000;RUB;1000;26;21,37;21,37;;;;;;
RU000A10CHX1;МГКЛ-G01;47,316;15.11.2026;8602,98;RUB;10068,85;14;112,61;112,61;;;;;;
RU000A10C5U8;ГИДРОМАШСЕРВИС АО 001Р-05;3000;15.11.2026;1000;RUB;1000;;;;;;;;;
RU000A10C5T0;ГИДРОМАШСЕРВИС АО 001Р-04;1000;15.11.2026;1000;RUB;1000;17;13,97;13,97;;;;;;
RU000A10C5P8;ПИР БО-04-001P;300;15.11.2026;1000;RUB;1000;28,5;23,42;23,42;;;;;;
RU000A10BGJ4;Аэрофлот П02-БО-01;45000;15.11.2026;1000;RUB;1000;;;;;;;;;
RU000A10BGH8;Акрон (ПАО) БО-001P-08;200;15.11.2026;1000;USD;1000;7,95;6,53;503,21;;;;;;
RU000A10BGF2;РЖД БО 001P-42R;30000;15.11.2026;1000;RUB;1000;17,4;14,3;14,3;;;;;;
RU000A10BGE5;С-ПРИНТ БО-01;150;15.11.2026;1000;RUB;1000;32;26,3;26,3;;;;;;
RU000A10BGC9;МФК Мани Мен БО-02-01;1400;15.11.2026;1000;RUB;1000;25,5;20,96;20,96;;;;;;
RU000A10B5C7;ТАЛК002P-01;274,387;15.11.2026;1000;RUB;840;;;;;;;;;
RU000A10B5A1;БИАНКА ПРЕМИУМ БО-02;180;15.11.2026;1000;RUB;1000;28,5;23,42;23,42;;;;;;
RU000A10AG48;АПРИ БО-002Р-08;625;15.11.2026;1000;RUB;1000;24;19,73;19,73;;;;;;
RU000A10AG22;ЭН+ГИДРО 001РС-06;7000;15.11.2026;1000;RUB;1000;;;;;;;;;
RU000A10ADT2;СФО Оптимум Финанс 02;541521,453;15.11.2026;1000;RUB;339,63;18,5;3,68;3,68;;;;;;
RU000A10AC67;ВОКСИС-01;100;15.11.2026;1000;RUB;1000;;;;;;;;;
RU000A10A539;Банк ДОМ.РФ СУБ-T2-2;20000;15.11.2026;10000000;RUB;10000000;15;123287,67;123287,67;;;;;;
RU000A108U72;Первое кол.бюро НАО 001Р-05;3000;15.11.2026;1000;RUB;1000;;;;;;;;;
RU000A108447;Росагролизинг 001P-05;7000;15.11.2026;1000;RUB;1000;;;;;;;;;
RU000A107AZ6;МФК Саммит 001Р-02;150;15.11.2026;1000;RUB;209,6;15;0,53;0,53;;;;;;
RU000A106GB6;Лизинг-Трейд 001P-09;300;15.11.2026;1000;RUB;1000;14;9,59;9,59;;;;;;
RU000A105LY0;СОПФ ДОМ.РФ 4;10000;15.11.2026;1000;RUB;1000;9,95;50,16;50,16;;;;;;
RU000A103XD4;СФО МО 01;1540;15.11.2026;100000;RUB;100000;8;4032,87;4032,87;;;;;;
RU000A103DY2;БЭЛТИ-ГРАНД ООО БО-П04;250;15.11.2026;1000;RUB;280;12,25;1,51;1,51;;;;;;
RU000A1034H4;Банк ВТБ (ПАО) Б-1-227;153,012;15.11.2026;1000;RUB;1000;0,01;0,05;0,05;;;;;;
RU000A101DB4;СФО РуСол 1 класс Б;900;15.11.2026;1000;RUB;530;;;;;;;;;
RU000A101DA6;СФО РуСол 1 класс А;4700;15.11.2026;1000;RUB;436,81;;;;;;;;;
RU000A101D96;СФО РуСол 1 класс В;100;15.11.2026;1000;RUB;636,08;;;;;;;;;
RU000A10FEY9;СмартФакт БО-04-001Р;150;14.11.2026;1000;RUB;1000;;;;;;;;;
RU000A10EAS2;ТМК 002P-01;19000;14.11.2026;1000;RUB;1000;6,6;5,42;5,42;;;;;;
RU000A10EAQ6;КРОНОС БО-01;200;14.11.2026;1000;RUB;1000;27;22,19;22,19;;;;;;
RU000A10EAM5;ГТЛК БО 001P-22;100;14.11.2026;100;USD;100;9,5;0,78;60,11;;;;;;
RU000A10DX69;СибАвтоТранс 001Р-07;300;14.11.2026;1000;RUB;1000;26;21,37;21,37;;;;;;
RU000A10DHX9;ИНАРКТИКА 002Р-04;700;14.11.2026;1000;RUB;1000;15,75;12,95;12,95;;;;;;
RU000A10DHV3;ИНАРКТИКА 002Р-05;2300;14.11.2026;1000;RUB;1000;;;;;;;;;
RU000A10DHT7;ДельтаЛизинг 001Р-03;5500;14.11.2026;1000;RUB;1000;17,15;14,1;14,1;;;;;;
RU000A10D4P0;Южуралзолото 001P-05;40;14.11.2026;100;USD;100;9;0,74;57,03;;;;;;
RU000A10D1H3;РЖД БО 001P-46R;20000;14.11.2026;1000;RUB;1000;;;;;;;;;
RU000A10CH37;Денум Солюшнз 001Р-02;200;14.11.2026;1000;RUB;1000;24,5;20,14;20,14;;;;;;
RU000A10CH11;Полипласт АО П02-БО-09;36,25;14.11.2026;100;USD;100;11,25;0,92;70,9;;;;;;
RU000A10C5L7;Селигдар 001Р-04;12500;14.11.2026;1000;RUB;1000;19;15,62;15,62;;;;;;
RU000A10C5K9;Селигдар 001Р-05;1000;14.11.2026;1000;RUB;1000;;;;;;;;;
RU000A10C5J1;ТАЛАН-ФИНАНС БО 001Р-04;3000;14.11.2026;1000;RUB;1000;;;;;;;;;
RU000A10C5F9;ГруппаЧеркизово БО-002P-02;10000;14.11.2026;1000;RUB;1000;;;;;;;;;
RU000A10C5B8;Денум Солюшнз 001Р-01;100;14.11.2026;1000;RUB;1000;27;22,19;22,19;;;;;;
RU000A10BNM4;АБЗ-1 002P-03;2500;14.11.2026;1000;RUB;1000;25,5;20,96;20,96;;;;;;
RU000A10BNK8;ЭНЕРГОНИКА 001Р-06;300;14.11.2026;1000;RUB;1000;27;22,19;22,19;;;;;;
RU000A10BNF8;РусГидро (ПАО) БО-П13;15000;14.11.2026;1000;RUB;1000;17,35;14,26;14,26;;;;;;
RU000A10BG62;ГПБ Финанс 001Р-03Р;5000;14.11.2026;1000;RUB;1000;17,5;14,38;14,38;;;;;;
RU000A10B4X6;СИБУР Холдинг 001Р-06;43000;14.11.2026;1000;RUB;1000;;;;;;;;;
RU000A10B4W8;СИБУР Холдинг 001Р-05;50000;14.11.2026;1000;RUB;1000;;;;;;;;;
RU000A10B4V0;ГруппаЧеркизово БО-002Р-01;500;14.11.2026;1000;CNY;1000;10,8;8,88;100,66;;;;;;
RU000A10B4U2;СИБУР Холдинг 001Р-04;50000;14.11.2026;1000;RUB;1000;;;;;;;;;
RU000A10B4T4;Пионер-Лизинг БО7;400;14.11.2026;1000;RUB;1000;21;17,26;17,26;;;;;;
RU000A10B024;АФК Система БО 002Р-01;12000;14.11.2026;1000;RUB;1000;17,5;14,86;14,86;;;;;;
RU000A10AT35;ИКС 5 ФИНАНС 003P-11;15000;14.11.2026;1000;RUB;1000;17,25;14,18;14,18;;;;;;
RU000A10AFW1;ПАО Россети Моск.рег. БО1Р08;15000;14.11.2026;1000;RUB;1000;;;;;;;;;
RU000A10AFT7;ЭР-Телеком Холдинг ПБО-02-07;1200;14.11.2026;1000;RUB;1000;;;;;;;;;
RU000A109VL8;Совкомбанк БО-П05;20507,209;14.11.2026;1000;RUB;1000;;;;;;;;;
RU000A109VK0;ВсеИнструменты.ру 001Р-03;500;14.11.2026;1000;RUB;1000;21,85;17,96;17,96;;;;;;
RU000A109VJ2;ВсеИнструменты.ру 001Р-02;4500;14.11.2026;1000;RUB;1000;;;;;;;;;
RU000A108JV4;Газпром капитал БО-003Р-02;40000;14.11.2026;1000;RUB;1000;;;;;;;;;
RU000A1084E6;О'КЕЙ ООО БО 001Р-06;3500;14.11.2026;1000;RUB;1000;15,5;12,74;12,74;;;;;;
RU000A1084B2;Сэтл-Групп ООО БО 002P-03;12000;14.11.2026;1000;RUB;1000;17;13,97;13,97;;;;;;
RU000A108462;МФК Джой Мани 001P-02;250;14.11.2026;1000;RUB;1000;;;;;;;;;
RU000A107UW1;Газпром нефть БО 003P-10R;50000;14.11.2026;1000;RUB;1000;;;;;;;;;
RU000A107TL6;СОПФ ДОМ.РФ 9;5000;14.11.2026;1000;RUB;1000;;;;;;;;;
RU000A107A93;Сибнефтехимтрейд БО-03;223,407;14.11.2026;1000;RUB;1000;;;;;;;;;
RU000A1074N8;Практика ЛК 001Р-02;3000;14.11.2026;1000;RUB;160;15,7;0,53;0,53;;;;;;
RU000A1061K1;ЕвроТранс БО-001Р-03;5000;14.11.2026;1000;RUB;750;13,6;5,59;5,59;;;;;;
RU000A10FDZ8;Магнит ПАО БО-005Р-06;61500;13.11.2026;1000;RUB;1000;;;;;;;;;
RU000A10FC62;ГМК Нор.никель БО-001Р-17;3000;13.11.2026;1000;CNY;1000;7,6;6,25;70,85;;;;;;
RU000A10F6E7;Совкомбанк Лизинг БО-П21;11500;13.11.2026;1000;RUB;1000;13;32,41;32,41;;;;;;
RU000A10EW51;АБЗ-1 002P-06;4000;13.11.2026;1000;RUB;1000;17,5;14,38;14,38;;;;;;
RU000A10EW44;Полюс ПБО-05;340;13.11.2026;1000;USD;1000;7,75;6,37;490,88;;;;;;
RU000A10ELF6;Мобильные Телесистемы 002Р-17;10000;13.11.2026;1000;RUB;1000;;;;;;;;;
RU000A10EAC6;КАМАЗ ПАО БО-П20;6500;13.11.2026;1000;RUB;1000;15,95;13,11;13,11;;;;;;
RU000A10E9W4;Совкомбанк Лизинг БО-П19;6655;13.11.2026;1000;RUB;1000;14,6;36,4;36,4;;;;;;
RU000A10DWP4;ЦЕНТР-К БО-01;117;13.11.2026;1000;RUB;1000;22,5;18,49;18,49;;;;;;
RU000A10DWF5;Республика Башкортостан 24017;4000;13.11.2026;1000;RUB;1000;;;;;;;;;
RU000A10DG86;ТрансКонтейнер П02-02;9500;13.11.2026;1000;RUB;1000;;;;;;;;;
RU000A10DG78;ЛК АдвансТрак 001Р-01;500;13.11.2026;1000;RUB;1000;25;20,55;20,55;;;;;;
RU000A10DEE6;Байсэл 001P-04;100;13.11.2026;1000;RUB;1000;25,25;62,95;62,95;;;;;;
RU000A10DDR0;МКПАО ЯНДЕКС 001Р-03;40000;13.11.2026;1000;RUB;1000;;;;;;;;;
RU000A10DBF9;СберИОС 001Р-772R 3Y1M ОФЗ;152,92;13.11.2026;1000;RUB;1000;0,01;0,1;0,1;;;;;;
RU000A10CSG3;МЕТАЛЛОИНВЕСТ 002P-02;100;13.11.2026;100;USD;100;6,3;0,52;40,07;;;;;;
RU000A10CSD0;МКПАО ОК РУСАЛ БО-001Р-15;1900;13.11.2026;1000;CNY;1000;7,25;5,96;67,56;;;;;;
RU000A10CSA6;БИЗНЕС АЛЬЯНС 001P-08;119,494;13.11.2026;1000;RUB;1000;22;18,08;18,08;;;;;;
RU000A10CS83;Органик парк БО-П02;100;13.11.2026;1000;RUB;1000;21,75;17,88;17,88;;;;;;
RU000A10CS75;Аэрофлот П02-БО-02;30000;13.11.2026;1000;RUB;1000;;;;;;;;;
RU000A10CEJ7;Банк ВТБ (ПАО) С-1-1597;19999,995;13.11.2026;1000;RUB;1000;0,01;0,1;0,1;;;;;;
RU000A10BZJ4;Балтийский лизинг ООО БО-П18;7500;13.11.2026;1000;RUB;1000;19;10,46;10,46;;;;;;
RU000A10BW05;СберИОС 001Р-732R 5Г AC TATN;78,977;13.11.2026;1000;RUB;1000;0,01;0,01;0,01;;;;;;
RU000A10BNR3;СберИОС 001Р-724R 5Г AC IMOEX;127,529;13.11.2026;1000;RUB;1000;0,01;0,01;0,01;;;;;;
RU000A10BM56;АПРИ БО-002Р-10;500;13.11.2026;1000;RUB;1000;;;;;;;;;
RU000A10BLH8;МКПАО ОК РУСАЛ БО-001Р-14;11203,427;13.11.2026;1000;CNY;1000;10;24,93;282,6;;;;;;
RU000A10BG13;Ростелеком ПАО 001P-16R;15000;13.11.2026;1000;RUB;1000;17,65;14,51;14,51;;;;;;
RU000A10BG05;МегаФон ПАО БО-002Р-08;15000;13.11.2026;1000;RUB;1000;;;;;;;;;
RU000A10BFZ2;МегаФон ПАО БО-002Р-09;15000;13.11.2026;1000;RUB;1000;;;;;;;;;
RU000A10BFX7;ГК Самолет БО-П16;3000;13.11.2026;1000;RUB;1000;25,5;20,96;20,96;;;;;;
RU000A10B4M9;СберИОС 001Р-694R 5Г AC LKOH;577,519;13.11.2026;1000;RUB;1000;0,01;0,01;0,01;;;;;;
RU000A10AYH3;СберИОС 001Р-683R 5Г AC MOEX;370,767;13.11.2026;1000;RUB;1000;0,01;0,01;0,01;;;;;;
RU000A10AYB6;А Спэйс 001Р-02;150;13.11.2026;1000;RUB;1000;31;25,48;25,48;;;;;;
RU000A10AT92;СберИОС 001Р-678R 5Г BSKRUS;1599,334;13.11.2026;1000;RUB;1000;0,01;0,01;0,01;;;;;;
RU000A10AQF3;СберИОС 001Р-674R 5Г AC LKOH;474,247;13.11.2026;1000;RUB;1000;0,01;0,01;0,01;;;;;;
RU000A10AFB5;"ООО ""Мираторг Финанс"" 001Р-02";500;13.11.2026;1000;RUB;1000;;;;;;;;;
RU000A109YH0;СберИОС 001Р-659R 3Y1M ОФЗ;543,973;13.11.2026;1000;RUB;1000;0,01;0,1;0,1;;;;;;
RU000A109LC8;РОЛЬФ БО 001Р-03;500;13.11.2026;1000;RUB;1000;;;;;;;;;
RU000A108CE5;Ю Ди Пи Авто БО-01;138,858;13.11.2026;1000;RUB;1000;18,25;15;15;;;;;;
RU000A108405;ХРОМОС Инжиниринг БО-01;500;13.11.2026;1000;RUB;1000;;;;;;;;;
RU000A107DC9;СберИОС 001Р-599R 5Г AC MOEXFN;624,306;13.11.2026;1000;RUB;1000;0,01;0,01;0,01;;;;;;
RU000A106T85;КОНТРОЛ лизинг 001Р-01;1000;13.11.2026;1000;RUB;656,3;16,25;7,69;7,69;;;;;;
RU000A104V00;Пионер-Лизинг БР5;400;13.11.2026;1000;RUB;1000;22,54;18,53;18,53;;;;;;
RU000A103Y57;СберИОС 001Р-485R 5Г IMOEX;315,384;13.11.2026;1000;RUB;1000;0,01;0,1;0,1;;;;;;
RU000A103Y40;СберИОС 001Р-484R 5Г SPX;273,109;13.11.2026;1000;RUB;1000;0,01;0,1;0,1;;;;;;
RU000A0ZZV11;ГТЛК БО 001P-12;5000;13.11.2026;1000;RUB;1000;9,1;22,69;22,69;;;;;;
RU000A0NW1B2;Сбер CIB-CO-630;41;13.11.2026;1000;RUB;1000;0,01;0,3;0,3;;;;;;
RU000A0JWZY6;"АФК ""Система"" ПАО БО-001P-05";10000;13.11.2026;1000;RUB;1000;15;37,4;37,4;;;;;;
RU000A0JWHU2;Российские ЖД ОАО БО-17;15000;13.11.2026;1000;RUB;1000;9,85;49,12;49,12;;;;;;
RU000A10FDV7;Почта России 003P-07;7000;12.11.2026;1000;RUB;1000;16,95;13,93;13,93;;;;;;
RU000A10FDT1;Полюс ПБО-08;2100;12.11.2026;1000;CNY;1000;7,65;6,29;71,3;;;;;;
RU000A10FDS3;Полюс ПБО-10;1200;12.11.2026;1000;CNY;1000;7,65;6,29;71,3;;;;;;
RU000A10EVJ7;Газпром нефть 005Р-06R;100000;12.11.2026;1000;RUB;1000;;;;;;;;;
RU000A10EV78;Мобильные Телесистемы 002Р-19;15000;12.11.2026;1000;RUB;1000;13,85;11,38;11,38;;;;;;
RU000A10ET15;СберИОС 001Р-793R 3Г BSKRUS;412,704;12.11.2026;1000;RUB;1000;0,01;0,03;0,03;;;;;;
RU000A10EL13;ПЭТ ПЛАСТ 001Р-02;150;12.11.2026;1000;RUB;1000;26;21,37;21,37;;;;;;
RU000A10EKZ6;Р-Вижн 001Р-03;500;12.11.2026;1000;RUB;1000;15,25;12,53;12,53;;;;;;
RU000A10EKY9;ЭкоНива 001P-02;6000;12.11.2026;1000;RUB;1000;;;;;;;;;
RU000A10EKX1;ЭнергоТехСервис 001Р-09;1000;12.11.2026;1000;RUB;1000;18;14,79;14,79;;;;;;
RU000A10DTW6;Пионер-Лизинг БО8;200;12.11.2026;1000;RUB;1000;28,5;23,42;23,42;;;;;;
RU000A10DTU0;ГЛАВСНАБ БО-02;106,767;12.11.2026;1000;RUB;1000;26,55;21,82;21,82;;;;;;
RU000A10DTT2;Совкомбанк Лизинг БО-П18;2000;12.11.2026;1000;RUB;1000;;;;;;;;;
RU000A10DTS4;Совкомбанк Лизинг БО-П17;5000;12.11.2026;1000;RUB;1000;16;13,15;13,15;;;;;;
RU000A10DTQ8;МИРРИКО БО-П06;145,756;12.11.2026;1000;RUB;1000;22,5;18,49;18,49;;;;;;
RU000A10DTP0;ПИР БО-05-001P;190;12.11.2026;1000;RUB;1000;27;22,19;22,19;;;;;;
RU000A10DMS9;Деп Финансов ЯНАО 34005;36000;12.11.2026;1000;RUB;1000;;;;;;;;;
RU000A10DFN4;Мобильные ТелеСистемы 002Р-14;17000;12.11.2026;1000;RUB;1000;;;;;;;;;
RU000A10DDZ3;РСГ-Финанс 001Р-03;2000;12.11.2026;1000;RUB;1000;;;;;;;;;
RU000A10CG79;МСП Банк 003P-02;5000;12.11.2026;1000;RUB;1000;;;;;;;;;
RU000A10CDX0;ЭкономЛизинг 002Р-01;100;12.11.2026;1000;RUB;1000;22;54,85;54,85;;;;;;
RU000A10BU31;КАМАЗ ПАО БО-П15;11000;12.11.2026;1000;RUB;1000;18;14,79;14,79;;;;;;
RU000A10BU23;ГМК Нор.никель БО-001Р-11-CNY;3000;12.11.2026;1000;CNY;1000;7;5,75;65,18;;;;;;
RU000A10BU07;Полипласт АО П02-БО-06;17;12.11.2026;100;USD;100;12,95;1,06;81,68;;;;;;
RU000A10BFP3;МВ ФИНАНС 001Р-06;2000;12.11.2026;1000;RUB;1000;26;21,37;21,37;;;;;;
RU000A10BF48;МКПАО ЯНДЕКС 001Р-01;40000;12.11.2026;1000;RUB;1000;;;;;;;;;
RU000A10A4S7;ФосАгро БО-02-01;30371,791;12.11.2026;1000;RUB;1000;;;;;;;;;
RU000A10A4N8;Интерлизинг 001Р-10;4500;12.11.2026;1000;RUB;680;;;;;;;;;
RU000A10A414;Первое кол.бюро НАО 001Р-06;1000;12.11.2026;1000;RUB;1000;;;;;;;;;
RU000A10A2Q5;Банк ВТБ С-1-1371(структурные);0;12.11.2026;1000;RUB;1000;0,01;0,2;0,2;;;;;;
RU000A109UE5;Автоассистанс 001-01;16,546;12.11.2026;1000;RUB;1000;23;18,9;18,9;;;;;;
RU000A109UD7;Атомэнергопром АО 001Р-03;20000;12.11.2026;1000;RUB;1000;;;;;;;;;
RU000A109L49;АЛРОСА 001Р-01;45000;12.11.2026;1000;RUB;1000;;;;;;;;;
RU000A1098T4;СибСульфур БО-01-001P;229,104;12.11.2026;1000;RUB;1000;25;62,33;62,33;;;;;;
RU000A1098H9;С-ПРИНТ 001Р-02;150;12.11.2026;1000;RUB;1000;12;9,86;9,86;;;;;;
RU000A1092S9;Элемент Лизинг БО 001P-09;2000;12.11.2026;1000;RUB;362,9;18,5;3,83;3,83;;;;;;
RU000A108TU5;Джи-групп 002P-04;3000;12.11.2026;1000;RUB;1000;;;;;;;;;
RU000A108FG3;АГРО-ФРЕГАТ БО-01;200;12.11.2026;1000;RUB;1000;22,5;42,07;42,07;;;;;;
RU000A108FE8;Урожай БО-04;450;12.11.2026;1000;RUB;1000;20;49,86;49,86;;;;;;
RU000A108C74;РЕСО-Лизинг ООО БО-П-25;5000;12.11.2026;1000;RUB;1000;15,5;12,74;12,74;;;;;;
RU000A108C58;Элемент Лизинг БО 001P-08;3000;12.11.2026;1000;RUB;279,8;16;2,22;2,22;;;;;;
RU000A1085A1;СИНАРА-Капитал БО-01;1000;12.11.2026;1000;RUB;1000;15,2;12,49;12,49;;;;;;
RU000A107SM6;АФК Система БО 001Р-28;7500;12.11.2026;1000;RUB;1000;;;;;;;;;
RU000A107HG1;Газпром нефть БО 003P-08R;12000;12.11.2026;1000;RUB;1000;;;;;;;;;
RU000A1079G1;Мани Капитал 001P-02;150;12.11.2026;1000;RUB;1000;15;2,47;2,47;;;;;;
RU000A1077V4;РОСЭКСИМБАНК 002P-04;20000;12.11.2026;1000;RUB;1000;;;;;;;;;
RU000A106R79;ЭНЕРГОНИКА 001Р-04;300;12.11.2026;1000;RUB;600;16;23,93;23,93;;;;;;
RU000A1068S9;ЛайфСтрим БО-П02;500;12.11.2026;1000;RUB;1000;13,5;33,66;33,66;;;;;;
RU000A104JW1;Банк ВТБ ПАО СУБ-Т1-13;8440;12.11.2026;10000000;RUB;10000000;;;;;;;;;
RU000A103SS2;Сбер CIB-CO-79 (структурные);0;12.11.2026;1000;RUB;1000;0,01;0,5;0,5;;;;;;
RU000A101FH6;Мобильные ТелеСистемы 001P-14;15000;12.11.2026;1000;RUB;1000;6,6;16,45;16,45;;;;;;
RU000A1011B5;Краснодарский край 35003 обл.;10000;12.11.2026;1000;RUB;400;6,95;7,46;7,46;;;;;;
RU000A0ZZUS8;Россельхозбанк (АО) обл.31Т1;5000;12.11.2026;1000;RUB;1000;10,1;50,36;50,36;;;;;;
RU000A0ZZS73;Сфера финансов БО-01Р-03;250;12.11.2026;1000;RUB;1000;14;69,81;69,81;;;;;;
RU000A0ZZNL8;Сфера финансов БО-01Р-02;1250;12.11.2026;1000;RUB;1000;14;69,81;69,81;;;;;;
RU000A0ZZ7H9;КАМАЗ ПАО об. БО-08;3000;12.11.2026;1000;RUB;1000;14,34;71,5;71,5;;;;;;
RU000A0ZZ7G1;КАМАЗ ПАО об. БО-07;3000;12.11.2026;1000;RUB;1000;14,34;71,5;71,5;;;;;;
RU000A0JV4N8;ОФЗ-ПК 29009 05/05/32;190287,001;11.11.2026;1000;RUB;1000;16,94;84,47;84,47;;;;;;
RU000A10F6J6;Кеарли Групп 001Р-02;120;11.11.2026;1000;RUB;1000;25;20,55;20,55;;;;;;
RU000A10F6H0;ПИР БО-06-001P;272,721;11.11.2026;1000;RUB;1000;25,5;20,96;20,96;;;;;;
RU000A10F6G2;Первое кол.бюро НАО 001Р-11;1800;11.11.2026;1000;RUB;1000;;;;;;;;;
RU000A10F6F4;Автодор ГК БО-004Р-08;10200;11.11.2026;1000;RUB;1000;14,9;12,25;12,25;;;;;;
RU000A10EVP4;Банк ВТБ (ПАО) Б-1-390;482,165;11.11.2026;1000;RUB;1000;0,01;0,02;0,02;;;;;;
RU000A10EV60;Интел Коллект БО-02;1000;11.11.2026;1000;RUB;1000;23,25;19,11;19,11;;;;;;
RU000A10EV52;ПКО СЗА БО-07;100;11.11.2026;1000;RUB;1000;25,5;20,96;20,96;;;;;;
RU000A10EK71;Борец Капитал 001Р-05;2500;11.11.2026;1000;RUB;1000;18,5;15,21;15,21;;;;;;
RU000A10EK63;АБ РОССИЯ 001P-02;17000;11.11.2026;1000;RUB;1000;;;;;;;;;
RU000A10EK06;Сэтл-Групп ООО БО 002P-07;5500;11.11.2026;1000;RUB;1000;16,5;13,56;13,56;;;;;;
RU000A10EJZ8;ЭкоНива 001P-01;9000;11.11.2026;1000;RUB;1000;16,75;13,77;13,77;;;;;;
RU000A10EFS1;Банк ВТБ (ПАО) Б-1-334;38,813;11.11.2026;1000;RUB;1000;0,01;0,02;0,02;;;;;;
RU000A10DTG9;ВТБ Лизинг 001Р-МБ-04;3000;11.11.2026;1000;RUB;840;16,5;10,31;10,31;;;;;;
RU000A10DTF1;Селигдар 001Р-08;5500;11.11.2026;1000;RUB;1000;18;14,79;14,79;;;;;;
RU000A10DTB0;ЭЛТЕРА БО-01;150;11.11.2026;1000;RUB;1000;21;17,26;17,26;;;;;;
RU000A10DTA2;Селигдар 001Р-9;2500;11.11.2026;1000;RUB;1000;;;;;;;;;
RU000A10DS74;Сбербанк ПАО 001Р-SBER51;100000;11.11.2026;1000;RUB;1000;14,85;12,21;12,21;;;;;;
RU000A10DS66;АЛЬФА-БАНК Б2Р30;1184,12;11.11.2026;1000;RUB;1000;14,5;11,92;11,92;;;;;;
RU000A10DDT6;СибСульфур БО-02-001P;350;11.11.2026;1000;RUB;1000;28;69,81;69,81;;;;;;
RU000A10DAV8;СберИОС 001Р-771R RUGOLD КС;120,618;11.11.2026;1000;RUB;1000;0,01;0,1;0,1;;;;;;
RU000A10D681;Банк ВТБ (ПАО) Б-1-383;397,751;11.11.2026;1000;RUB;1000;0,01;0,1;0,1;;;;;;
RU000A10D4F1;Россети ПАО БО 001P-18R;23500;11.11.2026;1000;RUB;1000;;;;;;;;;
RU000A10D4E4;Векус БО-01;300;11.11.2026;1000;RUB;1000;27;22,19;22,19;;;;;;
RU000A10CRJ9;Центр-резерв БО-05;150;11.11.2026;1000;RUB;1000;25;20,55;20,55;;;;;;
RU000A10CRG5;Феррум БП2;250;11.11.2026;1000;RUB;1000;23;18,9;18,9;;;;;;
RU000A10BTU4;ГМК Нор.никель БО-001Р-12;500;11.11.2026;100;USD;100;;;;;;;;;
RU000A10BTT6;УЛК 001Р-01;1000;11.11.2026;1000;RUB;1000;24,5;20,14;20,14;;;;;;
RU000A10BTQ2;Транспортная ЛК 001P-03;200;11.11.2026;1000;RUB;1000;23,5;16,1;16,1;;;;;;
RU000A10BLP1;Регион-Продукт БО-01;70;11.11.2026;1000;RUB;1000;31;25,48;25,48;;;;;;
RU000A10B4L1;ДЕВАР ПЕТРО 001Р-01;150;11.11.2026;1000;RUB;1000;29,5;24,25;24,25;;;;;;
RU000A10B4K3;ГМК Нор.никель БО-001Р-08;1000;11.11.2026;100;USD;100;7,75;0,64;49,32;;;;;;
RU000A10B4J5;Полипласт АО П02-БО-03;58;11.11.2026;100;USD;100;13,7;1,13;87,08;;;;;;
RU000A10B3Q2;Биннофарм Групп 001Р-05;6000;11.11.2026;1000;RUB;1000;;;;;;;;;
RU000A10B2X0;Синара Транспортные Машины 1P5;5000;11.11.2026;1000;RUB;1000;;;;;;;;;
RU000A10AXW4;СИБУР Холдинг 001Р-03;600;11.11.2026;100;USD;100;9,6;0,79;60,88;;;;;;
RU000A10A6J1;Адм. г.Томск 34009;1200;11.11.2026;1000;RUB;500;26;6,62;6,62;;;;;;
RU000A10A4C1;ЭНЕРГОНИКА 001Р-05;300;11.11.2026;1000;RUB;800;28;17,26;17,26;;;;;;
RU000A109U06;ДельтаЛизинг 001Р-01;1000;11.11.2026;1000;RUB;730;24,34;12,8;12,8;;;;;;
RU000A109TW9;ГМК Нор.никель БО-10;100000;11.11.2026;1000;RUB;1000;;;;;;;;;
RU000A1099V8;Совкомбанк Лизинг БО-П07;4804,71;11.11.2026;1000;RUB;780;;;;;;;;;
RU000A1098F3;АФК Система БО 001Р-31;11500;11.11.2026;1000;RUB;1000;;;;;;;;;
RU000A1092T7;Омега БО-01;470,228;11.11.2026;1000;RUB;1000;;;;;;;;;
RU000A108P46;Балтийский лизинг ООО БО-П11;6000;11.11.2026;1000;RUB;1000;;;;;;;;;
RU000A108C17;ПИР БО-02-001P;43,052;11.11.2026;1000;RUB;1000;24,5;20,14;20,14;;;;;;
RU000A1083A6;ГМК Нор.никель БО-001Р-07;100000;11.11.2026;1000;RUB;1000;;;;;;;;;
RU000A107P47;Центр-резерв БО-03;200;11.11.2026;1000;RUB;750;19;10,15;10,15;;;;;;
RU000A107NJ3;Лизинг-Трейд 001P-11;200;11.11.2026;1000;RUB;1000;16;13,15;13,15;;;;;;
RU000A107CD9;Балтийский лизинг ООО БО-П09;3000;11.11.2026;1000;RUB;250;15,9;1,96;1,96;;;;;;
RU000A106B51;МФК Быстроденьги 002Р-02;300;11.11.2026;1000;RUB;800;16;5,26;5,26;;;;;;
RU000A106A37;Банк ВТБ С-1-529 (структурные);0;11.11.2026;1000;RUB;1000;0,01;0,3;0,3;;;;;;
RU000A105SK4;ЛК Роделен БО 001Р-04;250;11.11.2026;1000;RUB;633,7;20;8,23;8,23;;;;;;
RU000A104XE0;Лизинг-Трейд 001P-04;100;11.11.2026;1000;RUB;1000;15;12,33;12,33;;;;;;
RU000A1041B2;ГК Сегежа 002P-01R;10000;11.11.2026;1000;RUB;1000;9,85;49,12;49,12;;;;;;
RU000A103U02;Банк ВТБ (ПАО) Б-1-245;269,657;11.11.2026;1000;RUB;1000;0,01;0,05;0,05;;;;;;
RU000A102CT6;Свердловская область 35009;8000;11.11.2026;1000;RUB;400;6,25;6,23;6,23;;;;;;
RU000A0JUAP1;Газпром ПАО БО-20;15000;11.11.2026;1000;RUB;1000;6,86;34,21;34,21;;;;;;
RU000A0JUAN6;Газпром ПАО БО-19;15000;11.11.2026;1000;RUB;1000;6,86;34,21;34,21;;;;;;
RU000A10F5F6;Пионер-Лизинг БО9;250;10.11.2026;1000;RUB;1000;26,5;21,78;21,78;;;;;;
RU000A10ETT0;Промсвязьбанк 004P-04;15000;10.11.2026;1000;RUB;1000;;;;;;;;;
RU000A10ETQ6;Промсвязьбанк 004P-02;40000;10.11.2026;1000;RUB;1000;14,05;11,55;11,55;;;;;;
RU000A10ETM5;ЭнергоТехСервис 001Р-10;1007,2;10.11.2026;1000;RUB;1000;;;;;;;;;
RU000A10ETL7;Ростелеком ПАО 001P-25R;15000;10.11.2026;1000;RUB;1000;13,65;11,22;11,22;;;;;;
RU000A10EA32;Почта России 003P-04;2300;10.11.2026;1000;RUB;1000;;;;;;;;;
RU000A10EA16;Почта России 003P-03;8700;10.11.2026;1000;RUB;1000;17,75;14,59;14,59;;;;;;
RU000A10EA08;Софтлайн 002Р-02;6600;10.11.2026;1000;RUB;1000;19,5;16,03;16,03;;;;;;
RU000A10E9Z7;МКАО Воксис 001Р-02;500;10.11.2026;1000;RUB;1000;20;16,44;16,44;;;;;;
RU000A10E9Y0;Газпром капитал ООО БО-003Р-18;250;10.11.2026;1000;USD;1000;7,5;6,16;474,7;;;;;;
RU000A10E9V6;ПЕРВОУРАЛЬСКБАНК 001Р-02;300;10.11.2026;1000;RUB;1000;21;15,59;15,59;;;;;;
RU000A10E804;Первое кол.бюро НАО 001Р-09;1250;10.11.2026;1000;RUB;1000;;;;;;;;;
RU000A10E721;Росагролизинг 002P-06;10000;10.11.2026;1000;RUB;1000;;;;;;;;;
RU000A10DT08;Газпром капитал ООО БО-003Р-20;3000;10.11.2026;1000;CNY;1000;7,4;6,08;68,92;;;;;;
RU000A10DSY4;Совко Капитал 001Р-01;10000;10.11.2026;1000;RUB;1000;19;15,62;15,62;;;;;;
RU000A10D483;Газпром нефть 005P-01R;210;10.11.2026;1000;USD;1000;7,5;6,16;474,7;;;;;;
RU000A10D459;Мобильные ТелеСистемы 002P-13;20000;10.11.2026;1000;RUB;1000;;;;;;;;;
RU000A10CRD2;ГМК Нор.никель БО-001Р-15;9000;10.11.2026;1000;CNY;1000;7,5;6,16;69,83;;;;;;
RU000A10CRC4;ГМК Нор.никель БО-001Р-14;850;10.11.2026;100;USD;100;6,4;0,53;40,84;;;;;;
RU000A10CRB6;Кокс ПАО 001P-06;800;10.11.2026;1000;RUB;1000;20,5;16,85;16,85;;;;;;
RU000A10CRA8;Гланит БО-01;7000;10.11.2026;1000;RUB;1000;;;;;;;;;
RU000A10CR92;КВАЗАРЛ-01;100;10.11.2026;1000;RUB;749,98;25;13,13;13,13;;;;;;
RU000A10CPR6;АЛЬФА-Б С-1-825 структурные;0;10.11.2026;1000;RUB;1000;0,01;0,1;0,1;;;;;;
RU000A10C3P3;МИРРИКО БО-П04;55,118;10.11.2026;1000;RUB;1000;;;;;;;;;
RU000A10C3N8;МИРРИКО БО-П03;509,111;10.11.2026;1000;RUB;1000;22,5;18,49;18,49;;;;;;
RU000A10BTC2;Ростелеком ПАО 001P-18R;15000;10.11.2026;1000;RUB;1000;;;;;;;;;
RU000A10BTA6;РЖД БО 001P-43R;40000;10.11.2026;1000;RUB;1000;15,9;13,07;13,07;;;;;;
RU000A10B4F3;АгроЗерноЮгUSD 001Р-01;2;10.11.2026;10;USD;10;15;0,12;9,25;;;;;;
RU000A10B4D8;МЕТАЛЛОИНВЕСТ 001P-13;30000;10.11.2026;1000;RUB;1000;;;;;;;;;
RU000A10B4A4;Интерлизинг 001Р-11;4500;10.11.2026;1000;RUB;892;24;15,47;15,47;;;;;;
RU000A10B461;НСКАТД БО-03;1700;10.11.2026;1000;RUB;1000;26;21,37;21,37;;;;;;
RU000A10AEG7;Полипласт АО П02-БО-01;1000;10.11.2026;1000;RUB;1000;;;;;;;;;
RU000A10A3Z4;ГТЛК БО 002P-04;10000;10.11.2026;1000;RUB;1000;25;20,55;20,55;;;;;;
RU000A10A1P9;АПРИ БО-002Р-05;142,093;10.11.2026;1000;RUB;1000;24;59,84;59,84;;;;;;
RU000A10A1N4;Альфа-Лизинг БО-02;1000;10.11.2026;1000;RUB;1000;;;;;;;;;
RU000A109EX9;СФО БКС Структурные Ноты 43;67,574;10.11.2026;1000;RUB;1000;0,01;0,2;0,2;;;;;;
RU000A1099P0;МФК Быстроденьги 002Р-07;124,579;10.11.2026;1000;RUB;1000;;;;;;;;;
RU000A1097S8;ГПБ (АО) БО 005Р-04Р;779,689;10.11.2026;1000;RUB;1000;;;;;;;;;
RU000A1093L2;ВЭБ.РФ ПБО-002Р-46;45000;10.11.2026;1000;RUB;1000;;;;;;;;;
RU000A108LX6;МКБ ЗО-2017;137,204;10.11.2026;1000;USD;1000;8,974;22,44;1729,25;;;;;;
RU000A108E80;ПЛАЗА-ТЕЛЕКОМ БО-02;100;10.11.2026;1000;RUB;1000;20;49,86;49,86;;;;;;
RU000A108BN8;Газпром капитал БО-003Р-01;20000;10.11.2026;1000;RUB;1000;;;;;;;;;
RU000A1086N2;КОНТРОЛ лизинг 001Р-02;1000;10.11.2026;1000;RUB;808,2;18,25;11,11;11,11;;;;;;
RU000A107W97;СберИОС 001Р-610R 5Г AC MOEXMM;620,247;10.11.2026;1000;RUB;1000;0,01;0,01;0,01;;;;;;
RU000A107GU4;МФК Быстроденьги 002Р-04;366,644;10.11.2026;1000;RUB;1000;22,5;18,49;18,49;;;;;;
RU000A107GT6;СЕЛЛ-Сервис БО-01;250;10.11.2026;1000;RUB;1000;24;18,25;18,25;;;;;;
RU000A107761;Пушкинское ПЗ 001Р-01;200;10.11.2026;1000;RUB;950;18;40,39;40,39;;;;;;
RU000A107720;МК Лизинг БO-01;350;10.11.2026;1000;RUB;278,5;17,65;1,04;1,04;;;;;;
RU000A106SE5;Фордевинд 04;300;10.11.2026;1000;RUB;1000;17;9,33;9,33;;;;;;
RU000A106AU9;Ультра БО-01;250;10.11.2026;1000;RUB;520;20;7,23;7,23;;;;;;
RU000A1040S8;Минфин Ульяновской обл. 34004;3000;10.11.2026;1000;RUB;300;9,55;4,79;4,79;;;;;;
RU000A102CR0;МЭФ Московской области 35015;30000;10.11.2026;1000;RUB;300;5,95;4,45;4,45;;;;;;
RU000A0ZYG52;Ростелеком ПАО 001P-03R;10000;10.11.2026;1000;RUB;1000;13,8;68,81;68,81;;;;;;
RU000A0JXRD5;Почта России (АО) БО-001P-02;5000;10.11.2026;1000;RUB;1000;15,15;75,54;75,54;;;;;;
RU000A0JUAH8;Российские ЖД ОАО 30 обл.;15000;10.11.2026;1000;RUB;1000;15,98;79,68;79,68;;;;;;
RU000A10F595;Транспортная ЛК 001P-05;250;09.11.2026;1000;RUB;1000;26;21,37;21,37;;;;;;
RU000A10ET56;Россети Сибирь 001Р-01;5000;09.11.2026;1000;RUB;1000;;;;;;;;;
RU000A10E9M5;Защита онлайн БО-02;200;09.11.2026;1000;RUB;1000;26;21,37;21,37;;;;;;
RU000A10DEQ0;Полипласт АО П02-БО-12;10;09.11.2026;100;USD;100;12,5;1,03;79,37;1;;7725,99;Tn;;
RU000A10DEM9;СтройДорСервис БО-01;300;09.11.2026;1000;RUB;1000;20,5;16,85;16,85;;;;;;
RU000A10DD97;Росинтер Холдинг БО-02;546,56;09.11.2026;1000;RUB;1000;24;59,84;59,84;;;;;;
RU000A10D3X6;Селигдар 001Р-07;4800;09.11.2026;1000;RUB;1000;;;;;;;;;
RU000A10D3T4;ПКО СЗА БО-04;100;09.11.2026;1000;RUB;1000;24,5;20,14;20,14;;;;;;
RU000A10D3S6;Селигдар 001Р-06;2700;09.11.2026;1000;RUB;1000;18,5;15,21;15,21;;;;;;
RU000A10D3P2;Южноуральский ЛЦ 001Р-01;208,151;09.11.2026;1000;RUB;1000;24;19,73;19,73;;;;;;
RU000A10D3G1;Гельтек-Медика БО-01;500;09.11.2026;1000;RUB;1000;22;18,08;18,08;;;;;;
RU000A10CR50;ГТЛК БО 002P-10;30000;09.11.2026;1000;RUB;1000;;;;;;;;;
RU000A10C3B3;МФК Быстроденьги 003Р-01;400;09.11.2026;1000;RUB;1000;27;22,19;22,19;;;;;;
RU000A10BT34;Россети ПАО БО 001P-17R;15000;09.11.2026;1000;RUB;1000;16;13,15;13,15;;;;;;
RU000A10BT00;СОБИ-ЛИЗИНГ 001Р-06;76,737;09.11.2026;1000;RUB;730;;;;;;;;;
RU000A10BFM0;Газпром капитал БО-003Р-13;350;09.11.2026;1000;USD;1000;7,65;6,29;484,71;;;;;;
RU000A10BFL2;Новые технологии 001Р-06;1000;09.11.2026;1000;RUB;1000;;;;;;;;;
RU000A10BFK4;Новые технологии 001Р-05;400;09.11.2026;1000;RUB;1000;23,25;19,11;19,11;;;;;;
RU000A10BFJ6;Полипласт АО П02-БО-04;2250;09.11.2026;1000;RUB;1000;25,5;20,96;20,96;;;;;;
RU000A10B313;Брусника 002Р-05;3000;09.11.2026;1000;RUB;1000;;;;;;;;;
RU000A10AHN6;Совкомбанк Факторинг 002P-01;20000;09.11.2026;1000;RUB;1000;;;;;;;;;
RU000A10AHM8;Совкомбанк Лизинг БО-П08;5000;09.11.2026;1000;RUB;1000;;;;;;;;;
RU000A10AEF9;"ПАО ""ТГК-14"" 001Р-03";150;09.11.2026;1000;RUB;1000;26,5;21,78;21,78;;;;;;
RU000A10AEE2;"ПАО ""ТГК-14"" 001Р-04";150;09.11.2026;1000;RUB;1000;;;;;;;;;
RU000A10AEB8;РусГидро БО-002Р-05;20500;09.11.2026;1000;RUB;1000;;;;;;;;;
RU000A10A6N3;СберИОС 001Р-662R 5Г AC IMOEX;120,655;09.11.2026;1000;RUB;1000;0,01;0,01;0,01;;;;;;
RU000A10A125;ПАО НК Роснефть 004P-03;684000;09.11.2026;1000;RUB;1000;8;39,89;39,89;;;;;;
RU000A109KW8;Нижнекамскнефтехим об. 001Р-03;7500;09.11.2026;1000;RUB;1000;;;;;;;;;
RU000A109KV0;МСП Банк 001P-02;7500;09.11.2026;1000;RUB;1000;;;;;;;;;
RU000A1090H6;Пионер-Лизинг БО6;400;09.11.2026;1000;RUB;1000;21,59;17,75;17,75;;;;;;
RU000A108GM9;БИЗНЕС АЛЬЯНС 001P-05;38,163;09.11.2026;1000;RUB;1000;17;13,97;13,97;;;;;;
RU000A108777;Балтийский лизинг ООО БО-П10;8000;09.11.2026;1000;RUB;1000;;;;;;;;;
RU000A108736;АЛЬФА-Б C-1-353 (структурные);0;09.11.2026;1000;RUB;1000;0,01;0,25;0,25;;;;;;
RU000A107RC9;Банк ВТБ С-1-902 (структурные);0;09.11.2026;1000;RUB;1000;0,01;0,28;0,28;;;;;;
RU000A107GJ7;ВсеИнструменты.ру 001Р-01;4000;09.11.2026;1000;RUB;1000;;;;;;;;;
RU000A107FT8;АЛЬФА-Б C-1-327 (структурные);0;09.11.2026;1000;RUB;1000;0,01;0,25;0,25;;;;;;
RU000A1074S7;СберИОС 001Р-591R 5Г AC MOEXOG;520,483;09.11.2026;1000;RUB;1000;0,01;0,01;0,01;;;;;;
RU000A1072A9;Банк ВТБ С-1-762 (структурные);0;09.11.2026;1000;RUB;1000;0,01;0,3;0,3;;;;;;
RU000A106Y88;МФК ВЭББАНКИР 04;350;09.11.2026;1000;RUB;750,1;15;5,14;5,14;;;;;;
RU000A1033B9;Республика Саха (Якутия) 35015;6500;09.11.2026;1000;RUB;600;7,25;9,04;9,04;;;;;;
RU000A0P1WG0;Банк ВТБ С-1-885 (структурные);0;09.11.2026;1000;RUB;1000;0,01;0,28;0,28;;;;;;
RU000A0P1V31;Банк ВТБ С-1-865 (структурные);0;09.11.2026;1000;RUB;1000;0,01;0,28;0,28;;;;;;
RU000A0P1NR6;АЛЬФА-Б C-1-283 (структурные);0;09.11.2026;1000;RUB;1000;0,01;0,28;0,28;;;;;;
RU000A0P1KE0;Банк ВТБ С-1-742 (структурные);0;09.11.2026;1000;RUB;1000;0,01;0,3;0,3;;;;;;
RU000A10EJR5;Арлифт 001Р-01;700;08.11.2026;1000;RUB;1000;23,5;19,32;19,32;;;;;;
RU000A10EJ90;Сбербанк ПАО 001Р-SBER54;9000;08.11.2026;1000;RUB;1000;14,2;11,67;11,67;;;;;;
RU000A10EF52;Сбербанк ПАО 001Р-SBER52;71000;08.11.2026;1000;RUB;1000;14,2;11,67;11,67;;;;;;
RU000A10E8P0;РЖД БО 001P-51R;4000;08.11.2026;1000;CNY;1000;7,6;6,25;70,85;;;;;;
RU000A10E8N5;Мобильные ТелеСистемы 002Р-16;20000;08.11.2026;1000;RUB;1000;;;;;;;;;
RU000A10DBP8;АЛЬФА-БАНК T2-CR-04;10000;08.11.2026;100000000;RUB;100000000;;;;;;;;;
RU000A10D3K3;Почта России 003P-02;3930;08.11.2026;1000;RUB;1000;;;;;;;;;
RU000A10D3J5;Почта России 003P-01;4770;08.11.2026;1000;RUB;1000;17,2;14,14;14,14;;;;;;
RU000A10D3C0;РусГидро БО-002Р-08;30000;08.11.2026;1000;RUB;1000;15,45;12,7;12,7;;;;;;
RU000A10D3B2;РусГидро БО-002Р-09;5000;08.11.2026;1000;RUB;1000;;;;;;;;;
RU000A10D3A4;Элемент Лизинг БО 001P-10;1500;08.11.2026;1000;RUB;903,4;;;;;;;;;
RU000A10CFH8;МОНОПОЛИЯ 001P-07;1375;08.11.2026;1000;RUB;1000;23;18,9;18,9;;;;;;
RU000A10C1T9;СФО РХА Инвест-Первый РХА-1;40000;08.11.2026;1000000;RUB;1000000;;;;;;;;;
RU000A10BPV0;Совкомбанк Лизинг БО-П10;10000;08.11.2026;1000;RUB;1000;;;;;;;;;
RU000A10B3Z3;ЕвразХолдинг Финанс 003P-03;450;08.11.2026;100;USD;100;9,5;0,78;60,11;;;;;;
RU000A10B271;Банк ВТБ (ПАО) Б-1-374;100000;08.11.2026;1000;RUB;1000;;;;;;;;;
RU000A10ADJ3;ЭнергоТехСервис 001Р-06;1000;08.11.2026;1000;RUB;700;;;;;;;;;
RU000A10ADH7;Нафтатранс плюс ООО БО-06;250;08.11.2026;1000;RUB;1000;30;22,19;22,19;;;;;;
RU000A10ADD6;НСКАТД БО-02;500;08.11.2026;1000;RUB;1000;29;23,84;23,84;;;;;;
RU000A10ACF3;ВЭБ.РФ ПБО-002Р-48;100000;08.11.2026;1000;RUB;1000;;;;;;;;;
RU000A10ABH1;Банк ВТБ (ПАО) Б-1-373;100000;08.11.2026;1000;RUB;1000;;;;;;;;;
RU000A10A3C3;Брусника 002Р-03;3425;08.11.2026;1000;RUB;1000;;;;;;;;;
RU000A109L72;Республика Саха (Якутия) 35016;6800;08.11.2026;1000;RUB;800;;;;;;;;;
RU000A109KG1;Нэппи Клаб БО-01;150;08.11.2026;1000;RUB;1000;25,25;20,75;20,75;;;;;;
RU000A1099E4;Мособлэнерго 001Р-01;3500;08.11.2026;1000;RUB;1000;;;;;;;;;
RU000A1099A2;НоваБев Групп 002P БО-П07;4000;08.11.2026;1000;RUB;1000;;;;;;;;;
RU000A108B83;ОилРесурс БО-01;1000;08.11.2026;1000;RUB;1000;17;13,97;13,97;;;;;;
RU000A107U65;МФК ВЭББАНКИР 05;150;08.11.2026;1000;RUB;1000;16;10,96;10,96;;;;;;
RU000A107217;АРЕНЗА-ПРО 001P-03;300;08.11.2026;1000;RUB;1000;20;16,99;16,99;;;;;;
RU000A10FD46;Ред Софт БО 002Р-06;450;07.11.2026;1000;RUB;1000;16,75;13,77;13,77;;;;;;
RU000A10FD04;Сибирское Стекло БО-04;250;07.11.2026;1000;RUB;1000;25,5;20,96;20,96;;;;;;
RU000A10EJA1;Газпром нефть 005P-05R;50000;07.11.2026;1000;RUB;1000;;;;;;;;;
RU000A10EEE4;Балтийский лизинг ООО БО-П24;2200;07.11.2026;1000;RUB;1000;18;14,79;14,79;;;;;;
RU000A10E7U2;ПКФ 001Р-01;300;07.11.2026;1000;RUB;1000;26,5;21,78;21,78;;;;;;
RU000A10DSM9;ПГК 003Р-03;8650;07.11.2026;1000;RUB;1000;;;;;;;;;
RU000A10DSL1;ПГК 003Р-02;23200;07.11.2026;1000;RUB;1000;15,95;13,11;13,11;;;;;;
RU000A10DQK7;АБЗ-1 002P-05;2500;07.11.2026;1000;RUB;1000;;;;;;;;;
RU000A10DDU4;Магнит ПАО БО-005Р-04;20000;07.11.2026;1000;RUB;1000;;;;;;;;;
RU000A10D319;Уралкуз 001Р-02;30,74;07.11.2026;100;CNY;100;13;1,07;12,13;;;;;;
RU000A10D301;ЭН+ГИДРО 001РС-08;1000;07.11.2026;1000;CNY;1000;7,8;6,41;72,66;1;AA-;;;;
RU000A10D2Y6;Уральская Сталь БО-001Р-06;2388,018;07.11.2026;1000;RUB;1000;20,5;16,85;16,85;;;;;;
RU000A10CDZ5;РЖД БО 001P-45R;30000;07.11.2026;1000;RUB;1000;13,85;11,38;11,38;;;;;;
RU000A10CC99;Межд.Банк Эк.Сотруд. 002P-04;6000;07.11.2026;1000;RUB;1000;14,65;12,04;12,04;;;;;;
RU000A10C6C4;ГПБ Финанс 001Р-04Р;10000;07.11.2026;1000;RUB;1000;;;;;;;;;
RU000A10C329;iПРОМОМЕД ДМ 002P-02;5000;07.11.2026;1000;RUB;1000;;;;;;;;;
RU000A10C2L4;Сэтл-Групп ООО БО 002P-06;5000;07.11.2026;1000;RUB;1000;19,5;16,03;16,03;;;;;;
RU000A10BLG0;Интерскол КЛС БО-001Р-01;39,5;07.11.2026;100;CNY;95,83;17;1,11;12,58;;;;;;
RU000A10B3C2;ВЭБ.РФ ПБО-002Р-49;100000;07.11.2026;1000;RUB;1000;;;;;;;;;
RU000A10B3A6;Атомэнергопром АО 001Р-04;20000;07.11.2026;1000;RUB;1000;;;;;;;;;
RU000A10AMY3;ЛКХ-01;50;07.11.2026;1000;RUB;1000;31;25,48;25,48;;;;;;
RU000A10AC91;Республика Башкортостан 34014;10500;07.11.2026;1000;RUB;750;23,75;14,64;14,64;;;;;;
RU000A109RR3;Минфин Ульяновской обл. 34009;3000;07.11.2026;1000;RUB;1000;22,5;56,1;56,1;;;;;;
RU000A109K65;Газпром капитал БО-003Р-04;20000;07.11.2026;1000;RUB;1000;;;;;;;;;
RU000A108G05;ЕвразХолдинг Финанс 003P-01;40000;07.11.2026;1000;RUB;1000;;;;;;;;;
RU000A1082X0;Группа ЛСР ПАО БО 001Р-09;3000;07.11.2026;1000;RUB;1000;14,75;12,12;12,12;;;;;;
RU000A1082W2;Новые технологии БO-03;661,752;07.11.2026;1000;RUB;1000;18,1;14,88;14,88;;;;;;
RU000A107L82;Совкомбанк Т1-01;156,06;07.11.2026;1000;USD;1000;11,708;29,27;2255,58;;;;;;
RU000A1078X8;ДиректЛизинг БО 002Р-02;300;07.11.2026;1000;RUB;482,3;;;;;;;;;
RU000A106K43;РЖД БО 001Р-26R;30000;07.11.2026;1000;RUB;1000;;;;;;;;;
RU000A103TS0;ТЕХНО Лизинг 001P-05;423,874;07.11.2026;1000;RUB;850;11,5;7,56;7,56;;;;;;
RU000A1018T2;ДОМ.РФ Ипотечный агент 13-002P;96608,082;07.11.2026;1000;RUB;164,47;;;;;;;;;
RU000A0ZYBA9;ООО Трансп.Концесс.Комп. кл.A2;3533;07.11.2026;1000;RUB;1000;17,45;174,5;174,5;;;;;;
XS2113968148;SovCom  Capital perpetual;300;06.11.2026;1000;USD;1000;2;;;;;;;;
RU000A10F397;СФО ТБ-8 класс А1;24000;06.11.2026;1000;RUB;1000;16;13,59;13,59;;;;;;
RU000A10EST2;Эталон-Финанс 002Р-05;4500;06.11.2026;1000;RUB;1000;20;16,44;16,44;;;;;;
RU000A10ESN5;ПКО Вернём 1Р2;150;06.11.2026;1000;RUB;1000;25,5;20,96;20,96;;;;;;
RU000A10ESM7;Мобильные Телесистемы 002Р-18;15000;06.11.2026;1000;RUB;1000;13,9;11,42;11,42;;;;;;
RU000A10EHJ6;ГК Пионер БО 002P-03;4600;06.11.2026;1000;RUB;1000;;;;;;;;;
RU000A10EHC1;ГИДРОМАШСЕРВИС АО 002Р-01;4000;06.11.2026;1000;RUB;1000;;;;;;;;;
RU000A10EHB3;МФК Лайм-Займ 06;2000;06.11.2026;1000;RUB;1000;23,5;19,32;19,32;;;;;;
RU000A10E7W8;МЕТАЛЛОИНВЕСТ 002P-04;75000;06.11.2026;1000;RUB;1000;;;;;;;;;
RU000A10DRZ3;СОЛИД СпецАвтоТехЛизинг 02;250;06.11.2026;1000;RUB;1000;26;21,37;21,37;;;;;;
RU000A10DRX8;ЗООПТ БО-01;200;06.11.2026;1000;RUB;1000;24;19,73;19,73;;;;;;
RU000A10DDH1;ЭН ПЛЮС ГИДРО 001РС-09;1000;06.11.2026;100000;CNY;100000;7,8;641,1;7267,45;;;;;;
RU000A10DDG3;Динтег БО-01;250;06.11.2026;1000;RUB;1000;28;23,01;23,01;;;;;;
RU000A10CQE2;ВТБ Лизинг 001Р-МБ-03;3000;06.11.2026;1000;RUB;751;15,5;8,51;8,51;;;;;;
RU000A10CQA0;Полипласт АО П02-БО-10;270;06.11.2026;100;CNY;100;11,95;0,98;11,11;;;;;;
RU000A10CQ93;КАМАЗ ПАО БО-П17;6500;06.11.2026;1000;RUB;1000;;;;;;;;;
RU000A10CQ85;Мобильные ТелеСистемы 001P-29;15000;06.11.2026;1000;RUB;1000;14;11,51;11,51;;;;;;
RU000A10CQ77;КАМАЗ ПАО БО-П16;3500;06.11.2026;1000;RUB;1000;14,9;12,25;12,25;;;;;;
RU000A10CCN3;О'КЕЙ ООО БО 001Р-08;3000;06.11.2026;1000;RUB;1000;16,9;13,89;13,89;;;;;;
RU000A10CC32;Балтийский лизинг ООО БО-П19;10000;06.11.2026;1000;RUB;1000;17;9,36;9,36;;;;;;
RU000A10BBW8;Газпром капитал ООО БО-001Р-12;350;06.11.2026;1000;EUR;1000;7,75;6,37;556,76;;;;;;
RU000A10B867;СберИОС 001Р-700R 3Г BSKRUS;100,069;06.11.2026;1000;RUB;1000;0,01;0,02;0,02;;;;;;
RU000A10AYJ9;Росагролизинг 002P-05;8000;06.11.2026;1000;RUB;1000;;;;;;;;;
RU000A10AV98;Мобильные ТелеСистемы 001P-28;20000;06.11.2026;1000;RUB;1000;13,25;10,89;10,89;;;;;;
RU000A109T74;АйДи Коллект 001P-02;300;06.11.2026;1000;RUB;664;;;;;;;;;
RU000A109JZ3;МКПАО ОК РУСАЛ БО-001P-10;10000;06.11.2026;1000;RUB;1000;;;;;;;;;
RU000A109JY6;МКПАО ОК РУСАЛ БО-001P-11;10000;06.11.2026;1000;RUB;1000;;;;;;;;;
RU000A109JX8;ЛАЗЕРНЫЕ СИСТЕМЫ-01;200;06.11.2026;1000;RUB;1000;;;;;;;;;
RU000A109A34;СберИОС 001Р-644R 5Г AC IMOEX;22,486;06.11.2026;1000;RUB;1000;0,01;0,01;0,01;;;;;;
RU000A1090A1;ТАЛКлизинг001P-02;9,526;06.11.2026;1000;RUB;520;18,25;5,4;5,4;;;;;;
RU000A109098;Группа Позитив 001Р-01;5000;06.11.2026;1000;RUB;1000;;;;;;;;;
RU000A109080;Газпром капитал БО-002Р-15;20000;06.11.2026;1000;RUB;1000;;;;;;;;;
RU000A108421;СберИОС 001Р-616R 5Г AC RTKM;214,355;06.11.2026;1000;RUB;1000;0,01;0,01;0,01;;;;;;
RU000A108413;СберИОС 001Р-615R 5Г AC TCSG;898,986;06.11.2026;1000;RUB;1000;0,01;0,01;0,01;;;;;;
RU000A1082M3;Рекорд Трейд БО-01;169,269;06.11.2026;1000;RUB;1000;20;16,44;16,44;;;;;;
RU000A1082K7;МФК ВЭББАНКИР 06;350;06.11.2026;1000;RUB;1000;20;15,07;15,07;;;;;;
RU000A107G63;ДжетЛенд БО-01;80;06.11.2026;1000;RUB;1000;21;17,26;17,26;;;;;;
RU000A107C59;Совкомбанк СЗО-02;16,773;06.11.2026;1000;USD;1000;10,328;25,82;1989,72;;;;;;
RU000A107985;СберИОС 001Р-595R 5Г AC MOEXFN;1684,274;06.11.2026;1000;RUB;1000;0,01;0,01;0,01;;;;;;
RU000A107480;Лизинг-Трейд 001P-10;200;06.11.2026;1000;RUB;1000;15;12,33;12,33;;;;;;
RU000A106XR7;СберИОС 001Р-588R 5Г AC MOEXFN;1499,975;06.11.2026;1000;RUB;1000;0,01;0,01;0,01;;;;;;
RU000A105EV1;ЕАБР 003P-004;1900;06.11.2026;1000;CNY;1000;4,5;22,44;254,38;;;;;;
RU000A1059Q2;"ПАО ""ЛУКОЙЛ"" ЗО-30";287,279;06.11.2026;1000;USD;1000;3,875;19,38;1493,44;;;;;;
RU000A1040E8;Цифра брокер П01-02;34;06.11.2026;1000;USD;1000;5,5;13,71;1056,51;;;;;;
RU000A1008D7;РЖД ОАО БО 001Р-14R;11000;06.11.2026;1000;RUB;1000;9,1;45,38;45,38;;;;;;
RU000A0P1M81;Банк ВТБ С-1-813 (структурные);0;06.11.2026;1000;RUB;1000;0,01;0,3;0,3;;;;;;
RU000A10FC96;Борец Капитал 001Р-07;4200;05.11.2026;1000;RUB;1000;17,75;14,59;14,59;;;;;;
RU000A10FC88;Патриот Групп 001Р-03;300;05.11.2026;1000;RUB;1000;24;19,73;19,73;;;;;;
RU000A10ESF1;ФДВ Факторинг 001P-01;300;05.11.2026;1000;RUB;1000;23;18,9;18,9;;;;;;
RU000A10DRV2;Защита онлайн БО-01;200;05.11.2026;1000;RUB;1000;26,5;21,78;21,78;;;;;;
RU000A10DRE8;Бустер.Ру БО-02;200;05.11.2026;1000;RUB;1000;24,25;19,93;19,93;;;;;;
RU000A10DF38;СФО ВТБ РКС Эталон 07;42500;05.11.2026;1000;RUB;659,26;17,8;6,98;6,98;;;;;;
RU000A10CCG7;iКаршеринг Руссия 001P-07;1500;05.11.2026;1000;RUB;1000;18,25;15;15;;;;;;
RU000A10CCB8;ПКО СЗА БО-03;100;05.11.2026;1000;RUB;1000;25;20,55;20,55;;;;;;
RU000A10B5U9;СберИОС 001Р-697R 5Г BSKRUS;393,683;05.11.2026;1000;RUB;1000;0,01;0,03;0,03;;;;;;
RU000A10AZU3;СберИОС 001Р-689R 2Г BSKRUS;100,754;05.11.2026;1000;RUB;1000;0,01;0,01;0,01;;;;;;
RU000A10AV23;РЕСО-Лизинг ООО БО-П-16;5000;05.11.2026;1000;RUB;1000;14,6;12;12;;;;;;
RU000A10ANF0;СберИОС 001Р-673R 5Г BSKRUS;465,242;05.11.2026;1000;RUB;1000;0,01;0,01;0,01;;;;;;
RU000A10A398;СИМПЛ 001Р-01;1000;05.11.2026;1000;RUB;1000;;;;;;;;;
RU000A109X03;СберИОС 001Р-656R 5Г AC LKOH;206,835;05.11.2026;1000;RUB;1000;0,01;0,01;0,01;;;;;;
RU000A109LL9;СберИОС 001Р-649R 5Г AC LKOH;186,262;05.11.2026;1000;RUB;1000;0,01;0,01;0,01;;;;;;
RU000A1093K4;СберИОС 001Р-638R 5Г AC MOEXFN;47,401;05.11.2026;1000;RUB;1000;0,01;0,01;0,01;;;;;;
RU000A108U98;СберИОС 001Р-630R 5Г AC Лукойл;423,767;05.11.2026;1000;RUB;1000;0,01;0,01;0,01;;;;;;
RU000A108U80;СберИОС 001Р-631R 5Г AC MOEXIT;206,54;05.11.2026;1000;RUB;1000;0,01;0,01;0,01;;;;;;
RU000A108Q78;Кеарли Групп 001Р-01;129,456;05.11.2026;1000;RUB;1000;21;12,95;12,95;;;;;;
RU000A108C09;СберИОС 001Р-621R 5Г AC SBER;913,513;05.11.2026;1000;RUB;1000;0,01;0,01;0,01;;;;;;
RU000A107P88;СберИОС 001Р-602R 5Г AC SBER;1146,17;05.11.2026;1000;RUB;1000;0,01;0,01;0,01;;;;;;
RU000A107FN1;ТЕХНО Лизинг 001Р-06;300;05.11.2026;1000;RUB;1000;17;13,97;13,97;;;;;;
RU000A107FG5;Транс-Миссия БО-02;300;05.11.2026;1000;RUB;1000;30;23,42;23,42;;;;;;
RU000A107DB1;СберИОС 001Р-598R 5Г AC TATN;453,695;05.11.2026;1000;RUB;1000;0,01;0,01;0,01;;;;;;
RU000A1078K5;Ультра БО-02;100;05.11.2026;1000;RUB;1000;18,75;15,41;15,41;;;;;;
RU000A1078H1;СОБИ-ЛИЗИНГ 001Р-03;150;05.11.2026;1000;RUB;160;17,5;0,58;0,58;;;;;;
RU000A1073K6;Банк ВТБ С-1-785 (структурные);0;05.11.2026;1000;RUB;1000;0,01;0,3;0,3;;;;;;
RU000A1067H4;ЛЕГЕНДА БО 002Р-01;3000;05.11.2026;1000;RUB;1000;;;;;;;;;
RU000A105TP1;Магнит ПАО БО-004Р-03;30000;05.11.2026;1000;RUB;1000;;;;;;;;;
RU000A105EW9;ГК Сегежа 003P-01R;500;05.11.2026;1000;CNY;1000;15,5;38,64;438,02;;;;;;
RU000A101NH0;Мобильные ТелеСистемы 001P-16;7000;05.11.2026;1000;RUB;1000;6,6;16,45;16,45;;;;;;
RU000A101NG2;Мобильные ТелеСистемы 001P-15;5000;05.11.2026;1000;RUB;1000;6,6;16,45;16,45;;;;;;
RU000A0ZZTL5;Федерал пассажир комп 001Р-05;10000;05.11.2026;1000;RUB;1000;15,24;75,99;75,99;;;;;;
RU000A0ZZTK7;ТрансКомплектХолдинг AО БО-П2;5000;05.11.2026;1000;RUB;1000;9,5;47,37;47,37;;;;;;
RU000A0NX4U5;Сбер CIB-CO-681;100;05.11.2026;1000;RUB;1000;0,01;0,27;0,27;;;;;;
RU000A0NW1P2;Сбер CIB-CO-642;100;05.11.2026;1000;RUB;1000;0,01;0,3;0,3;;;;;;
RU000A0NR3H2;Сбер CIB-CO-517 (структурные);0;05.11.2026;1000;RUB;1000;0,01;0,31;0,31;;;;;;
RU000A0JXR84;Российские ЖД БО-001P-03R;15000;05.11.2026;1000;RUB;1000;17,95;89,5;89,5;;;;;;
RU000A10F512;iКаршеринг Руссия 001P-08;1201,521;04.11.2026;1000;RUB;1000;22;18,08;18,08;;;;;;
RU000A10F4Z7;МФК Быстроденьги 003Р-02;300;04.11.2026;1000;RUB;1000;22,25;18,29;18,29;;;;;;
RU000A10ES57;Газпром капитал ООО БО-003Р-24;40000;04.11.2026;1000;RUB;1000;;;;;;;;;
RU000A10DRF5;Газпром нефть 005P-03R;50000;04.11.2026;1000;RUB;1000;;;;;;;;;
RU000A10D2Q2;Газпром капитал БО-003Р-06;25000;04.11.2026;1000;RUB;1000;;;;;;;;;
RU000A10D2N9;Сибирское Стекло БО-03;200;04.11.2026;1000;RUB;1000;24,25;19,93;19,93;;;;;;
RU000A10CW87;СФО ВТБ РКС Эталон 06;37500;04.11.2026;1000;RUB;648,03;18;7,48;7,48;;;;;;
RU000A10CC24;РусГидро БО-002Р-07;50000;04.11.2026;1000;RUB;1000;13,85;11,38;11,38;;;;;;
RU000A10B347;Акрон (ПАО) БО-001P-07;1600;04.11.2026;1000;CNY;1000;10,5;6,04;68,47;;;;;;
RU000A10B2U6;Баррель БО-01;150;04.11.2026;1000;RUB;1000;27;22,19;22,19;;;;;;
RU000A10B2T8;ВИС ФИНАНС БО-П08;1500;04.11.2026;1000;RUB;1000;24;19,73;19,73;;;;;;
RU000A10B2P6;АйДи Коллект 001P-01;1300;04.11.2026;1000;RUB;1000;26;21,37;21,37;;;;;;
RU000A10AUX8;НОВАТЭК 001Р-03;500;04.11.2026;100;USD;100;9,4;0,77;59,34;;ruAAA;;;;
RU000A10AUG3;АПРИ БО-002Р-07;305;04.11.2026;1000;RUB;1000;;;;;;;;;
RU000A10A349;РусГидро БО-002Р-01;40000;04.11.2026;1000;RUB;1000;;;;;;;;;
RU000A10A0H8;ВЕРАТЕК-01;500;04.11.2026;1000;RUB;1000;26;64,82;64,82;;;;;;
RU000A109SP5;Эталон-Финанс 002Р-02;8000;04.11.2026;1000;RUB;1000;;;;;;;;;
RU000A109981;Джи-групп 002P-05;2000;04.11.2026;1000;RUB;1000;;;;;;;;;
RU000A1095W4;Ростелеком ПАО 001P-09R;15000;04.11.2026;1000;RUB;1000;;;;;;;;;
RU000A108ZU2;МГКЛ-001Р-06;500;04.11.2026;1000;RUB;1000;23;18,9;18,9;;;;;;
RU000A108AL4;Интерлизинг 001Р-08;3000;04.11.2026;1000;RUB;560;15,75;4,4;4,4;;;;;;
RU000A108AK6;Фордевинд 05;431,434;04.11.2026;1000;RUB;1000;22;18,08;18,08;;;;;;
RU000A108AJ8;МСБ-Лизинг 003P-03;278,894;04.11.2026;1000;RUB;333,4;18;2,96;2,96;;;;;;
RU000A1082G5;ЕвроТранс 002Р-01;2000;04.11.2026;1000;RUB;1000;15,5;12,74;12,74;;;;;;
RU000A107ST1;АРЕНЗА-ПРО 001P-04;400;04.11.2026;1000;RUB;1000;;;;;;;;;
RU000A107EW5;МФК Джой Мани 001P-01;250;04.11.2026;1000;RUB;1000;17;13,97;13,97;;;;;;
RU000A1070U1;СФО БКС Структурные Ноты 09;324,106;04.11.2026;1000;RUB;1000;0,01;0,3;0,3;;;;;;
RU000A106EP1;ПР-Лизинг ООО БО 002Р-02;1500;04.11.2026;1000;RUB;1000;18;14,79;14,79;;;;;;
RU000A106EM8;Балтийский лизинг ООО БО-П08;10000;04.11.2026;1000;RUB;1000;18;14,79;14,79;;;;;;
RU000A103RQ8;Сбер CIB-CO-78 (структурные);0;04.11.2026;1000;RUB;1000;0,01;0,5;0,5;;;;;;
RU000A103372;АФК Система БО 001P-20;10000;04.11.2026;1000;RUB;1000;17,5;87,26;87,26;;;;;;
RU000A100QA0;ГК Самолет БО-П06;500;04.11.2026;1000;RUB;1000;18,75;46,75;46,75;;;;;;
RU000A0ZYFS2;ТрансФин-М ПАО 001P-05;150,102;04.11.2026;1000;RUB;1000;17,5;87,26;87,26;;;;;;
RU000A10F4F9;Газпром нефть 005Р-07R;87000;03.11.2026;1000;RUB;1000;;;;;;;;;
RU000A10EWA4;СФО ВТБ РКС Олимп A4;6000;03.11.2026;1000;RUB;1000;15,5;13,16;13,16;;;;;;
RU000A10EW93;СФО ВТБ РКС Олимп A3;5850;03.11.2026;1000;RUB;1000;15,3;12,99;12,99;;;;;;
RU000A10EW85;СФО ВТБ РКС Олимп А2;11150;03.11.2026;1000;RUB;1000;16,6;13,25;13,25;;;;;;
RU000A10EW77;СФО ВТБ РКС Олимп A1;8000;03.11.2026;1000;RUB;1000;16;;;;;;;;
RU000A10ES32;ОДК 001P-01;15000;03.11.2026;1000;RUB;1000;17;13,97;13,97;;;;;;
RU000A10ES24;ООО Л-Старт БО-03;210,5;03.11.2026;1000;RUB;1000;28,5;23,42;23,42;;;;;;
RU000A10ES16;ОДК 001P-02;2000;03.11.2026;1000;RUB;1000;;;;;;;;;
RU000A10ERV0;Магнит ПАО БО-006Р-02;64000;03.11.2026;1000;RUB;1000;;;;;;;;;
RU000A10ERS6;Бустер.Ру БО-03;300;03.11.2026;1000;RUB;1000;23,5;19,32;19,32;;;;;;
RU000A10E7Q0;АЛЬФА-БАНК 002P-31;30000;03.11.2026;1000;RUB;1000;14,93;12,27;12,27;;;;;;
RU000A10E7K3;реСтор 001Р-03;2000;03.11.2026;1000;RUB;1000;18,75;15,41;15,41;;;;;;
RU000A10DSG1;Новосибирская область 34028;17500;03.11.2026;1000;RUB;1000;;;;;;;;;
RU000A10DSD8;СФО ТБ-6 класс Б2;4000;03.11.2026;1000;RUB;1000;18;15,29;15,29;;;;;;
RU000A10DSC0;СФО ТБ-6 класс Б1;8000;03.11.2026;1000;RUB;1000;18;15,29;15,29;;;;;;
RU000A10DQM3;Центр-резерв БО-06;130;03.11.2026;1000;RUB;1000;25;20,55;20,55;;;;;;
RU000A10DQL5;МЕТАЛЛОИНВЕСТ 002P-03;20000;03.11.2026;1000;RUB;1000;;;;;;;;;
RU000A10D1W2;МегаФон ПАО БО-002Р-10;30000;03.11.2026;1000;RUB;1000;;;;;;;;;
RU000A10D1U6;Бустер.Ру БО-01;300;03.11.2026;1000;RUB;1000;24,5;18,12;18,12;;;;;;
RU000A10CP78;"ПАО ""ПСБ"" 004P-01";25000;03.11.2026;1000;RUB;1000;14,25;11,71;11,71;;;;;;
RU000A10CP52;Газпром капитал ООО БО-003Р-19;5000;03.11.2026;1000;CNY;1000;6,4;5,26;59,63;1;AAA;;;;
RU000A10CMT9;МКПАО ЯНДЕКС 001Р-02;25000;03.11.2026;1000;RUB;1000;13,5;11,1;11,1;;AAA;;;;
RU000A10BSL5;Ростелеком ПАО 001P-17R;15000;03.11.2026;1000;RUB;1000;16,5;13,56;13,56;;;;;;
RU000A10BS76;ВУШ БО 001P-04;5000;03.11.2026;1000;RUB;1000;20,25;16,64;16,64;;;;;;
RU000A10BS68;Уральская Сталь БО-001Р-04;20;03.11.2026;100;USD;100;12,75;1,05;80,91;;;;;;
RU000A10B2M3;МФК Быстроденьги 002Р-08;250;03.11.2026;1000;RUB;1000;22;18,08;18,08;;;;;;
RU000A10B2F7;ЛК Роделен БО 002P-03;1000;03.11.2026;1000;RUB;1000;25,5;20,96;20,96;;;;;;
RU000A10B2D2;Патриот Групп 001Р-01;300;03.11.2026;1000;RUB;1000;27;22,19;22,19;;;;;;
RU000A10AUE8;РЖД БО 001P-36R;20000;03.11.2026;1000;RUB;1000;19,95;16,4;16,4;;;;;;
RU000A10ABC2;Новосибирская область 34026;27800;03.11.2026;1000;RUB;700;;;;;;;;;
RU000A10A1U9;СибАвтоТранс 001Р-04;300;03.11.2026;1000;RUB;1000;28;23,01;23,01;;;;;;
RU000A1095M5;Банк ВТБ (ПАО) Б-1-360;50000;03.11.2026;1000;RUB;1000;;;;;;;;;
RU000A1093H0;СберИОС 001Р-636R 5Г AC Яндекс;103,586;03.11.2026;1000;RUB;1000;0,01;0,01;0,01;;;;;;
RU000A108K25;СберИОС 001Р-623R 5Г AC MOEXIT;531,029;03.11.2026;1000;RUB;1000;0,01;0,01;0,01;;;;;;
RU000A108A19;ГК Солтон БО-01;63,758;03.11.2026;1000;RUB;1000;;;;;;;;;
RU000A107R29;ЕнисейАгроСоюз БО 001P-01;400;03.11.2026;1000;RUB;1000;;;;;;;;;
RU000A107FW2;СФО ТЕМП 01;90;03.11.2026;1000;RUB;377,22;14,5;;;;;;;;
RU000A107EE3;СОБИ-ЛИЗИНГ 001Р-04;150;03.11.2026;1000;RUB;190;19;1,09;1,09;;;;;;
RU000A107605;Газпром нефть БО 003P-07R;34000;03.11.2026;1000;RUB;1000;;;;;;;;;
RU000A106ZP6;СФО ВТБ РКС Эталон 03;10000;03.11.2026;1000;RUB;299,97;13,5;2,22;2,22;;;;;;
RU000A106VV3;РЖД БО 001Р-27R;30000;03.11.2026;1000;RUB;1000;;;;;;;;;
RU000A106987;Лизинг-Трейд 001P-08;200;03.11.2026;1000;RUB;958,4;14,5;9,44;9,44;;;;;;
RU000A1062J1;СФО ВТБ РКС Эталон 02;10000;03.11.2026;1000;RUB;115,36;11;;;;;;;;
RU000A105DS9;АПРИ БО-002Р-01;500;03.11.2026;1000;RUB;1000;24;29,92;29,92;;;;;;
RU000A105DR1;ФСК Россети БО-07;15000;03.11.2026;1000;RUB;1000;9,7;24,18;24,18;;;;;;
RU000A105DN0;ФСК Россети БО-06;10000;03.11.2026;1000;RUB;1000;9,7;24,18;24,18;;;;;;
RU000A105DL4;Новые технологии БO-01;800;03.11.2026;1000;RUB;1000;17,5;87,26;87,26;;;;;;
RU000A103VP2;СберИОС 001Р-479R 5Г РБЧ-М;2172,621;03.11.2026;1000;RUB;1000;0,01;0,5;0,5;;;;;;
RU000A102TK9;ЮСКДевелопмент 02К;90;03.11.2026;10000;RUB;5500;8,8;36,16;36,16;;;;;;
RU000A100Q50;ГК Самолет БО-П05;280;03.11.2026;1000;RUB;1000;19;47,37;47,37;;;;;;
RU000A1006C3;Пионер-Лизинг БО-П02;300;03.11.2026;1000;RUB;1000;20,75;17,05;17,05;;;;;;
RU000A0ZYFN3;ДОМ.РФ (ПАО) БО-10;10000;03.11.2026;1000;RUB;1000;;;;;;;;;
RU000A0ZYFM5;ДОМ.РФ (ПАО) БО-08;5000;03.11.2026;1000;RUB;1000;;;;;;;;;
RU000A0NX2X3;СФО АЗБУКА ДОХОДА 001Р-CO-15 (;11,68;03.11.2026;1000;RUB;1000;0;0,01;0,01;;;;;;
RU000A0NW1C0;Сбер CIB-СО-631;167,703;03.11.2026;1000;RUB;1000;0,01;0,31;0,31;;;;;;
RU000A0JTB96;Главная дорога АО об.сер. 07;1400;03.11.2026;1000;RUB;500;10,74;53,55;53,55;;;;;;
XS1514045886;Lukoil Int Finance 02/11/26;1000;02.11.2026;1000;USD;1000;4,75;23,75;1830,2;;;;;;
RU000A10FBK4;Арлифт 001Р-02;630;02.11.2026;1000;RUB;1000;23,25;19,11;19,11;;;;;;
RU000A10F470;ТрансКонтейнер П02-03;10000;02.11.2026;1000;RUB;1000;16,5;13,56;13,56;;;;;;
RU000A10E7G1;НоваБев Групп 003Р-02;5000;02.11.2026;1000;RUB;1000;15,25;12,53;12,53;;;;;;
RU000A10E7D8;ЛКПРОГР БО-01;200;02.11.2026;1000;RUB;1000;26,5;21,78;21,78;;;;;;
RU000A10E6Q2;ИКС 5 ФИНАНС 003P-16;20000;02.11.2026;1000;RUB;1000;;;;;;;;;
RU000A10E309;АЛЬФА-Б С-1-871 структурные;0;02.11.2026;1000;RUB;1000;0,01;0,07;0,07;;;;;;
RU000A10BRY0;С-ПРИНТ БО-02;100;02.11.2026;1000;RUB;1000;29;23,84;23,84;;;;;;
RU000A10BQK1;СФО ВТБ РКС Эталон 05;12500;02.11.2026;1000;RUB;477,23;21,7;6,16;6,16;;;;;;
RU000A10BBG1;ТЕХНО Лизинг 001Р-07;700;02.11.2026;1000;RUB;1000;27;17,75;17,75;;;;;;
RU000A10BBE6;ХК Новотранс 001P-06;10500;02.11.2026;1000;RUB;1000;18,75;15,41;15,41;;;;;;
RU000A10BBD8;ЯТЭК 001Р-06;5500;02.11.2026;1000;RUB;1000;;;;;;;;;
RU000A10BBC0;АйДи Коллект 001P-03;200;02.11.2026;1000;RUB;1000;;;;;;;;;
RU000A10BAP4;Эталон-Финанс 002Р-03;6750;02.11.2026;1000;RUB;1000;25,5;20,96;20,96;;;;;;
RU000A10B263;АБЗ-1 002P-02;1000;02.11.2026;1000;RUB;1000;;;;;;;;;
RU000A10B255;Михайловский Молочный Завод-02;85;02.11.2026;1000;RUB;880;27;17,86;17,86;;;;;;
RU000A10B214;Ростелеком ПАО 001P-15R;15000;02.11.2026;1000;RUB;1000;18,75;15,41;15,41;;;;;;
RU000A10AYZ5;СберИОС 001Р-686R 5Г BSKRUS;154,066;02.11.2026;1000;RUB;1000;0,01;0,01;0,01;;;;;;
RU000A109890;МФК ВЭББАНКИР 07;111,717;02.11.2026;1000;RUB;1000;;;;;;;;;
RU000A109874;ГК Самолет БО-П15;5000;02.11.2026;1000;RUB;1000;;;;;;;;;
RU000A108QE5;СФО БКС Структурные Ноты 33;166,501;02.11.2026;1000;RUB;1000;0,01;0,2;0,2;;;;;;
RU000A108F63;МФК Быстроденьги 002Р-06;418,184;02.11.2026;1000;RUB;1000;;;;;;;;;
RU000A108DP9;АрлифтИнтернешнл БО-01;34,453;02.11.2026;1000;RUB;500;23,5;29,29;29,29;;;;;;
RU000A107XB9;ВЭБ.РФ ПБО-002Р-42;50000;02.11.2026;1000;RUB;1000;;;;;;;;;
RU000A107EC7;Россети Ленэнерго ПАО 001P-01;10000;02.11.2026;1000;RUB;1000;;;;;;;;;
RU000A107209;Сибирское Стекло БО-П04;300;02.11.2026;1000;RUB;1000;21,5;17,67;17,67;;;;;;
RU000A1059N9;"ПАО ""ЛУКОЙЛ"" ЗО-26";315,76;02.11.2026;1000;USD;1000;4,75;23,75;1830,2;;;;;;
RU000A103UP4;СберИОС 001Р-476R 5Г ТЕХ;368,301;02.11.2026;1000;RUB;1000;0,01;0,5;0,5;;;;;;
RU000A1010D3;Республика Саха (Якутия) об.13;5000;02.11.2026;1000;RUB;300;6,95;3,47;3,47;;;;;;
RU000A0NTXW3;Банк ВТБ С-1-697 (структурные);0;02.11.2026;1000;RUB;1000;0,01;0,3;0,3;;;;;;
RU000A0JVY04;РЖД ОАО 36 обл.;15200;02.11.2026;1000;RUB;1000;6,59;32,86;32,86;;;;;;
RU000A0JR4U9;Главная дорога АО об.сер. 03;8000;02.11.2026;1000;RUB;375;10,74;40,16;40,16;;;;;;
RU000A10FBH0;Ростелеком ПАО 001P-26R;20000;01.11.2026;1000;RUB;1000;;;;;;;;;
RU000A10FBG2;Трансмашхолдинг АО ПБО-08;20000;01.11.2026;1000;RUB;1000;;;;;;;;;
RU000A10FBB3;ЛЕГЕНДА БО 002P-07;1250;01.11.2026;1000;RUB;1000;19;15,62;15,62;;;;;;
RU000A10ENP1;СФО Альфа Фабрика ПК-3 класс А;20000;01.11.2026;1000;RUB;1000;16,3;9,06;9,06;;;;;;
RU000A10EG44;ИЛОН 001Р-01;1250;01.11.2026;1000;RUB;1000;17,7;14,55;14,55;;;;;;
RU000A10EG28;Группа компаний Медси 001P-04;5500;01.11.2026;1000;RUB;1000;;;;;;;;;
RU000A10E747;ГК Сегежа 003P-10R;2903,888;01.11.2026;1000;RUB;1000;25;20,55;20,55;;;;;;
RU000A10E739;Ростелеком ПАО 001P-22R;15000;01.11.2026;1000;RUB;1000;14,75;12,12;12,12;;;;;;
RU000A10DXE6;СФО Альфа Фабрика ПК-2 класс А;10000;01.11.2026;1000;RUB;882,24;16,8;8,03;8,03;;;;;;
RU000A10D1J9;ЭЛЕКТРОРЕШЕНИЯ 001Р-02;1000;01.11.2026;1000;RUB;1000;22,5;18,49;18,49;;BBB(ru);;;;
RU000A10CKS5;СФО Альфа Фабрика ПК-1 класс А;10000;01.11.2026;1000;RUB;622,35;16;4,77;4,77;;;;;;
RU000A10CB66;ГК Сегежа 003P-06R;7000;01.11.2026;1000;RUB;1000;23,5;19,32;19,32;;ruBB-;;;;
RU000A10C8F3;Брусника 002Р-04;7500;01.11.2026;1000;RUB;1000;21,5;17,67;17,67;;;;;;
RU000A10C0X3;ЭН+ГИДРО 001РС-07;1950;01.11.2026;1000;CNY;1000;;;;;;;;;
RU000A10BRR4;РусГидро БО-002Р-06;50000;01.11.2026;1000;RUB;1000;;;;;;;;;
RU000A10BRN3;Сибирский КХП 001P-04;150;01.11.2026;1000;RUB;1000;;;;;;;;;
RU000A10BB83;Роял Капитал БО-02;150;01.11.2026;1000;RUB;1000;31;25,48;25,48;;D;;;;
RU000A10BB75;ЕвроТранс БО-001Р-07;4300;01.11.2026;1000;RUB;1000;24,5;20,14;20,14;;;;;;
RU000A10B1X2;Селигдар 001Р-02;3500;01.11.2026;1000;RUB;1000;24;19,73;19,73;1;AA-;;;;
RU000A10A141;ЕвроТранс БО-001Р-05;2000;01.11.2026;1000;RUB;1000;25;20,55;20,55;;;;;;
RU000A10A133;ЕвроТранс БО-001Р-04;57,323;01.11.2026;1000;RUB;1000;14;11,51;11,51;;;;;;
RU000A109TJ6;"ПАО ""ПСБ"" 003P-09";17000;01.11.2026;1000;RUB;1000;;;;;;;;;
RU000A109NC4;СФО ВТБ РКС Эталон 04;20000;01.11.2026;1000;RUB;303,67;21,5;3,71;3,71;;;;;;
RU000A109HX2;ВУШ БО 001P-03;4000;01.11.2026;1000;RUB;1000;;;;;;;;;
RU000A109825;АЗБУКА ВКУСА БОП3;1050;01.11.2026;1000;RUB;1000;;;;;;;;;
RU000A1097X8;БИАНКА ПРЕМИУМ БО-01;200;01.11.2026;1000;RUB;1000;23;18,9;18,9;;BB;;;;
RU000A108VL0;ГПБ (АО) БО 005Р-12Р;537,366;01.11.2026;1000;RUB;1000;;;;;;;;;
RU000A108P61;ПАО Россети Моск.рег. БО1Р06;20000;01.11.2026;1000;RUB;1000;;;;;;;;;
RU000A107W55;Банк ВТБ (ПАО) Б-1-351;5361,517;01.11.2026;1000;RUB;1000;14,75;12,53;12,53;;;;;;
RU000A107SG8;СИМПЛ СОЛЮШНЗ КЭПИТЛ 001Р-01;500;01.11.2026;1000;RUB;1000;;;;;;;;;
RU000A107KR2;МигКредит БО-04;300;01.11.2026;1000;RUB;280;21;2,07;2,07;;;;;;
RU000A107B35;Банк ВТБ (ПАО) Б-1-346;3269,736;01.11.2026;1000;RUB;1000;14,5;12,32;12,32;;;;;;
RU000A1032P1;ООО «СФО ВТБ РКС-1 »;35000;01.11.2026;1000;RUB;103,96;8;0,14;0,14;;;;;;
RU000A0JTZF1;ДОМ.РФ (ПАО) обл. сер.А26;6000;01.11.2026;1000;RUB;600;;;;;;;;;
RU000A10FAN0;АЛРОСА 002Р-02;30000;31.10.2026;1000;RUB;1000;;;;;;;;;
RU000A10FAL4;ИСП 001Р-01;300;31.10.2026;1000;RUB;1000;21;17,26;17,26;;;;;;
RU000A10EFW3;ЛАЗЕРНЫЕ СИСТЕМЫ-02;200;31.10.2026;1000;RUB;1000;20,75;17,05;17,05;;;;;;
RU000A10E6V2;ИКС 5 ФИНАНС 003P-17;15000;31.10.2026;1000;RUB;1000;14,5;11,92;11,92;;;;;;
RU000A10E6U4;ГК Самолет БО-П19;5000;31.10.2026;1000;RUB;1000;21;17,26;17,26;;;;;;
RU000A10E6T6;Акрон (ПАО) БО-002P-02;1500;31.10.2026;1000;CNY;1000;6,8;5,59;63,37;;;;;;
RU000A10E6S8;ТД РКС 002Р-07;400;31.10.2026;1000;RUB;1000;26;21,37;21,37;;;;;;
RU000A10DQ68;СелоЗеленое 001Р-02;3500;31.10.2026;1000;RUB;1000;17,25;14,18;14,18;;;;;;
RU000A10D5F8;Совкомбанк БО-И07;154,208;31.10.2026;1000;RUB;1000;0,01;0,1;0,1;;;;;;
RU000A10D4L9;Совкомбанк БО-И06;85,547;31.10.2026;1000;RUB;1000;0,01;0,1;0,1;;;;;;
RU000A10D2W0;ГПБ (АО) БО 004Р-32;1277,017;31.10.2026;1000;RUB;1000;0,01;0,1;0,1;;;;;;
RU000A10D2V2;ГПБ (АО) БО 004Р-31;116,519;31.10.2026;1000;RUB;1000;0,01;0,1;0,1;;;;;;
RU000A10CAQ0;АЛЬФА ДОН ТРАНС БО-01;300;31.10.2026;1000;RUB;1000;28;23,01;23,01;;;;;;
RU000A10C0V7;ЭР-Телеком Холдинг ПБО-02-10;11000;31.10.2026;1000;RUB;1000;;;;;;;;;
RU000A10BZT3;Биннофарм Групп 001Р-06;2000;31.10.2026;1000;RUB;1000;19,5;16,03;16,03;;;;;;
RU000A10B9Q9;ГЛОРАКС 001Р-04;2200;31.10.2026;1000;RUB;1000;25,5;20,96;20,96;?;BBB+;;;;
RU000A10B1Q6;Джи-групп 002P-06;1500;31.10.2026;1000;RUB;1000;24,75;20,34;20,34;;;;;;
RU000A10B1N3;Мобильные ТелеСистемы 002P-07;20000;31.10.2026;1000;RUB;1000;14,6;12;12;;;;;;
RU000A10B1M5;Нафтатранс плюс ООО БО-07;250;31.10.2026;1000;RUB;1000;28;23,01;23,01;;;;;;
RU000A10AHP1;ВТБ Факторинг БО-01;677,096;31.10.2026;1000;RUB;1000;;;;;;;;;
RU000A109S83;МОНОПОЛИЯ 001P-01;289,707;31.10.2026;1000;RUB;1000;;;;;;;;;
RU000A109EG4;ГПБ (АО) БО 004Р-12;395,823;31.10.2026;1000;RUB;1000;0,01;0,1;0,1;;;;;;
RU000A108314;АЛЬФА-БАНК Б1Р12;97,1;31.10.2026;1000;RUB;1000;0,01;0,1;0,1;;;;;;
RU000A1077X0;Интерлизинг 001Р-07;4500;31.10.2026;1000;RUB;200;16;0,53;0,53;;;;;;
RU000A10FA72;АФК Система БО 002Р-14;10000;30.10.2026;1000;RUB;1000;17,5;14,38;14,38;;;;;;
RU000A10FA64;ИНАРКТИКА 002Р-06;3000;30.10.2026;1000;RUB;1000;;;;;;;;;
RU000A10F7R7;Сбербанк ПАО 001Р-SBER56;75000;30.10.2026;1000;RUB;1000;13,4;11,01;11,01;;;;;;
RU000A10ERH9;АВТОБАН-Финанс АО БО-П09;5000;30.10.2026;1000;RUB;1000;1;A+;;;;;;;
RU000A10ERE6;АВТОБАН-Финанс АО БО-П08;8500;30.10.2026;1000;RUB;1000;16,9;13,89;13,89;1;A+;;;;
RU000A10ERD8;УПТК-65 001Р-02;300;30.10.2026;1000;RUB;1000;22;18,08;18,08;;;;;;
RU000A10ERC0;АПРИ БО-002Р-14;5000;30.10.2026;1000;RUB;1000;24,75;20,34;20,34;;;;;;
RU000A10ER41;ФЛИТ 001Р-03;1000;30.10.2026;1000;RUB;1000;16;10,96;10,96;;;;;;
RU000A10EF11;iПРОМОМЕД ДМ 002P-03;6800;30.10.2026;1000;RUB;1000;;;;;;;;;
RU000A10EEZ9;Селектел 001P-07R;7000;30.10.2026;1000;RUB;1000;15;12,33;12,33;;;;;;
RU000A10DPW4;АФК Система БО 002Р-06;3750;30.10.2026;1000;RUB;1000;17,75;14,59;14,59;;;;;;
RU000A10DPV6;АФК Система БО 002Р-07;2750;30.10.2026;1000;RUB;1000;;;;;;;;;
RU000A10DNX7;СФО Сплит Финанс ПВ-2;4500;30.10.2026;1000;RUB;1000;17,3;14,22;14,22;;;;;;
RU000A10D4M7;СберИОС 001Р-765R 3Y1M ОФЗ;72,023;30.10.2026;1000;RUB;1000;0,01;0,1;0,1;;;;;;
RU000A10CWX0;АЛЬФА-Б С-1-844 структурные;0;30.10.2026;1000;RUB;1000;0,01;0,1;0,1;;;;;;
RU000A10CWW2;АЛЬФА-Б С-1-843 структурные;0;30.10.2026;1000;RUB;1000;0,01;0,1;0,1;;;;;;
RU000A10CWU6;АЛЬФА-Б С-1-841 структурные;0;30.10.2026;1000;RUB;1000;0,01;0,1;0,1;;;;;;
RU000A10CWT8;АЛЬФА-Б С-1-840 структурные;0;30.10.2026;1000;RUB;1000;0,01;0,1;0,1;;;;;;
RU000A10CN62;ПКО ЮСВ 1Р1;500;30.10.2026;1000;RUB;1000;;;;;;;;;
RU000A10CN47;Роял Капитал БО-03;100;30.10.2026;1000;RUB;1000;29;23,84;23,84;;;;;;
RU000A10C113;АЛЬФА-Б С-1-712 структурные;0;30.10.2026;1000;RUB;1000;0,01;0,1;0,1;;;;;;
RU000A10BZQ9;Сэтл-Групп ООО БО 002P-05;7000;30.10.2026;1000;RUB;1000;;;;;;;;;
RU000A10B9L0;АЛЬФА-Б C-1-649 (структурные);0;30.10.2026;1000;RUB;1000;0,01;0,15;0,15;;;;;;
RU000A10B974;АЛЬФА-Б C-1-636 (структурные);0;30.10.2026;1000;RUB;1000;0,01;0,15;0,15;;;;;;
RU000A10B933;Селигдар 001Р-03;9500;30.10.2026;1000;RUB;1000;23,25;19,11;19,11;;;;;;
RU000A10B925;ЕнисейАгроСоюз БО 001P-02;200;30.10.2026;1000;RUB;1000;;;;;;;;;
RU000A10ATS0;ЕвроТранс БО-001Р-06;1930;30.10.2026;1000;RUB;1000;25;20,55;20,55;;;;;;
RU000A10AA28;Акрон (ПАО) БО-001P-06;11500;30.10.2026;1000;RUB;1000;;;;;;;;;
RU000A10AA10;ПСБ Лизинг БО-П01;1000;30.10.2026;1000;RUB;1000;25;20,55;20,55;;;;;;
RU000A10A9Z1;Магнит ПАО БО-004Р-05;12500;30.10.2026;1000;RUB;1000;;;;;;;;;
RU000A10A7N1;СберИОС 001Р-666R 5Г BSKRUS;1136,755;30.10.2026;1000;RUB;1000;0,01;0,01;0,01;;;;;;
RU000A108Z85;РЖД БО 001P-32R;45000;30.10.2026;1000;RUB;1000;;;;;;;;;
RU000A108N55;АЛЬФА-БАНК ЗО-500;218,531;30.10.2026;1000;USD;1000;8,128;20,32;1565,88;;;;;;
RU000A108DE3;ГТЛК БО 001P-21;11000;30.10.2026;1000;RUB;1000;;;;;;;;;
RU000A107UR1;СберИОС 001Р-609R 5Г AC TRNFP;366,355;30.10.2026;1000;RUB;1000;0,01;0,01;0,01;;;;;;
RU000A107SA1;ЛК Роделен БО 002P-02;1000;30.10.2026;1000;RUB;1000;16;10,52;10,52;;;;;;
RU000A107S85;МФК Саммит 001Р-03;150;30.10.2026;1000;RUB;334,4;;;;;;;;;
RU000A107795;МФК Лайм-Займ 04;500;30.10.2026;1000;RUB;500;16;6,58;6,58;;;;;;
RU000A106VS9;АЛЬФА-БАНК Б1Р06;118,102;30.10.2026;1000;RUB;1000;0,01;0,1;0,1;;;;;;
RU000A105SP3;ГК Сегежа 003P-02R;6000;30.10.2026;1000;RUB;1000;25;62,33;62,33;;;;;;
RU000A105RF6;Лизинг-Трейд 001P-06;150;30.10.2026;1000;RUB;792;14,5;7,46;7,46;;;;;;
RU000A104SY8;РЖД БО 001Р-25R;15000;30.10.2026;1000;RUB;1000;11,87;59,19;59,19;;;;;;
RU000A104SX0;РЖД БО 001Р-24R;10000;30.10.2026;1000;RUB;1000;11,87;59,19;59,19;;;;;;
RU000A102BK7;О'КЕЙ ООО БО 001Р-04;5000;30.10.2026;1000;RUB;1000;9,9;24,68;24,68;;;;;;
RU000A1010B7;Транснефть ПАО БО-001P-13;15000;30.10.2026;1000;RUB;1000;6,85;34,16;34,16;;;;;;
RU000A1003A4;ГТЛК БО 001P-13;10000;30.10.2026;1000;RUB;1000;9,57;23,86;23,86;;;;;;
RU000A0NW1L1;Сбер CIB-CO-639 (структурные);0;30.10.2026;1000;RUB;1000;0,01;0,28;0,28;;;;;;
RU000A0NR9A4;Сбер CIB-CO-599 (структурные);0;30.10.2026;1000;RUB;1000;0,01;0,28;0,28;;;;;;
RU000A0JWYQ5;"АФК ""Система"" ПАО БО 001P-04";6500;30.10.2026;1000;RUB;1000;21;104,71;104,71;;;;;;
RU000A0JWYJ0;"Группа компаний ""Самолет"" 01";1500;30.10.2026;1000;RUB;1000;26;64,82;64,82;;;;;;
RU000A10F124;Мобильные Телесистемы 003Р-01;60000;29.10.2026;1000;RUB;1000;;;;;;;;;
RU000A10ER66;ФосАгро БО-02-06;70000;29.10.2026;1000;RUB;1000;13,75;11,3;11,3;;;;;;
RU000A10EQV2;БиоВитрум 001Р-02;250;29.10.2026;1000;RUB;1000;23,25;19,11;19,11;;;;;;
RU000A10EES4;ВИС ФИНАНС БО-П11;2500;29.10.2026;1000;RUB;1000;17;13,97;13,97;;;;;;
RU000A10DPM5;Магнит ПАО БО-005Р-05;26650;29.10.2026;1000;RUB;1000;;;;;;;;;
RU000A10DPJ1;Группа Продовольствие БО-02;200;29.10.2026;1000;RUB;1000;25;20,55;20,55;;;;;;
RU000A10DE54;Лид Капитал 001Р-01;6,652;29.10.2026;100;USD;100;13,5;1,11;85,54;;;;;;
RU000A10DAZ9;Уралсиб БО-СП1;30;29.10.2026;1000;RUB;1000;0,01;0,1;0,1;;;;;;
RU000A10D5C5;РЖД БО 001P-48R;20000;29.10.2026;1000;RUB;1000;;;;;;;;;
RU000A10C9Z9;УПТК-65 001Р-01;200;29.10.2026;1000;RUB;1000;23;18,9;18,9;;;;;;
RU000A10C9Y2;НОВАТЭК 001Р-05;750;29.10.2026;1000;USD;1000;7;5,75;443,1;;;;;;
RU000A10C3F4;СФО Сплит Финанс ПВ-1;9000;29.10.2026;1000;RUB;1000;16,5;11,37;11,37;;;;;;
RU000A10BRM5;Акрон (ПАО) БО-001P-09;200;29.10.2026;1000;USD;1000;7,75;6,37;490,88;;;;;;
RU000A10BR02;Нео-Пак БО-01;130;29.10.2026;1000;RUB;1000;35;28,77;28,77;;;;;;
RU000A10BK17;Газпром нефть БО 003P-15R;120000;29.10.2026;1000;RUB;1000;2;1,64;1,64;;;;;;
RU000A10BK09;Газпром нефть БО 003P-14R;42500;29.10.2026;1000;RUB;1000;;;;;;;;;
RU000A10B8P3;ИНАРКТИКА 002Р-03;2000;29.10.2026;1000;RUB;1000;;;;;;;;;
RU000A10B8M0;Сэтл-Групп ООО БО 002P-04;6000;29.10.2026;1000;RUB;1000;;;;;;;;;
RU000A10ATR2;ГЛОРАКС 001P-03;1400;29.10.2026;1000;RUB;1000;28;23,01;23,01;;;;;;
RU000A10ATC4;МГКЛ-001Р-07;1000;29.10.2026;1000;RUB;1000;30;24,66;24,66;;;;;;
RU000A10AS28;Биннофарм Групп 001Р-04;4000;29.10.2026;1000;RUB;1000;;;;;;;;;
RU000A10ANT1;РДВ ТЕХНОЛОДЖИ 1P1;250;29.10.2026;1000;RUB;1000;26;64,82;64,82;;B+;;;;
RU000A109PP1;АБЗ-1 002Р-01;1000;29.10.2026;1000;RUB;1000;;;;;;;;;
RU000A109551;Балтийский лизинг ООО БО-П12;7500;29.10.2026;1000;RUB;1000;;;;;;;;;
RU000A1094U1;Байсэл 001P-01;200;29.10.2026;1000;RUB;1000;;;;;;;;;
RU000A1093J6;СберИОС 001Р-637R 5Г AC СБЕР;326,65;29.10.2026;1000;RUB;1000;0,01;0,01;0,01;;;;;;
RU000A108YZ4;Михайловский Молочный Завод-01;70;29.10.2026;1000;RUB;375;20;4,11;4,11;;;;;;
RU000A1089G0;ГИДРОМАШСЕРВИС АО 001Р-02;3000;29.10.2026;1000;RUB;1000;15,25;12,53;12,53;;;;;;
RU000A107DP1;ПАО Россети Моск.рег. БО1Р05;8000;29.10.2026;1000;RUB;1000;;;;;;;;;
RU000A106SD7;СберИОС 001Р-582R 5Г AC IMOEX;1494,811;29.10.2026;1000;RUB;1000;0,01;0,01;0,01;;;;;;
RU000A105SZ2;СибАвтоТранс 001Р-01;200;29.10.2026;1000;RUB;450;18;13,46;13,46;;;;;;
RU000A0JXE06;ГосТранспортЛизингКомп 001P-03;10000;29.10.2026;1000;RUB;1000;;AA-;;;;;;;
XS0191754729;GAZ CAPITAL SA 8.625 28/04/34;1200;28.10.2026;1000;USD;1000;8,625;43,125;3323,26;;;;;;
RU000A1066D5;ОФЗ-ПК 29024 18/04/35;743804,137;28.10.2026;1000;RUB;1000;;;;;;;;;
RU000A105G16;ОФЗ-ПК 29022 20/07/33;1000000;28.10.2026;1000;RUB;1000;;;;;;;;;
RU000A10FJ24;ДОМ.РФ Ипотечный агент БО 1P66;55015,777;28.10.2026;1000;RUB;1000;;;;;;;;;
RU000A10F7W7;ДОМ.РФ Ипотечный агент БО 1P63;60465,044;28.10.2026;1000;RUB;1000;;;;;;;;;
RU000A10F0V4;Совкомбанк Факторинг 002P-06;3000;28.10.2026;1000;RUB;1000;13,2;32,91;32,91;;;;;;
RU000A10F0T8;ГК Самолет 002P-04;1000;28.10.2026;1000;RUB;1000;;;;;;;;;
RU000A10EQG3;ДОМ.РФ Ипотечный агент БО 1P62;26237,442;28.10.2026;1000;RUB;987,41;;;;;;;;;
RU000A10EL21;ДОМ.РФ Ипотечный агент БО 1P61;10462,932;28.10.2026;1000;RUB;979,83;;;;;;;;;
RU000A10DYJ3;ДОМ.РФ Ипотечный агент БО 1P35;18249,859;28.10.2026;1000;RUB;961,4;;;;;;;;;
RU000A10DPB8;КАМАЗ ПАО БО-П19;3100;28.10.2026;1000;RUB;1000;;;;;;;;;
RU000A10DP93;КАМАЗ ПАО БО-П18;3650;28.10.2026;1000;RUB;1000;16,5;13,56;13,56;;;;;;
RU000A10DP51;ГТЛК БО 002P-11;12500;28.10.2026;1000;RUB;1000;;;;;;;;;
RU000A10DJY3;ПР-Лизинг 003Р-01;14,27;28.10.2026;100;USD;89;14;0,9;69,35;;;;;;
RU000A10DJR7;РЖД БО 001P-49R;45000;28.10.2026;1000;RUB;1000;;;;;;;;;
RU000A10DEA4;ДОМ.РФ Ипотечный агент БО 1P58;66026,901;28.10.2026;1000;RUB;932,78;;;;;;;;;
RU000A10D327;Банк ВТБ (ПАО) Б-1-382;473,2;28.10.2026;1000;RUB;1000;0,01;0,1;0,1;;;;;;
RU000A10CZB9;ЕвроТранс БО-001Р-08;4500;28.10.2026;1000;RUB;1000;21;17,26;17,26;;;;;;
RU000A10CMR3;СИБУР Холдинг 001Р-08;400;28.10.2026;100;USD;100;6,65;0,55;42,38;;AAA;;;;
RU000A10CMQ5;Новые технологии 001Р-08;1500;28.10.2026;1000;RUB;1000;17;13,97;13,97;;;;;;
RU000A10C8J5;ДОМ.РФ Ипотечный агент БО 1P56;90002,663;28.10.2026;1000;RUB;836,69;8,4;;;;;;;;
RU000A10C1P7;ДОМ.РФ Ипотечный агент БО 1P57;102741,937;28.10.2026;1000;RUB;944,36;;;;;;;;;
RU000A10C1N2;ДОМ.РФ Ипотечный агент БО 1P55;86336,88;28.10.2026;1000;RUB;735,53;;;;;;;;;
RU000A10BVS4;ДОМ.РФ Ипотечный агент БО 1P54;35376,105;28.10.2026;1000;RUB;905,71;;;;;;;;;
RU000A10BQX4;Россети Северо-Запад 001Р-01;5000;28.10.2026;1000;RUB;1000;;;;;;;;;
RU000A10BQV8;Инвест КЦ 001P-01;62;28.10.2026;100;USD;100;12;0,99;76,29;;;;;;
RU000A10BQU0;ГМК Нор.никель БО-001Р-10;500;28.10.2026;100;USD;100;7,5;0,62;47,78;1;AAA;;;;
RU000A10BQM7;ТД РКС 002Р-05;300;28.10.2026;1000;RUB;1000;28;23,01;23,01;;;;;;
RU000A10BP53;ДОМ.РФ Ипотечный агент БО 1P53;6399,481;28.10.2026;1000;RUB;928,42;;;;;;;;;
RU000A10BN06;АЛЬФА-Б С-1-701 структурные;0;28.10.2026;1000;RUB;1000;0,01;0,1;0,1;;;;;;
RU000A10BJL4;Транспортная ЛК 001P-02;200;28.10.2026;1000;RUB;958,4;24;15,62;15,62;;;;;;
RU000A10B9A3;АЛЬФА-Б C-1-639 (структурные);0;28.10.2026;1000;RUB;1000;0,01;0,15;0,15;;;;;;
RU000A10B3W0;Совкомбанк Лизинг БО-П09;10750;28.10.2026;1000;RUB;504,7;;;;;;;;;
RU000A10B115;РЖД БО 001P-40R;40000;28.10.2026;1000;RUB;1000;17,65;14,51;14,51;;;;;;
RU000A10B0Z9;ЭР-Телеком Холдинг ПБО-02-09;3500;28.10.2026;1000;RUB;1000;;;;;;;;;
RU000A10ARR6;Пикалевская сода БО-01;10000;28.10.2026;1000;RUB;1000;;;;;;;;;
RU000A10AQC0;ДОМ.РФ Ипотечный агент БО 1P51;1998,949;28.10.2026;1000;RUB;815,11;9,6;;;;;;;;
RU000A109RF8;Транспортная ЛК 001P-01;36,847;28.10.2026;1000;RUB;890;;;;;;;;;
RU000A109R50;Самокат БО-02;94,28;28.10.2026;1000;RUB;1000;23;18,9;18,9;;;;;;
RU000A109NJ9;ДОМ.РФ Ипотечный агент БО 1P48;99999,577;28.10.2026;1000;RUB;750,34;8,5;;;;;;;;
RU000A109NH3;ДОМ.РФ Ипотечный агент БО 1P47;50019,391;28.10.2026;1000;RUB;806,21;;;;;;;;;
RU000A109L98;ДОМ.РФ Ипотечный агент БО 1P45;3944,115;28.10.2026;1000;RUB;855,23;;;;;;;;;
RU000A108MZ9;Газпром капитал БО-003Р-03;15000;28.10.2026;1000;RUB;1000;;;;;;;;;
RU000A1089A3;А Спэйс 001Р-01;200;28.10.2026;1000;RUB;889;17;9,32;9,32;;;;;;
RU000A107S10;Россельхозбанк БO-03-002P;42000;28.10.2026;1000;RUB;1000;;;;;;;;;
RU000A107PU5;РЖД БО 001P-30R;30000;28.10.2026;1000;RUB;1000;12,4;30,92;30,92;;;;;;
RU000A107GL3;ДОМ.РФ Ипотечный агент БО 1P40;109723,714;28.10.2026;1000;RUB;654,02;9;;;;;;;;
RU000A107G55;ДОМ.РФ Ипотечный агент БО 1P39;49927,769;28.10.2026;1000;RUB;715,7;;;;;;;;;
RU000A1075J3;РЕСО-Лизинг ООО БО-02П-05;11000;28.10.2026;1000;RUB;1000;;;;;;;;;
RU000A1074A5;ДОМ.РФ Ипотечный агент БО 1P38;6111,769;28.10.2026;1000;RUB;707,1;7,85;;;;;;;;
RU000A106FM5;ДОМ.РФ Ипотечный агент БО 1P34;17391,177;28.10.2026;1000;RUB;747,48;;;;;;;;;
RU000A1065R7;ДОМ.РФ Ипотечный агент БО 1P33;16515,643;28.10.2026;1000;RUB;597,82;8,6;;;;;;;;
RU000A105NZ3;ДОМ.РФ Ипотечный агент БО 1P32;6128,78;28.10.2026;1000;RUB;667,53;;;;;;;;;
RU000A105NP4;ДОМ.РФ Ипотечный агент БО 1P30;4465,49;28.10.2026;1000;RUB;572,09;9,46;;;;;;;;
RU000A105NN9;ДОМ.РФ Ипотечный агент БО 1P29;54789,504;28.10.2026;1000;RUB;580,41;;;;;;;;;
RU000A105LN3;ДОМ.РФ Ипотечный агент БО 1P27;20597,323;28.10.2026;1000;RUB;552,7;7,4;;;;;;;;
RU000A105JF3;ДОМ.РФ Ипотечный агент БО 1P26;5477,816;28.10.2026;1000;RUB;688,09;;;;;;;;;
RU000A105H23;ДОМ.РФ Ипотечный агент БО 1P25;5527,918;28.10.2026;1000;RUB;480,93;9,35;;;;;;;;
RU000A105A95;Газпром капитал ООО ЗО34-1-Д;748,626;28.10.2026;1000;USD;1000;8,625;43,13;3323,65;;;;;;
RU000A1058R2;ДОМ.РФ Ипотечный агент БО 1P22;6638,733;28.10.2026;1000;RUB;646,43;;;;;;;;;
RU000A105898;ДОМ.РФ Ипотечный агент БО 1P21;2317,051;28.10.2026;1000;RUB;608,72;8,2;;;;;;;;
RU000A104X32;ДОМ.РФ Ипотечный агент БО 1P19;6704,238;28.10.2026;1000;RUB;584,19;;;;;;;;;
RU000A104UV0;ДОМ.РФ Ипотечный агент БО 1P18;6183,696;28.10.2026;1000;RUB;582,1;;;;;;;;;
RU000A104B79;ДОМ.РФ Ипотечный агент БО 1P16;207605,03;28.10.2026;1000;RUB;444,21;7,65;;;;;;;;
RU000A104AM1;ДОМ.РФ Ипотечный агент БО 1P17;31410,336;28.10.2026;1000;RUB;449,77;6,8;;;;;;;;
RU000A1041Q0;ДОМ.РФ Ипотечный агент БО 1P13;5353,129;28.10.2026;1000;RUB;469,37;8,15;;;;;;;;
RU000A103YG5;ДОМ.РФ Ипотечный агент БО 1P11;48293,483;28.10.2026;1000;RUB;467,91;6,8;;;;;;;;
RU000A103W42;ДОМ.РФ Ипотечный агент БО 1P10;3087,641;28.10.2026;1000;RUB;479,17;7;;;;;;;;
RU000A1031K4;ДОМ.РФ Ипотечный агент БО 1P8;4742,319;28.10.2026;1000;RUB;371,95;6,95;;;;;;;;
RU000A102ME7;ИА Титан-3 03;228,923;28.10.2026;1000;RUB;1000;;;;;;;;;
RU000A102MC1;ИА Титан-3 02;323,614;28.10.2026;1000;RUB;1000;;;;;;;;;
RU000A102MB3;ИА Титан-3 01;2275;28.10.2026;1000;RUB;19,36;7,45;;;;;;;;
RU000A102GV3;ДОМ.РФ Ипотечный агент БО 1P1;5825,188;28.10.2026;1000;RUB;333,15;6,05;;;;;;;;
RU000A101JD7;ДОМ.РФ Ипотечный агент 05-001P;7207,044;28.10.2026;1000;RUB;207,43;6,5;;;;;;;;
RU000A1016B4;ДОМ.РФ Ипотечный агент 12-002P;24085,632;28.10.2026;1000;RUB;195,1;;;;;;;;;
RU000A100ZB9;ДОМ.РФ Ипотечный агент 10-002P;95652,798;28.10.2026;1000;RUB;153,57;;;;;;;;;
RU000A100YY4;ДОМ.РФ Ипотечный агент 11-002P;4923,727;28.10.2026;1000;RUB;178,78;7,1;;;;;;;;
RU000A0ZZCH9;ДОМ.РФ Ипотечный агент 05-002P;6187,764;28.10.2026;1000;RUB;119,81;8;;;;;;;;
RU000A0ZYLX0;ДОМ РФ ИА 03;1957,905;28.10.2026;1000;RUB;54,26;;;;;;;;;
RU000A0ZYL89;ДОМ РФ ИА 04;7557,011;28.10.2026;1000;RUB;41,38;;;;;;;;;
RU000A0ZYF38;ДОМ.РФ (ПАО) БО-07;5000;28.10.2026;1000;RUB;1000;;;;;;;;;
RU000A0ZYF20;ДОМ.РФ (ПАО) БО-06;5000;28.10.2026;1000;RUB;1000;;;;;;;;;
RU000A0JXQQ9;ООО АРАГОН об.;1000;28.10.2026;1000;RUB;1000;21;52,36;52,36;;;;;;
RU000A10F108;Акрон (ПАО) БО-002P-03;1000;27.10.2026;1000;CNY;1000;7,85;6,45;73,12;;;;;;
RU000A10EQE8;Первый ЮвелирЛомб БО-02;75;27.10.2026;1000;RUB;1000;23;18,9;18,9;;;;;;
RU000A10EQD0;ЛК Роделен БО 002P-05;500;27.10.2026;1000;RUB;1000;22;18,08;18,08;;;;;;
RU000A10EFQ5;Банк ВТБ (ПАО) Б-1-332;70,325;27.10.2026;1000;RUB;1000;0,01;0,02;0,02;;;;;;
RU000A10E6J7;Страна Девелопмент 002Р-02;1000;27.10.2026;1000;RUB;1000;25,25;20,75;20,75;;;;;;
RU000A10E6G3;ООО Л-Старт 001Р-1;175;27.10.2026;1000;RUB;1000;31;25,48;25,48;;;;;;
RU000A10DMN0;реСтор 001Р-02;1000;27.10.2026;1000;RUB;1000;18,85;15,49;15,49;;;;;;
RU000A10DCM3;ГК Самолет БО-П21;1000;27.10.2026;50000;RUB;50000;13;534,25;534,25;;;;;;
RU000A10DCK7;АБЗ-1 002P-04;3000;27.10.2026;1000;RUB;1000;19,5;16,03;16,03;;;;;;
RU000A10DCJ9;Ростелеком ПАО 001P-21R;30000;27.10.2026;1000;RUB;1000;;;;;;;;;
RU000A10DCG5;ХК Новотранс 002P-02;13500;27.10.2026;1000;RUB;1000;;;;;;;;;
RU000A10DCF7;ХК Новотранс 002P-01;8500;27.10.2026;1000;RUB;1000;16;13,15;13,15;;;;;;
RU000A10DCE0;МКАО Воксис 001Р-01;300;27.10.2026;1000;RUB;1000;21;17,26;17,26;;;;;;
RU000A10D9J2;ВЭБ.РФ ПБО-002Р-52;50000;27.10.2026;1000;RUB;1000;;;;;;;;;
RU000A10CZ68;ФосАгро БО-02-04;250;27.10.2026;1000;USD;1000;7;5,75;443,1;;;;;;
RU000A10CZ43;ИЭК ХОЛДИНГ 001Р-04;3000;27.10.2026;1000;RUB;1000;;;;;;;;;
RU000A10CZ35;Транспортная ЛК 001P-04;58,834;27.10.2026;1000;RUB;1000;24;19,73;19,73;;;;;;
RU000A10CX78;СберИОС 001P-763R 1Г X5 ДИС;13,648;27.10.2026;1000;RUB;1000;0,01;0,1;0,1;;;;;;
RU000A10CS91;Росагролизинг 002P-04;7000;27.10.2026;1000;RUB;1000;;;;;;;;;
RU000A10CMD3;Ростелеком ПАО 001P-19R;20000;27.10.2026;1000;RUB;1000;13,3;10,93;10,93;;;;;;
RU000A10CM89;КИФА БО-01;50;27.10.2026;100;CNY;100;14,5;1,19;13,49;;;;;;
RU000A10C9W6;ИА ТБ-2 класс Б1;1500;27.10.2026;100;RUB;100;;;;;;;;;
RU000A10C949;ИА ТБ-2 класс А1;8500;27.10.2026;100;RUB;100;19;1,52;1,52;;;;;;
RU000A10C6S0;ВЭБ.РФ ПБО-002Р-53;100000;27.10.2026;1000;RUB;1000;;;;;;;;;
RU000A10BYZ3;Медскан 001Р-01;3000;27.10.2026;1000;RUB;1000;18,5;15,21;15,21;;;;;;
RU000A10BQH7;АйДи Коллект 001P-04;500;27.10.2026;1000;RUB;1000;25,25;20,75;20,75;;;;;;
RU000A10BQG9;ФЛИТ 001P-01;500;27.10.2026;1000;RUB;1000;20,8;17,1;17,1;;;;;;
RU000A10BQF1;ГИДРОМАШСЕРВИС АО 001Р-03;5000;27.10.2026;1000;RUB;1000;;;;;;;;;
RU000A10B0U0;АО Авто Финанс Банк БО-001Р-14;5000;27.10.2026;1000;RUB;1000;23;18,9;18,9;;;;;;
RU000A10B0T2;РЖД БО 001P-39R;20000;27.10.2026;1000;RUB;1000;17,9;14,71;14,71;;;;;;
RU000A10B0S4;Кокс ПАО 001P-03;300;27.10.2026;1000;RUB;1000;;;;;;;;;
RU000A10B0R6;Кокс ПАО 001P-02;1000;27.10.2026;1000;RUB;1000;;;;;;;;;
RU000A10B0J3;ДельтаЛизинг 001P-02;4500;27.10.2026;1000;RUB;800;24;13,41;13,41;;;;;;
RU000A10AT01;ЛКХ-02;50;27.10.2026;1000;RUB;1000;31;25,48;25,48;;;;;;
RU000A10ASZ7;РЖД БО 001P-35R;17000;27.10.2026;1000;RUB;1000;20,1;16,52;16,52;;;;;;
RU000A10ASY0;РЖД БО 001P-34R;20000;27.10.2026;1000;RUB;1000;20,1;16,52;16,52;;;;;;
RU000A10ASW4;КАМАЗ ПАО БО-П14;10000;27.10.2026;1000;RUB;1000;;;;;;;;;
RU000A10AAQ4;СФО Сплит Финанс 1 01;7700;27.10.2026;1000;RUB;345,13;25;3,86;3,86;;;;;;
RU000A109XN0;СЛДК 001P-01;10,945;27.10.2026;1000;RUB;1000;;;;;;;;;
RU000A1094G0;МКПАО ОК РУСАЛ БО-001P-08;85;27.10.2026;100;USD;100;9,25;2,31;178,01;;;;;;
RU000A1093L2;ВЭБ.РФ ПБО-002Р-46;45000;27.10.2026;1000;RUB;1000;;;;;;;;;
RU000A108Z77;Практика ЛК 001Р-03;1500;27.10.2026;1000;RUB;362,9;17,1;4,06;4,06;;;;;;
RU000A108Y86;ПАО ЛК Европлан 001P-07;12000;27.10.2026;1000;RUB;1000;;;;;;;;;
RU000A108Y60;ПЕРВОУРАЛЬСКБАНК 001Р-01;300;27.10.2026;1000;RUB;502;22;6,83;6,83;;;;;;
RU000A107D17;Россети ПАО БО 001P-12R;5000;27.10.2026;1000;RUB;1000;12,8;10,52;10,52;;;;;;
RU000A107CG2;Россети ПАО БО 001P-11R;10000;27.10.2026;1000;RUB;1000;;;;;;;;;
RU000A107C67;ГМК Норильский никель ЗО26-Д;333,485;27.10.2026;1000;USD;1000;2,8;14;1078,86;;;;;;
RU000A1075E4;Мобильные ТелеСистемы 002P-01;25000;27.10.2026;1000;RUB;1000;;;;;;;;;
RU000A1075D6;ГазТрансСнаб 001Р-01;150;27.10.2026;1000;RUB;675;20;30,42;30,42;;;;;;
RU000A106MW0;"ПАО ""ТГК-14"" 001Р-02";1950;27.10.2026;1000;RUB;1000;12,85;32,04;32,04;;;;;;
RU000A106MV2;МГКЛ 001Р-04;300;27.10.2026;1000;RUB;1000;16;39,89;39,89;1;BB;;;;
RU000A106DJ6;Мосрегионлифт БО-02;200;27.10.2026;1000;RUB;550;15,25;5,01;5,01;;;;;;
RU000A105CM4;ХК Новотранс 001P-03;28500;27.10.2026;1000;RUB;750;11,7;18,23;18,23;;;;;;
RU000A104B04;Петербургснаб 001Р-01;8,014;27.10.2026;1000;RUB;119;13,25;0,52;0,52;;;;;;
RU000A102SM7;СДЭК Глобал БО-П01;500;27.10.2026;1000;RUB;300;9,5;1,56;1,56;;;;;;
RU000A101012;АФК Система БО 001P-12;10000;27.10.2026;1000;RUB;1000;18;89,75;89,75;;;;;;
RU000A0ZYR91;ГТЛК БО 001Р-08;10000;27.10.2026;1000;RUB;1000;11,32;28,22;28,22;;;;;;
RU000A0JU2L7;ФСК Россети(ПАО)-обл. сер.27;11000;27.10.2026;1000;RUB;1000;;;;;;;;;
RU000A0JU2K9;ФСК Россети(ПАО)-обл. сер.26;15000;27.10.2026;1000;RUB;1000;;;;;;;;;
RU000A10FEQ5;СФО СБ Секьюритизация 5 кл.АР2;80000;26.10.2026;1000;RUB;1000;;;;;;;;;
RU000A10FEP7;СФО СБ Секьюритизация 5 кл.АC;80000;26.10.2026;1000;RUB;1000;;;;;;;;;
RU000A10F9N2;ЛКПРОГР БО-02;100;26.10.2026;1000;RUB;1000;25;20,55;20,55;;;;;;
RU000A10F9B7;Мобильные Телесистемы 003Р-03;20000;26.10.2026;1000;RUB;1000;13,55;11,14;11,14;;;;;;
RU000A10F793;ИА ТБ-7 класс Б;1014,579;26.10.2026;1000;RUB;1000;;;;;;;;;
RU000A10F785;ИА ТБ-7 класс А;9131,208;26.10.2026;1000;RUB;1000;16;12,1;12,1;;;;;;
RU000A10F0X0;ТД РКС 002Р-08;600;26.10.2026;1000;RUB;1000;25,5;20,96;20,96;;;;;;
RU000A10F0W2;АйДи Коллект 001P-08;1300;26.10.2026;1000;RUB;1000;20,25;16,64;16,64;;;;;;
RU000A10EQ83;ГК Самолет 002P-03;1000;26.10.2026;1000;RUB;1000;21,5;17,67;17,67;;;;;;
RU000A10EQ75;ЕвразХолдинг Финанс 003P-06;50000;26.10.2026;1000;RUB;1000;;;;;;;;;
RU000A10EQ42;ЭР-Телеком Холдинг ПБО-02-11;11000;26.10.2026;1000;RUB;1000;;;;;;;;;
RU000A10EQ34;АО Авто Финанс Банк БО-001Р-18;7000;26.10.2026;1000;RUB;1000;14,75;12,12;12,12;;;;;;
RU000A10EK48;СФО СБ Секьюритизация 4 кл.АС;22700;26.10.2026;1000;RUB;875,15;15,5;10,27;10,27;;;;;;
RU000A10EK30;СФО СБ Секьюритизация 4 кл.АР;10000;26.10.2026;1000;RUB;817,5;15,37;6,88;6,88;;;;;;
RU000A10EFR3;Банк ВТБ (ПАО) Б-1-333;2185,252;26.10.2026;1000;RUB;1000;0,01;0,02;0,02;;;;;;
RU000A10E6D0;ВУШ БО 001P-05;1000;26.10.2026;1000;RUB;1000;22;18,08;18,08;;;;;;
RU000A10DD30;СФО СБ Секьюритизация 3 кл.А1;17700;26.10.2026;1000;RUB;685,36;16,5;7,51;7,51;;;;;;
RU000A10DBZ7;Акрон (ПАО) БО-002P-01;150;26.10.2026;1000;USD;1000;7,7;6,33;487,8;;;;;;
RU000A10DBV6;Уралкуз 001Р-03;1486,071;26.10.2026;1000;RUB;1000;20;16,44;16,44;;;;;;
RU000A10DBS2;ЭНЕРГОНИКА 001Р-07;300;26.10.2026;1000;RUB;1000;23;18,9;18,9;;;;;;
RU000A10DBB8;СФО ГПБ-СПК Б2;500;26.10.2026;1000;RUB;1000;;;;;;;;;
RU000A10DBA0;СФО ГПБ-СПК А2;2000;26.10.2026;1000;RUB;732,55;16,5;7,89;7,89;;;;;;
RU000A10D5H4;СинараСекьюр_А;7200;26.10.2026;1000;RUB;1000;16,5;;;;;;;;
RU000A10D3V0;АЛЬФА-БАНК Б1Р31;111,113;26.10.2026;1000;RUB;1000;0,01;0,1;0,1;;;;;;
RU000A10BYR0;Самокат БО-03;300;26.10.2026;1000;RUB;1000;27;22,19;22,19;;;;;;
RU000A10BQR6;СФО СБ Секьюритизация 2 классА;10900;26.10.2026;1000;RUB;423,15;20,3;5,36;5,36;;;;;;
RU000A10BQD6;МЕТАЛЛОИНВЕСТ 001P-14;45000;26.10.2026;1000;RUB;1000;;;;;;;;;
RU000A10BQC8;ХЭНДЕРСОН 001P-01;1800;26.10.2026;1000;RUB;1000;19,5;16,03;16,03;;;;;;
RU000A10BQB0;ГТЛК БО 002P-08;15000;26.10.2026;1000;RUB;1000;19,5;16,03;16,03;;;;;;
RU000A10B990;АЛЬФА-Б C-1-638 (структурные);0;26.10.2026;1000;RUB;1000;0,01;0,15;0,15;;;;;;
RU000A10B8C1;МФК Лайм-Займ 05;400;26.10.2026;1000;RUB;800;27,5;15,82;15,82;;;;;;
RU000A10B7T7;СФО ТБ-3 класс А;4500;26.10.2026;1000;RUB;175,46;25;;;;;;;;
RU000A10B0C8;МЕТАЛЛОИНВЕСТ 001P-12;1500;26.10.2026;1000;CNY;1000;10,2;8,38;94,99;;;;;;
RU000A10B0B0;Группа ЛСР ПАО БО 001Р-10;4000;26.10.2026;1000;RUB;1000;;;;;;;;;
RU000A10B081;ЭкономЛизинг 001Р-08;100;26.10.2026;1000;RUB;1000;27;22,19;22,19;;;;;;
RU000A10ASF9;Сибирское Стекло БО-01;350;26.10.2026;1000;RUB;900;29;19,07;19,07;;;;;;
RU000A1097T6;СФО СБ Секьюритизация класс А;9500;26.10.2026;1000;RUB;265,17;20;3,13;3,13;;;;;;
RU000A108JQ4;АЛЬФА-БАНК ЗО-350;168,489;26.10.2026;1000;USD;1000;5,5;27,5;2119,18;;;;;;
RU000A1087J8;Газпром капитал БО-002Р-14;20000;26.10.2026;1000;RUB;1000;;;;;;;;;
RU000A1087G4;МФК ПСБ Финанс 002Р-01;500;26.10.2026;1000;RUB;300;;;;;;;;;
RU000A1087A7;ЭР-Телеком Холдинг ПБО-02-06;8000;26.10.2026;1000;RUB;1000;15;12,33;12,33;;;;;;
RU000A107RZ0;ГК Самолет БО-П13;24500;26.10.2026;1000;RUB;1000;21;17,26;17,26;;;;;;
RU000A107P62;Сибирский КХП 001P-02;300;26.10.2026;1000;RUB;1000;16;39,89;39,89;;;;;;
RU000A107DR7;СФО МОС МСП 6 02;4000;26.10.2026;1000;RUB;296,33;15,6;;;;;;;;
RU000A1070P1;ЧИСТАЯ ПЛАНЕТА БО-01;100;26.10.2026;1000;RUB;1000;;;;;;;;;
RU000A105A87;Совкомфлот ЗО-2028;382,823;26.10.2026;1000;USD;1000;3,85;19,25;1483,43;;;;;;
RU000A1059R0;"ПАО ""ЛУКОЙЛ"" ЗО-31";253,992;26.10.2026;1000;USD;1000;3,6;18;1387,1;;;;;;
RU000A1059P4;"ПАО ""ЛУКОЙЛ"" ЗО-27";257,441;26.10.2026;1000;USD;1000;2,8;14;1078,86;;;;;;
RU000A1024L7;Томская область 2020;20000;26.10.2026;1000;RUB;400;6,7;3,3;3,3;;;;;;
RU000A0ZZ5J9;Почта России (АО) БО-001P-05;5000;26.10.2026;1000;RUB;1000;17,5;87,26;87,26;;;;;;
RU000A0ZZ5H3;Почта России (АО) БО-001P-04;5000;26.10.2026;1000;RUB;1000;17,5;87,26;87,26;;;;;;
RU000A0NTXV5;Банк ВТБ С-1-696 (структурные);0;26.10.2026;1000;RUB;1000;0,01;0,3;0,3;;;;;;
RU000A10F8V7;Газпром нефть 005Р-08R;100000;25.10.2026;1000;RUB;1000;;;;;;;;;
RU000A10F8U9;ЭР-Телеком Холдинг ПБО-02-08;10000;25.10.2026;1000;RUB;1000;;;;;;;;;
RU000A10F8R5;СКС ЛОМБАРД БО-03;200;25.10.2026;1000;RUB;1000;21,5;17,67;17,67;;;;;;
RU000A10F8Q7;Ростовская область 34001;7500;25.10.2026;1000;RUB;1000;;;;;;;;;
RU000A10F8P9;РЖД БО 001P-53R;45000;25.10.2026;1000;RUB;1000;10,75;8,84;8,84;;;;;;
RU000A10F8N4;Мобильные Телесистемы 003Р-02;40000;25.10.2026;1000;RUB;1000;;;;;;;;;
RU000A10EYZ7;МегаФон ПАО БО-002Р-12;30000;25.10.2026;1000;RUB;1000;;;;;;;;;
RU000A10EYY0;Медскан 001Р-02;3500;25.10.2026;1000;RUB;1000;15,35;12,62;12,62;;;;;;
RU000A10EYX2;МегаФон ПАО БО-002Р-11;25000;25.10.2026;1000;RUB;1000;;;;;;;;;
RU000A10EYW4;ПГК 003Р-05;2200;25.10.2026;1000;RUB;1000;;;;;;;;;
RU000A10EYV6;ПГК 003Р-04;20000;25.10.2026;1000;RUB;1000;15,4;12,66;12,66;;;;;;
RU000A10EYU8;ВУШ БО 001P-06;666,653;25.10.2026;1000;RUB;1000;22;18,08;18,08;;;;;;
RU000A10EYT0;Идель Нефтемаш 001Р-01;250;25.10.2026;1000;RUB;1000;27;22,19;22,19;;;;;;
RU000A10EYN3;Совком Ипотечный агент-1;8032;25.10.2026;1000;RUB;1000;;;;;;;;;
RU000A10EYJ1;ВИС ФИНАНС БО-П12;2500;25.10.2026;1000;RUB;1000;16,5;13,56;13,56;;;;;;
RU000A10EYH5;Группа ЛСР ПАО БО 002Р-01;10000;25.10.2026;1000;RUB;1000;15,65;12,86;12,86;;;;;;
RU000A10EXM7;Ипотечный агент РТБ-1;8365,6;25.10.2026;1000;RUB;989,17;15,8;12,46;12,46;;;;;;
RU000A10EMM0;Совком Взыскание 01;1000;25.10.2026;1000;RUB;1000;17;42,85;42,85;1;AA;;;;
RU000A10EE87;АФК Система БО 002Р-12;5500;25.10.2026;1000;RUB;1000;17,5;14,38;14,38;;;;;;
RU000A10EDW8;Магнит ПАО БО-006Р-01;85000;25.10.2026;1000;RUB;1000;;;;;;;;;
RU000A10EDV0;АйДи Коллект 001P-07;1700;25.10.2026;1000;RUB;1000;20,75;17,05;17,05;;;;;;
RU000A10E655;ГЛОРАКС 001Р-05;5000;25.10.2026;1000;RUB;1000;20,5;16,85;16,85;;;;;;
RU000A10E630;Газпром нефть 005P-04R;138000;25.10.2026;1000;RUB;1000;;;;;;;;;
RU000A10E2B3;Совком Экспресс 001P-01;500;25.10.2026;1000;RUB;1000;19,5;16,03;16,03;;;;;;
RU000A10E291;ГК Азот 001Р-01;1000;25.10.2026;1000;RUB;1000;17,4;14,3;14,3;;;;;;
RU000A10E283;ХРОМОС Инжиниринг БО-04;260;25.10.2026;1000;RUB;1000;24,5;20,14;20,14;;;;;;
RU000A10DBH5;ВОСТОК-ОЙЛ БО-01;175;25.10.2026;1000;RUB;1000;27;22,19;22,19;;;;;;
RU000A10CWF7;ПГК 003Р-01;12000;25.10.2026;1000;RUB;1000;15,75;12,95;12,95;;;;;;
RU000A10CSP4;Республика Башкортостан 34016;5000;25.10.2026;1000;RUB;1000;14;11,51;11,51;;;;;;
RU000A10C8T4;СИБУР Холдинг 001Р-07;40000;25.10.2026;1000;RUB;1000;13,95;11,47;11,47;;;;;;
RU000A10C8Q0;ГМК Нор.никель БО-001Р-13;975;25.10.2026;100;USD;100;7,75;0,64;49,32;;;;;;
RU000A10C8M9;Михайловский Молочный Завод-03;55;25.10.2026;1000;RUB;1000;22,5;17,75;17,75;;;;;;
RU000A10C8K3;ВОКСИС-04;200;25.10.2026;1000;RUB;1000;20;16,44;16,44;;;;;;
RU000A10C8H9;Оил Ресурс 001P-02;3000;25.10.2026;1000;RUB;1000;28;23,01;23,01;;;;;;
RU000A10BY94;АФК Система БО 002Р-03;12000;25.10.2026;1000;RUB;1000;21,5;17,67;17,67;;;;;;
RU000A10BY45;Новые технологии 001Р-07;1300;25.10.2026;1000;RUB;1000;20,25;16,64;16,64;;;;;;
RU000A10BQ78;СИМПЛ 001Р-04;1500;25.10.2026;1000;RUB;1000;;;;;;;;;
RU000A10BQ60;РОЛЬФ БО 001Р-08;1500;25.10.2026;1000;RUB;1000;25,5;20,96;20,96;;;;;;
RU000A10B7W1;Р-Вижн 001Р-02;500;25.10.2026;1000;RUB;1000;24,5;20,14;20,14;;;;;;
RU000A10B008;Южуралзолото 001P-04;200;25.10.2026;100;USD;100;10,6;0,87;67,04;;;;;;
RU000A10AZY5;АПРИ БО-002Р-09;1000;25.10.2026;1000;RUB;1000;24;19,73;19,73;;;;;;
RU000A10AST0;СовкомСекьюр_А;8000;25.10.2026;1000;RUB;816;23;13,25;13,25;;;;;;
RU000A10AAU6;Минфин Амурской обл. 24001;2935,217;25.10.2026;1000;RUB;1000;;;;;;;;;
RU000A10A7S0;Селектел 001P-05R;4000;25.10.2026;1000;RUB;1000;;;;;;;;;
RU000A109R19;ГПБ Финанс 001Р-02Р;10000;25.10.2026;1000;RUB;1000;;;;;;;;;
RU000A1095L7;ГК Самолет БО-П14;20000;25.10.2026;1000;RUB;1000;;;;;;;;;
RU000A1070G0;МФК Быстроденьги 002Р-03;333,356;25.10.2026;1000;RUB;1000;15;9,86;9,86;;;;;;
RU000A106ZL5;РЖД БО 001P-28R;45000;25.10.2026;1000;RUB;1000;;;;;;;;;
RU000A106XX5;СФО Т-1-С-1 (структурные);165;25.10.2026;1000;CNY;1000;;;;;;;;;
RU000A105M59;ЛК Роделен БО 001Р-03;250;25.10.2026;1000;RUB;473,7;19;6,1;6,1;;;;;;
RU000A1053H4;Лизинг-Трейд 001P-05;100;25.10.2026;1000;RUB;1000;15;12,33;12,33;;;;;;
RU000A1022E6;ПР-Лизинг ООО БО 002Р-01;1750;25.10.2026;1000;RUB;1000;19;15,62;15,62;;;;;;
RU000A10FJ65;ЛК Роделен БО 002P-06;500;24.10.2026;1000;RUB;1000;21;17,26;17,26;;;;;;
RU000A10FJ16;ВИС ФИНАНС БО-П13;1250;24.10.2026;1000;RUB;1000;16,5;13,56;13,56;;;;;;
RU000A10FJ08;ПРОГРЕСС БО-01;100;24.10.2026;1000;RUB;1000;24;19,73;19,73;;;;;;
RU000A10FHY2;ЭкоНива 001P-03;3000;24.10.2026;1000;RUB;1000;15,75;12,95;12,95;;;;;;
RU000A10FGG1;Джи-групп 002P-08;2000;24.10.2026;1000;RUB;1000;;;;;;;;;
RU000A10F8G8;СПМК БО-03;500;24.10.2026;1000;RUB;1000;18;14,79;14,79;;;;;;
RU000A10F8F0;Газпром нефть 005Р-09R;200;24.10.2026;1000;USD;1000;7,5;6,16;474,7;;;;;;
RU000A10F827;МегаФон ПАО БО-002Р-13;15000;24.10.2026;1000;RUB;1000;13,3;10,93;10,93;;;;;;
RU000A10EYG7;Полюс ПБО-06;2600;24.10.2026;1000;CNY;1000;7,65;6,29;71,3;;;;;;
RU000A10ED70;Первый ЮвелирЛомб БО-01;75;24.10.2026;1000;RUB;1000;25;20,55;20,55;;;;;;
RU000A10ED62;ПКО Вернём 001Р-01;150;24.10.2026;1000;RUB;1000;26,5;21,78;21,78;;;;;;
RU000A10EC63;Брусника 002Р-06;1500;24.10.2026;1000;RUB;1000;22,75;18,7;18,7;;;;;;
RU000A10E5Y8;СЕРГИЕВСКОЕ БО-02;150;24.10.2026;1000;RUB;1000;25;61,64;61,64;14;BB-;;;;
RU000A10E5X0;РусГидро БО-002Р-11;30000;24.10.2026;1000;RUB;1000;;;;;;;;;
RU000A10DUR4;Балтийский лизинг ООО БО-П23;500;24.10.2026;1000;RUB;1000;;;;;;;;;
RU000A10DM96;Россети ПАО БО 001P-19R;35000;24.10.2026;1000;RUB;1000;;;;;;;;;
RU000A10DBM5;СФО ТБ-5 класс А;12000;24.10.2026;1000;RUB;1000;17,3;14,22;14,22;;;;;;
RU000A10DB16;Оил Ресурс 001P-03;3755,298;24.10.2026;1000;RUB;1000;29;23,84;23,84;;;;;;
RU000A10D616;Балтийский лизинг ООО БО-П20;1500;24.10.2026;1000;RUB;1000;18,75;15,41;15,41;;;;;;
RU000A10CUF1;ТАЛК002P-03;200;24.10.2026;1000;RUB;1000;;;;;;;;;
RU000A10C8C0;РЖД БО 001P-44R;40000;24.10.2026;1000;RUB;1000;13,95;11,47;11,47;;;;;;
RU000A10C8B2;СОБИ-ЛИЗИНГ 001Р-07;86,529;24.10.2026;1000;RUB;760;22;12,12;12,12;;;;;;
RU000A10C8A4;Полипласт АО П02-БО-08;500;24.10.2026;100;CNY;100;13,95;1,15;13,04;;;;;;
RU000A10C873;СКС ЛОМБАРД БО-01;100;24.10.2026;1000;RUB;1000;28,5;23,42;23,42;;;;;;
RU000A10BY52;iКаршеринг Руссия 001P-06;2000;24.10.2026;1000;RUB;1000;20;16,44;16,44;;;;;;
RU000A10BXQ4;ДиректЛизинг БО 002Р-04;100;24.10.2026;1000;RUB;799,6;;;;;;;;;
RU000A10B7S9;ПКО СЗА БО-02;100;24.10.2026;1000;RUB;1000;28,5;23,42;23,42;;;;;;
RU000A10B7N0;БиоВитрум 001Р-01;100;24.10.2026;1000;RUB;1000;28;23,01;23,01;;;;;;
RU000A10A7H3;СИБУР Холдинг 001Р-02;9900;24.10.2026;1000;RUB;1000;;;;;;;;;
RU000A10A7F7;ВЭБ.РФ ПБО-002Р-47;20000;24.10.2026;1000;RUB;1000;;;;;;;;;
RU000A10A7C4;ПАО ЛК Европлан 001P-08;8500;24.10.2026;1000;RUB;1000;;;;;;;;;
RU000A109QN4;Экспобанк 001P-02;5000;24.10.2026;1000;RUB;1000;;;;;;;;;
RU000A109E71;ТрансКонтейнер П02-01;27000;24.10.2026;1000;RUB;1000;;;;;;;;;
RU000A1097C2;АРЕНЗА-ПРО 001P-05;300;24.10.2026;1000;RUB;700;;;;;;;;;
RU000A108ZH9;Славнефть БО 002Р-05;10000;24.10.2026;1000;RUB;1000;;;;;;;;;
RU000A108LN7;СмартФакт БО-03-001P;200;24.10.2026;1000;RUB;1000;;;;;;;;;
RU000A107UU5;Брусника 002Р-02;7500;24.10.2026;1000;RUB;750;21;8,92;8,92;;;;;;
RU000A107076;ЛК Роделен БО 002P-01;750;24.10.2026;1000;RUB;1000;;;;;;;;;
RU000A10FHT2;Стеллар Груп Рус 001Р-02;200;23.10.2026;1000;RUB;1000;17;13,97;13,97;;;;;;
RU000A10FHS4;Ростелеком ПАО 001P-27R;20000;23.10.2026;1000;RUB;1000;;;;;;;;;
RU000A10FHQ8;Т Плюс 002Р-02;20000;23.10.2026;1000;RUB;1000;;;;;;;;;
RU000A10F850;РОЛЬФ БО 001Р-09;2000;23.10.2026;1000;RUB;1000;19,5;16,03;16,03;;;;;;
RU000A10F801;ГТЛК БО 002P-13;35000;23.10.2026;1000;RUB;1000;15,95;13,11;13,11;;;;;;
RU000A10EPX0;РусГидро БО-002Р-12;35000;23.10.2026;1000;RUB;1000;;;;;;;;;
RU000A10EPW2;Брусника 002Р-07;6000;23.10.2026;1000;RUB;1000;;;;;;;;;
RU000A10EPV4;СИМПЛ СОЛЮШНЗ КЭПИТЛ 001Р-02;700;23.10.2026;1000;RUB;1000;21;17,26;17,26;;;;;;
RU000A10EPU6;АВТОАССИСТАНС 001P-01;500;23.10.2026;1000;RUB;1000;24,5;20,14;20,14;;;;;;
RU000A10EPT8;ДиректЛизинг БО 002Р-06;200;23.10.2026;1000;RUB;949,9;24,5;18,12;18,12;;;;;;
RU000A10EPR2;Автодор ГК БО-005Р-15;500;23.10.2026;1000;RUB;1000;15,35;12,62;12,62;;;;;;
RU000A10EPQ4;Автодор ГК БО-005Р-16;3500;23.10.2026;1000;RUB;1000;15,4;12,66;12,66;;;;;;
RU000A10EMX7;АЛЬФА-БАНК T2-CR-10;2300;23.10.2026;100000000;RUB;100000000;;;;;;;;;
RU000A10ECY6;ЭЛЕКТРОРЕШЕНИЯ 001Р-03;1000;23.10.2026;1000;RUB;1000;23,5;19,32;19,32;;;;;;
RU000A10ECX8;Полипласт АО П02-БО-14;18;23.10.2026;100;USD;100;12,75;1,05;80,91;;;;;;
RU000A10ECW0;Полипласт АО П02-БО-15;45;23.10.2026;100;CNY;100;12,25;1,01;11,45;;;;;;
RU000A10E5S0;ТАЛК002P-04;300;23.10.2026;1000;RUB;1000;24;19,73;19,73;;;;;;
RU000A10E4Y1;Аэрофьюэлз003Р-01;3000;23.10.2026;1000;RUB;1000;20;49,86;49,86;1;ruA;;;;https://www.tbank.ru/invest/bonds/RU000A10E4Y1/
RU000A10DUQ6;Балтийский лизинг ООО БО-П22;3500;23.10.2026;1000;RUB;1000;20;16,44;16,44;;;;;;
RU000A10DLN2;ПКО Финэква 001Р-01;600;23.10.2026;1000;RUB;1000;24;19,73;19,73;;;;;;
RU000A10DA66;Газпром нефть 005P-02R;57000;23.10.2026;1000;RUB;1000;;;;;;;;;
RU000A10DA58;ВЕРАТЕК-02;55,377;23.10.2026;1000;RUB;1000;26;21,37;21,37;;;;;;
RU000A10DA41;ВИС ФИНАНС БО-П10;2500;23.10.2026;1000;RUB;1000;;;;;;;;;
RU000A10D9M6;РусГидро БО-002Р-10;15000;23.10.2026;1000;RUB;1000;;;;;;;;;
RU000A10CNM2;Банк ВТБ С-1-1653 структурные;0;23.10.2026;1000;RUB;1000;0,01;0,1;0,1;;;;;;
RU000A10CM06;АПРИ БО-002Р-11;2500;23.10.2026;1000;RUB;1000;25;20,55;20,55;;;;;;
RU000A10CLX3;Уральская Сталь БО-001Р-05;4000;23.10.2026;1000;RUB;1000;18,5;15,21;15,21;;;;;;
RU000A10C7C2;Алтимейт Эдьюкейшн БО-П01;600;23.10.2026;1000;RUB;1000;19,75;16,23;16,23;;;;;;
RU000A10C6L5;Атомэнергопром АО 001Р-07;80000;23.10.2026;1000;RUB;1000;14,35;35,78;35,78;;;;;;
RU000A10BWN3;ТАЛК002P-02;200;23.10.2026;1000;RUB;1000;;;;;;;;;
RU000A10BWL7;МОНОПОЛИЯ 001P-05;500;23.10.2026;1000;RUB;1000;25,5;20,96;20,96;;;;;;
RU000A10B7J8;ФосАгро БО-02-03;642,2;23.10.2026;1000;USD;1000;7,5;6,16;474,7;;;;;;
RU000A10B7H2;Аптечная сеть 36,6 002P-02;1250;23.10.2026;1000;RUB;1000;;;;;;;;;
RU000A10ASE2;РОЛЬФ БО 001Р-07;1600;23.10.2026;1000;RUB;1000;26;21,37;21,37;;;;;;
RU000A10ASD4;РОЛЬФ БО 001Р-06;400;23.10.2026;1000;RUB;1000;;;;;;;;;
RU000A10ASC6;ПАО ЛК Европлан 001P-09;16000;23.10.2026;1000;RUB;900;24;15,78;15,78;;;;;;
RU000A109MG7;ДОМ.РФ Ипотечный агент БО 1P50;29990,754;23.10.2026;1000;RUB;852,08;;;;;;;;;
RU000A109DV5;Интерлизинг 001Р-09;4700;23.10.2026;1000;RUB;560;;;;;;;;;
RU000A108WV7;Фордевинд 06;37,909;23.10.2026;1000;RUB;1000;19;15,62;15,62;;;;;;
RU000A108GC0;ДОМ.РФ Ипотечный агент БО 1P44;59689,796;23.10.2026;1000;RUB;807,3;;;;;;;;;
RU000A108CC9;Первое кол.бюро НАО 001Р-04;2000;23.10.2026;1000;RUB;668;17;21,28;21,28;;;;;;
RU000A107C91;МСБ-Лизинг 003P-02;300;23.10.2026;1000;RUB;166,75;16;0,88;0,88;;;;;;
RU000A1076A0;БЭЛТИ-ГРАНД ООО БО-П06;185;23.10.2026;1000;RUB;950;14;10,36;10,36;;;;;;
RU000A106YR5;ДОМ.РФ Ипотечный агент БО 1P37;29839,165;23.10.2026;1000;RUB;731,31;;;;;;;;;
RU000A106Q47;Фордевинд 03;500;23.10.2026;1000;RUB;1000;16;8,78;8,78;;;;;;
RU000A104EP6;НЗРМ ООО БО-01;160;23.10.2026;1000;RUB;325;;;;;;;;;
RU000A103UR0;СберИОС 001Р-478R 5Г IMOEX;309,198;23.10.2026;1000;RUB;1000;0,01;0,1;0,1;;;;;;
RU000A103UQ2;СберИОС 001Р-477R 5Г SPX;220,479;23.10.2026;1000;RUB;1000;0,01;0,1;0,1;;;;;;
RU000A0ZZRY2;РЖД ОАО БО 001Р-09R;10000;23.10.2026;1000;RUB;1000;14,82;73,9;73,9;;;;;;
RU000A0ZZQH9;Свердловская область 05;5000;23.10.2026;1000;RUB;50;8,68;1,55;1,55;;;;;;
RU000A0P1MB2;Банк ВТБ С-1-816 (структурные);0;23.10.2026;1000;RUB;1000;0,01;0,29;0,29;;;;;;
RU000A10D525;ОФЗ-ПК 29029 22/10/2041;1000000;22.10.2026;1000;RUB;1000;;;;;;;;;
RU000A10D4Z9;ОФЗ-ПК 29028 22/10/2039;1000000;22.10.2026;1000;RUB;1000;;;;;;;;;
RU000A10FHH7;ЭН ПЛЮС ГИДРО 001РС-10;1000;22.10.2026;1000;CNY;1000;8,5;6,99;79,24;;;;;;
RU000A10F7V9;Полипласт АО П02-БО-16;5000;22.10.2026;1000;RUB;1000;17,45;14,34;14,34;;;;;;
RU000A10F7T3;Атомэнергопром АО 001Р-14;15000;22.10.2026;1000;RUB;1000;;;;;;;;;
RU000A10ENT3;ПКО Финэква 001Р-02;1000;22.10.2026;1000;RUB;1000;23;18,9;18,9;;;;;;
RU000A10ENS5;МЕТАЛЛОИНВЕСТ 002P-05;60000;22.10.2026;1000;RUB;1000;;;;;;;;;
RU000A10ECR0;ФЛИТ 001Р-02;500;22.10.2026;1000;RUB;916,7;17,52;12;12;;;;;;
RU000A10ECM1;Газпром капитал ООО БО-003Р-21;50000;22.10.2026;1000;RUB;1000;;;;;;;;;
RU000A10EAB8;АРЕНЗА-ПРО 001P-07;400;22.10.2026;1000;RUB;1000;19;16,14;16,14;;;;;;
RU000A10E1Z4;РЕСО-Лизинг ООО БО-П-29;5800;22.10.2026;1000;RUB;1000;14,5;11,92;11,92;;;;;;
RU000A10DZW3;РЖД БО 001P-50R;25000;22.10.2026;1000;RUB;1000;15,35;12,62;12,62;;;;;;
RU000A10DZU7;А101 БО-001Р-02;4150;22.10.2026;1000;RUB;1000;17;13,97;13,97;;;;;;
RU000A10DZT9;А101 БО-001Р-03;6350;22.10.2026;1000;RUB;1000;;;;;;;;;
RU000A10DZK8;Полипласт АО П02-БО-13;2750;22.10.2026;1000;RUB;1000;19,45;15,99;15,99;;;;;;
RU000A10DZJ0;Т Плюс 002Р-01;500;22.10.2026;1000;RUB;1000;;;;;;;;;
RU000A10DZH4;АПРИ БО-002Р-12;600;22.10.2026;1000;RUB;1000;25;20,55;20,55;;;;;;
RU000A10DY01;ГК Пионер БО 002P-02;2300;22.10.2026;1000;RUB;1000;;;;;;;;;
RU000A10DLE1;Газпром капитал БО-003Р-07;70000;22.10.2026;1000;RUB;1000;;;;;;;;;
RU000A10DLC5;ООО АСВ БО-04-001P;200;22.10.2026;1000;RUB;1000;25;20,55;20,55;;;;;;
RU000A10D9L8;АО Авто Финанс Банк БО-001Р-17;4000;22.10.2026;1000;RUB;1000;;;;;;;;;
RU000A10D9K0;АО Авто Финанс Банк БО-001Р-16;6000;22.10.2026;1000;RUB;1000;16,65;13,68;13,68;;;;;;
RU000A10D665;РДВ ТЕХНОЛОДЖИ 1P2;250;22.10.2026;1000;RUB;1000;25;62,33;62,33;;;;;;Эмитент («РДВ Технолоджи») с 2024 года находится в процессе банкротства (дело № А40-323930/2023, введена процедура наблюдения)
RU000A10CWS0;АЛЬФА-Б С-1-839 структурные;0;22.10.2026;1000;RUB;1000;0,01;0,1;0,1;;;;;;
RU000A10CLD5;МСБ-Лизинг 003P-06;300;22.10.2026;1000;RUB;1000;23;18,9;18,9;;;;;;
RU000A10C758;ТД РКС 002Р-06;700;22.10.2026;1000;RUB;1000;25;20,55;20,55;;;;;;
RU000A10C741;Кокс ПАО 001P-04;1500;22.10.2026;1000;RUB;1000;21;17,26;17,26;;;;;;
RU000A10BQ03;Спектр БО-02;300;22.10.2026;1000;RUB;1000;27,5;22,6;22,6;;;;;;
RU000A10BPZ1;АФК Система БО 002Р-02;12000;22.10.2026;1000;RUB;1000;22,75;18,7;18,7;;;;;;
RU000A10BPX6;Спектр БО-01;115,544;22.10.2026;1000;RUB;1000;;;;;;;;;
RU000A10BJX9;Балтийский лизинг ООО БО-П16;4500;22.10.2026;1000;RUB;890;22,25;14,26;14,26;;;;;;
RU000A10BJ93;ГК Сегежа 003P-05R;10000;22.10.2026;1000;RUB;1000;;;;;;;;;
RU000A10B7D1;Центр-резерв БО-04;200;22.10.2026;1000;RUB;950;29,5;21,82;21,82;;;;;;
RU000A10AS02;ТГК-14 001Р-05;4500;22.10.2026;1000;RUB;1000;24,75;20,34;20,34;;;;;;
RU000A10ARZ9;ТГК-14 001Р-06;350;22.10.2026;1000;RUB;1000;;;;;;;;;
RU000A10A2U7;Банк ВТБ С-1-1374(структурные);0;22.10.2026;1000;RUB;1000;0,01;0,19;0,19;;;;;;
RU000A109ZQ8;Россети ПАО БО 001P-14R;23000;22.10.2026;1000;RUB;1000;;;;;;;;;
RU000A109NF7;ЯТЭК 001Р-04;1500;22.10.2026;1000;RUB;1000;;;;;;;;;
RU000A109MM5;Банк ВТБ С-1-1313(структурные);0;22.10.2026;1000;RUB;1000;0,01;0,2;0,2;;;;;;
RU000A109KC0;ИКС 5 ФИНАНС 003P-06;26000;22.10.2026;1000;RUB;1000;14,4;11,84;11,84;;;;;;
RU000A109DP7;ТАЛКлизинг001P-03;309,924;22.10.2026;1000;RUB;560;;;;;;;;;
RU000A109312;Мобильные ТелеСистемы 002P-06;17000;22.10.2026;1000;RUB;1000;;;;;;;;;
RU000A108L81;Полюс ПБО-04;150;22.10.2026;100;USD;100;6,2;0,51;39,3;;;;;;
RU000A108L65;АйДи Коллект 07;499,51;22.10.2026;1000;RUB;917;19;10,43;10,43;;;;;;
RU000A1082Y8;Синара Транспортные Машины 1P4;10000;22.10.2026;1000;RUB;1000;17,85;14,67;14,67;;;;;;
RU000A107XA1;ВЭБ.РФ ПБО-002Р-41;65000;22.10.2026;1000;RUB;1000;;;;;;;;;
RU000A107QM0;БИЗНЕС АЛЬЯНС 001P-04;444,321;22.10.2026;1000;RUB;1000;16;13,15;13,15;;;;;;
RU000A107QL2;БИЗНЕС АЛЬЯНС 001P-03;362,271;22.10.2026;1000;RUB;1000;;;;;;;;;
RU000A107C34;АйДи Коллект 06;2207,113;22.10.2026;1000;RUB;419;18;2,49;2,49;;;;;;
RU000A107C00;ИСТРИНСКАЯ СЫРОВАРНЯ БО-03;150;22.10.2026;1000;RUB;1000;;;;;;;;;
RU000A106XQ9;СберИОС 001Р-586R 3Г AC MOEX;64,504;22.10.2026;1000;RUB;1000;0,01;0,1;0,1;;;;;;
RU000A106UW3;Каршеринг Руссия 001P-03;4500;22.10.2026;1000;RUB;1000;13,7;11,26;11,26;;;;;;
RU000A106672;Газпром капитал ООО БО-001Р-05;30000;22.10.2026;1000;RUB;1000;9,8;24,43;24,43;;;;;;
RU000A106631;АПРИ БО-002Р-02;1000;22.10.2026;1000;RUB;1000;24;44,88;44,88;1;BBB-;;;;https://www.tbank.ru/invest/bonds/RU000A106631/
RU000A106607;Минфин Ульяновской обл. 34005;3000;22.10.2026;1000;RUB;500;10,6;13,21;13,21;;;;;;
RU000A1065Y3;Агротек БО-02;115;22.10.2026;1000;RUB;1000;15;37,4;37,4;;;;;;
RU000A1064L3;ЕАБР 003P-007;15000;22.10.2026;1000;RUB;1000;;;;;;;;;
RU000A105A04;МЕТАЛЛОИНВЕСТ 028;285,78;22.10.2026;1000;USD;1000;3,375;16,875;1300,41;;;;;;
RU000A101Z17;Свердловская область 35008;12000;22.10.2026;1000;RUB;600;6,1;4,56;4,56;;;;;;
RU000A101CL5;ФСК Россети ПАО БО 001P-04R;7862,343;22.10.2026;1000;RUB;1000;6,75;16,83;16,83;;;;;;
RU000A0JXQK2;ПАО НК Роснефть 001P-04;40000;22.10.2026;1000;RUB;1000;9;44,88;44,88;;;;;;
RU000A102A49;ОФЗ-ПК 29019 18/07/2029;430194,756;21.10.2026;1000;RUB;1000;;;;;;;;;
RU000A1025A7;ОФЗ-ПК 29015 18/10/2028;409796,724;21.10.2026;1000;RUB;1000;;;;;;;;;
RU000A10D533;ОФЗ-ПД 26254 03/10/2040;1000000;21.10.2026;1000;RUB;1000;13;64,82;64,82;;;;;;
RU000A10D517;ОФЗ-ПД 26253 06/10/2038;750000;21.10.2026;1000;RUB;1000;13;64,82;64,82;;;;;;
RU000A10D4Y2;ОФЗ-ПД 26252 12/10/2033;1000000;21.10.2026;1000;RUB;1000;12,5;62,33;62,33;;;;;;
RU000A10FGZ1;ГПБ Финанс 001Р-06Р;35000;21.10.2026;1000;RUB;1000;;;;;;;;;
RU000A10FGX6;АО Авто Финанс Банк БО-001Р-19;10000;21.10.2026;1000;RUB;1000;14,2;11,67;11,67;;;;;;
RU000A10FGV0;Полюс ПБО-11;1600;21.10.2026;1000;CNY;1000;7,8;6,41;72,66;;;;;;
RU000A10FGU2;ВУШ БО 001P-07;1000;21.10.2026;1000;RUB;1000;22,5;18,49;18,49;;;;;;
RU000A10EY26;ФЛИТ 001Р-04;2000;21.10.2026;1000;RUB;919,3;16;10,51;10,51;;;;;;
RU000A10EXZ9;Озон 1P-02;15000;21.10.2026;1000;RUB;1000;;;;;;;;;
RU000A10ENA3;Йуми БО-01;250;21.10.2026;1000;RUB;1000;25;20,55;20,55;;;;;;
RU000A10EN78;БИЗНЕС АЛЬЯНС 001P-09;500;21.10.2026;1000;RUB;1000;23,5;19,32;19,32;;;;;;
RU000A10EN60;Ростелеком ПАО 001P-24R;15000;21.10.2026;1000;RUB;1000;13,9;11,42;11,42;;;;;;
RU000A10EN52;ВОСТОКОЙЛ-02;100;21.10.2026;1000;RUB;1000;26;21,37;21,37;;;;;;
RU000A10DYZ9;АСГ ТРАНСФОРМАТОРЕН БО-01;100;21.10.2026;1000;RUB;1000;24;19,73;19,73;;;;;;
RU000A10DYP0;ИКС 5 ФИНАНС 003P-15;20000;21.10.2026;1000;RUB;1000;14,5;11,92;11,92;;;;;;
RU000A10DK98;Балтийский лизинг ООО БО-П21;2500;21.10.2026;1000;RUB;1000;;;;;;;;;
RU000A10DK80;СОБИ-ЛИЗИНГ 001Р-08;1,657;21.10.2026;1000;RUB;880;;;;;;;;;
RU000A10CUB0;Биннофарм Групп 002Р-01;3500;21.10.2026;1000;RUB;1000;;;;;;;;;
RU000A10CU97;Лизинг-Трейд 001P-12;400;21.10.2026;1000;RUB;1000;23;18,9;18,9;;;;;;
RU000A10CU89;Селектел 001P-06R;6000;21.10.2026;1000;RUB;1000;15,4;12,66;12,66;;;;;;
RU000A10CU55;АФК Система БО 002Р-05;3000;21.10.2026;1000;RUB;1000;;;;;;;;;
RU000A10CU48;АФК Система БО 002Р-04;2000;21.10.2026;1000;RUB;1000;17;13,97;13,97;;;;;;
RU000A10CU30;Патриот Групп 001Р-02;300;21.10.2026;1000;RUB;1000;22;18,08;18,08;;;;;;
RU000A10CTX6;ВЭБ.РФ ПБО-002Р-54В;600;21.10.2026;1000;USD;1000;7,15;5,88;453,12;;;;;;
RU000A10CTT4;СберИОС 001Р-762R 1Y LKOH SO;53,465;21.10.2026;1000;RUB;1000;0,01;0,1;0,1;;;;;;
RU000A10CP11;СИНАРА-Капитал 001К-01;3000;21.10.2026;1000;RUB;1000;;;;;;;;;
RU000A10CL64;ГК Сегежа 003P-07R;650;21.10.2026;100;CNY;100;13;1,07;12,13;;;;;;
RU000A10CL07;Магнит ПАО БО-004Р-09;13900;21.10.2026;1000;RUB;1000;13,3;10,93;10,93;;;;;;
RU000A10CKZ0;ЕвразХолдинг Финанс 003P-04;60000;21.10.2026;1000;RUB;1000;13,9;11,42;11,42;;;;;;
RU000A10CKY3;Группа ЛСР ПАО БО 001Р-11;5000;21.10.2026;1000;RUB;1000;16;13,15;13,15;;;;;;
RU000A10CFK2;СФО ТБ-4 класс А1;10000;21.10.2026;1000;RUB;1000;16;11,79;11,79;;;;;;
RU000A10C725;МЕТАЛЛОИНВЕСТ 002P-01;55000;21.10.2026;1000;RUB;1000;;;;;;;;;
RU000A10C6Z5;ЛЕГЕНДА БО 002Р-04;2000;21.10.2026;1000;RUB;1000;20,25;16,64;16,64;;;;;;
RU000A10C6Y8;ЛЕГЕНДА БО 002Р-05;1500;21.10.2026;1000;RUB;1000;;;;;;;;;
RU000A10C6W2;ПАО Абрау – Дюрсо 002P-01;500;21.10.2026;1000;RUB;1000;15,5;12,74;12,74;;;;;;
RU000A10C6U6;МГКЛ-001Р-08;1000;21.10.2026;1000;RUB;1000;25,5;20,96;20,96;;;;;;
RU000A10C5Y0;ИКС 5 ФИНАНС 003P-13;11000;21.10.2026;1000;RUB;1000;14,1;11,59;11,59;;;;;;
RU000A10BPP2;Газпром капитал БО-003Р-14;650;21.10.2026;1000;USD;1000;7,25;5,96;459,28;;;;;;
RU000A10BPN7;Полипласт АО П02-БО-05;7700;21.10.2026;1000;RUB;1000;25,5;20,96;20,96;;;;;;
RU000A10BHX3;Сибирский КХП 001P-03;150;21.10.2026;1000;RUB;1000;25,5;19,39;19,39;;;;;;
RU000A10AZN8;Органик парк БО-П01;100;21.10.2026;1000;RUB;1000;29,5;24,25;24,25;;BB+;;;;
RU000A10ATW2;Балтийский лизинг ООО БО-П15;6000;21.10.2026;1000;RUB;875;23,7;14,61;14,61;;;;;;
RU000A10AT27;ИКС 5 ФИНАНС 003P-10;10000;21.10.2026;1000;RUB;1000;19,95;16,4;16,4;;;;;;
RU000A10AND5;СберИОС 001Р-672R 3Г BSKRUS;535,663;21.10.2026;1000;RUB;1000;0,01;0,01;0,01;;;;;;
RU000A109NR2;БИЗНЕС АЛЬЯНС 001P-07;63,548;21.10.2026;1000;RUB;1000;;;;;;;;;
RU000A109528;Россети ПАО БО 001P-13R;65000;21.10.2026;1000;RUB;1000;;;;;;;;;
RU000A108BQ1;Центр-инвест ПАО БО-13;300;21.10.2026;1000;RUB;1000;15;74,79;74,79;;;;;;
RU000A107WF2;ПИР БО-01-001P;150;21.10.2026;1000;RUB;375;18,5;3,8;3,8;;;;;;
RU000A107WD7;Мани Капитал 001P-03;300;21.10.2026;1000;RUB;1000;15;12,33;12,33;;;;;;
RU000A107464;СберИОС 001Р-590R 5Г AC MOEXFN;823,095;21.10.2026;1000;RUB;1000;0,01;0,01;0,01;;;;;;
RU000A107456;МТС-Банк ПАО 001P-03;10000;21.10.2026;1000;RUB;1000;;;;;;;;;
RU000A106WW9;ВЭБ.РФ ПБО-002Р-38;40000;21.10.2026;1000;RUB;1000;;;;;;;;;
RU000A106UA9;СМАК БО-П02;60;21.10.2026;1000;RUB;900;14;9,21;9,21;;;;;;
RU000A104FG2;ГК Сегежа 002P-03R;9000;21.10.2026;1000;RUB;1000;23,5;58,59;58,59;1;;;;;https://www.tbank.ru/invest/bonds/RU000A104FG2/
RU000A1042W6;ВЭБ.РФ ПБО-002Р-31;50000;21.10.2026;1000;RUB;1000;;;;;;;;;
RU000A103RV8;СберИОС 001Р-472R 5Г РБЧ-М;626,451;21.10.2026;1000;RUB;1000;0,01;0,5;0,5;;;;;;
RU000A103RU0;СберИОС 001Р-471R 5Г ТЕХ;255,933;21.10.2026;1000;RUB;1000;0,01;0,5;0,5;;;;;;
RU000A101MB5;Совкомбанк БО-П02;11930,324;21.10.2026;1000;RUB;1000;13,5;33,66;33,66;1;AA(RU);;;;https://trading.finam.ru/profile/MOEX-RU000A101MB5
RU000A0ZYH93;Новосибирск  мун.обл. 2017;5000;21.10.2026;1000;RUB;50;7,85;0,86;0,86;;;;;;
RU000A0P1V15;Банк ВТБ С-1-863 (структурные);0;21.10.2026;1000;RUB;1000;0,01;0,27;0,27;;;;;;
RU000A0NRAF0;Банк ВТБ С-1-649 (структурные);0;21.10.2026;1000;RUB;1000;0,01;0,3;0,3;;;;;;
RU000A0JVDD9;ФСК Россети(ПАО)-обл. сер.38;20000;21.10.2026;1000;RUB;1000;;;;;;;;;
RU000A0JVCB5;ФСК Россети(ПАО)-обл. сер.37;20000;21.10.2026;1000;RUB;1000;;;;;;;;;
RU000A10FGN7;ВТБ Лизинг 001Р-МБ-06;5000;20.10.2026;1000;RUB;1000;14,5;10,9;10,9;;;;;;
RU000A10EXW6;Селигдар 001Р-11;3600;20.10.2026;1000;RUB;1000;15,75;12,95;12,95;;;;;;
RU000A10EXU0;ЛК АдвансТрак 001Р-03;500;20.10.2026;1000;RUB;1000;24;19,73;19,73;;;;;;
RU000A10EXS4;АГРОКЛУБ БО-01;200;20.10.2026;1000;RUB;1000;25;20,55;20,55;;;;;;
RU000A10EN37;КАМАЗ ПАО БО-П21;500;20.10.2026;1000;RUB;1000;;;;;;;;;
RU000A10EN29;КАМАЗ ПАО БО-П22;1000;20.10.2026;1000;RUB;1000;16;13,15;13,15;;;;;;
RU000A10EN11;РЖД БО 001P-52R;35000;20.10.2026;1000;RUB;1000;14,5;11,92;11,92;;;;;;
RU000A10EFL6;АЛЬФА-БАНК T2-CR-06;10000;20.10.2026;100000000;RUB;100000000;;;;;;;;;
RU000A10EDA4;ГПБ Финанс 001Р-10Р;26000;20.10.2026;1000;RUB;1000;;;;;;;;;
RU000A10E5C4;АПРИ БО-002Р-13;2700;20.10.2026;1000;RUB;1000;24,5;20,14;20,14;;;;;;
RU000A10E4H6;Совкомбанк Лизинг БО-П15;2500;20.10.2026;1000;RUB;1000;15;37,4;37,4;;;;;;
RU000A10DYH7;ГПБ Финанс 001Р-07Р;20000;20.10.2026;1000;RUB;1000;;;;;;;;;
RU000A10DJ18;Борец Капитал 001Р-03;1000;20.10.2026;1000;RUB;1000;18;14,79;14,79;;;;;;
RU000A10DJ00;Борец Капитал 001Р-04;5000;20.10.2026;1000;RUB;1000;;;;;;;;;
RU000A10DCN1;АЛЬФА-БАНК T2-CR-05;10000;20.10.2026;100000000;RUB;100000000;;;;;;;;;
RU000A10CTJ5;БЭЛТИ-ГРАНД ООО БО-П08;250;20.10.2026;1000;RUB;1000;24;19,73;19,73;;;;;;
RU000A10CTH9;Полипласт АО П02-БО-11;220;20.10.2026;100;CNY;100;11,45;0,94;10,66;;;;;;
RU000A10CTG1;МИРРИКО БО-П05;435;20.10.2026;1000;RUB;1000;22,5;18,49;18,49;;;;;;
RU000A10CJ92;ПР-Лизинг ООО БО 002Р-03;2000;20.10.2026;1000;RUB;1000;20;16,44;16,44;;;;;;
RU000A10CCJ1;Славянск ЭКО 001Р-04;10;20.10.2026;100;USD;100;13;1,1;84,77;;;;;;
RU000A10BWC6;Группа Позитив 001Р-03;10000;20.10.2026;1000;RUB;1000;18;14,79;14,79;;;;;;
RU000A10BW96;ГК Самолет БО-П18;15000;20.10.2026;1000;RUB;1000;24;19,73;19,73;;;;;;
RU000A10BW88;АйДи Коллект 001P-05;750;20.10.2026;1000;RUB;1000;25,25;20,75;20,75;;;;;;
RU000A10BW62;Мобильные ТелеСистемы 002P-12;15000;20.10.2026;1000;RUB;1000;13,25;10,89;10,89;;;;;;
RU000A10BW39;ВОКСИС-03;500;20.10.2026;1000;RUB;1000;24;19,73;19,73;;;;;;
RU000A10AZG2;КЛВЗ КРИСТАЛЛ 001P-02;350;20.10.2026;1000;RUB;1000;28;23,01;23,01;;;;;;
RU000A10AZF4;КЛВЗ КРИСТАЛЛ 001P-03;42,689;20.10.2026;1000;RUB;1000;;;;;;;;;
RU000A10A6V6;Роял Капитал БО-01;50,367;20.10.2026;1000;RUB;1000;;;;;;;;;
RU000A109NM3;РЕГИНСПЕЦТРАНС-01;237,434;20.10.2026;1000;RUB;1000;23,5;19,32;19,32;;;;;;
RU000A1097R0;СберИОС 001Р-642R 5Г AC СБЕР;409,534;20.10.2026;1000;RUB;1000;0,01;0,01;0,01;;;;;;
RU000A1094X5;Газпром капитал БО-002Р-16;10000;20.10.2026;1000;RUB;1000;;;;;;;;;
RU000A1094W7;ХРОМОС Инжиниринг БО-02;250;20.10.2026;1000;RUB;1000;;;;;;;;;
RU000A1094T3;ДиректЛизинг БО 002Р-03;250;20.10.2026;1000;RUB;615,9;;;;;;;;;
RU000A109221;МИРРИКО БО-П01;500;20.10.2026;1000;RUB;1000;;;;;;;;;
RU000A1090N4;Аэрофьюэлз-002Р-03;1600;20.10.2026;1000;RUB;1000;;;;;;;;;
RU000A108Z10;СберИОС 001Р-634R 5Г AC MOEXIT;133,947;20.10.2026;1000;RUB;1000;0,01;0,01;0,01;;;;;;
RU000A108Z02;СберИОС 001Р-633R 5Г AC СБЕР;751,821;20.10.2026;1000;RUB;1000;0,01;0,01;0,01;;;;;;
RU000A108VW7;МКПАО ОК РУСАЛ БО-001P-09;30000;20.10.2026;1000;RUB;1000;;;;;;;;;
RU000A108DG8;СберИОС 001Р-620R 5Г AC TCSG;474,64;20.10.2026;1000;RUB;1000;0,01;0,01;0,01;;;;;;
RU000A108BE7;С-ПРИНТ 001Р-01;100;20.10.2026;1000;RUB;900;20;42,38;42,38;;;;;;
RU000A107M32;Аквилон-Лизинг БО-03-001P;100;20.10.2026;1000;RUB;280;17,7;8,83;8,83;;;;;;
RU000A107LU4;Пушкинское ПЗ 001Р-02;200;20.10.2026;1000;RUB;1000;;;;;;;;;
RU000A107J45;СберИОС 001Р-601R 5Г AC MOEXMM;1562,498;20.10.2026;1000;RUB;1000;0,01;0,01;0,01;;;;;;
RU000A107F49;ГПБ (АО) БО 005Р-02Р;12696,723;20.10.2026;1000;RUB;1000;;;;;;;;;
RU000A107BH2;ИЛС БО-01-001P;300;20.10.2026;1000;RUB;1000;19;10,93;10,93;;;;;;
RU000A107AG6;Россети Центр ПАО 001Р-03;5000;20.10.2026;1000;RUB;1000;;;;;;;;;
RU000A1074E7;РУССОЙЛ БО-01;200;20.10.2026;1000;RUB;500;;;;;;;;;
RU000A106L18;СберИОС 001Р-577R 5Г AC MOEXOG;364,256;20.10.2026;1000;RUB;1000;0,01;0,01;0,01;;;;;;
RU000A106K35;АВТОБАН-Финанс АО БО-П04;5000;20.10.2026;1000;RUB;1000;15;37,4;37,4;;;;;;
RU000A1065C9;Россети ПАО БО 001P-09R;5000;20.10.2026;1000;RUB;1000;10,44;26,03;26,03;;;;;;
RU000A1065A3;Россети ПАО БО 001P-10R;10000;20.10.2026;1000;RUB;1000;11,15;27,8;27,8;;;;;;
RU000A104DZ7;Сибнефтехимтрейд БО-02;350;20.10.2026;1000;RUB;857,2;;;;;;;;;
RU000A1031U3;ВЭБ.РФ ПБО-001Р-26;10000;20.10.2026;1000;RUB;1000;8,13;40,54;40,54;;;;;;
RU000A1031T5;ВЭБ.РФ ПБО-001Р-25;10000;20.10.2026;1000;RUB;1000;8,13;40,54;40,54;;;;;;
RU000A1031S7;ВЭБ.РФ ПБО-001Р-24;30000;20.10.2026;1000;RUB;1000;8,13;40,54;40,54;;;;;;
RU000A1013N6;Пионер-Лизинг БО-П03;400;20.10.2026;1000;RUB;1000;20,5;16,85;16,85;;;;;;
RU000A0NR3G4;Сбер CIB-CO-516 (структурные);0;20.10.2026;1000;RUB;1000;0,01;0,3;0,3;;;;;;
RU000A0JXS83;Ярославская обл. об.2017г.;10000;20.10.2026;1000;RUB;375;8,4;5,24;5,24;;;;;;
RU000A10F7N6;Атомэнергопром АО 001Р-13;25000;19.10.2026;1000;RUB;1000;;;;;;;;;
RU000A10F7K2;ООО Л-Старт 002Р-01;100;19.10.2026;1000;RUB;1000;28,5;23,42;23,42;;;;;;
RU000A10F7J4;Республика Саха (Якутия) 34006;8700;19.10.2026;1000;RUB;1000;13,7;11,26;11,26;;;;;;
RU000A10F6Y5;Брусника 002Р-08;3250;19.10.2026;1000;RUB;1000;21,25;17,47;17,47;;;;;;
RU000A10EXK1;Мэйл.Ру Финанс 001P-03;7500;19.10.2026;1000;RUB;1000;;;;;;;;;
RU000A10EXJ3;Мэйл.Ру Финанс 001P-02;2500;19.10.2026;1000;RUB;1000;14,15;11,63;11,63;;;;;;
RU000A10EXG9;ПРОГРЕСС 001Р-01;250;19.10.2026;1000;RUB;1000;25;20,55;20,55;;;;;;
RU000A10EXF1;Группа Продовольствие БО-03;150;19.10.2026;1000;RUB;1000;23;18,9;18,9;;;;;;
RU000A10EMU3;ГТЛК БО 002P-12;30000;19.10.2026;1000;RUB;1000;16,25;13,36;13,36;;;;;;
RU000A10EMT5;ИЛИМ 001P-01;500;19.10.2026;1000;RUB;1000;;;;;;;;;
RU000A10EMS7;СелоЗеленое 001Р-03;6500;19.10.2026;1000;RUB;1000;;;;;;;;;
RU000A10EL88;ИКС 5 ФИНАНС 003P-19;20000;19.10.2026;1000;RUB;1000;;;;;;;;;
RU000A10E4X3;ЕвроТранс БО-001Р-09;2500;19.10.2026;1000;RUB;1000;20;16,44;16,44;;;;;;
RU000A10E4U9;БЭЛТИ-ГРАНД ООО БО-П09;150;19.10.2026;1000;RUB;1000;19;15,62;15,62;;;;;;
RU000A10DYC8;ФПК 002Р-01;30000;19.10.2026;1000;RUB;1000;15,4;12,66;12,66;;;;;;
RU000A10DYB0;Россети Волга 001Р-01;2500;19.10.2026;1000;RUB;1000;;;;;;;;;
RU000A10DY92;АЛРОСА 002Р-01;20000;19.10.2026;1000;RUB;1000;;;;;;;;;
RU000A10DY84;МКООО Содружество Рус 001Р-01;500;19.10.2026;1000;RUB;1000;;;;;;;;;
RU000A10DY76;ГК Сегежа 003P-09R;20,902;19.10.2026;100;CNY;100;15;1,23;13,94;;;;;;
RU000A10DY50;ГК Сегежа 003P-08R;669,658;19.10.2026;1000;RUB;1000;24;19,73;19,73;;;;;;
RU000A10DY27;Артген БО-02;300;19.10.2026;1000;RUB;1000;21;17,26;17,26;;;;;;
RU000A10D806;ЕвразХолдинг Финанс 003P-05;225;19.10.2026;100;USD;100;8,25;0,68;52,4;;;;;;
RU000A10D7Z2;МСП Факторинг 001Р-01;1000;19.10.2026;1000;RUB;1000;;;;;;;;;
RU000A10D2R0;СберИОС 001Р-764R 3Y1M ОФЗ;23,213;19.10.2026;1000;RUB;1000;0,01;0,1;0,1;;;;;;
RU000A10CSX8;ИКС 5 ФИНАНС 003P-14;15000;19.10.2026;1000;RUB;1000;;;;;;;;;
RU000A10CJ84;Сибирское Стекло БО-02;300;19.10.2026;1000;RUB;1000;24,5;20,14;20,14;;;;;;
RU000A10BVW6;ЕвроТранс 01;4000;19.10.2026;1000;RUB;1000;23;18,9;18,9;;;;;;
RU000A10BVT2;ЭнергоТехСервис 001Р-08;1000;19.10.2026;1000;RUB;1000;;;;;;;;;
RU000A10BUK3;ИКС 5 ФИНАНС 003P-12;15000;19.10.2026;1000;RUB;1000;15,55;12,78;12,78;;;;;;
RU000A10BP87;ПИР БО-03-001P;500;19.10.2026;1000;RUB;1000;30;24,66;24,66;;;;;;
RU000A10BP79;Мобильные ТелеСистемы 002P-11;15000;19.10.2026;1000;RUB;1000;19;15,62;15,62;;;;;;
RU000A10BP46;Страна Девелопмент 03;1000;19.10.2026;1000;RUB;1000;26,5;21,78;21,78;;;;;;
RU000A10BP38;Республика Саха (Якутия) 34005;7700;19.10.2026;1000;RUB;1000;;;;;;;;;
RU000A10B750;СибАвтоТранс 001Р-05;120;19.10.2026;1000;RUB;1000;26,5;21,78;21,78;;;;;;
RU000A10AZ60;РЖД БО 001P-38R;30000;19.10.2026;1000;RUB;1000;17,9;14,71;14,71;;;;;;
RU000A10AZ45;РЖД БО 001P-37R;28000;19.10.2026;1000;RUB;1000;19,5;16,03;16,03;;;;;;
RU000A10AQD8;БЭЛТИ-ГРАНД ООО БО-П07;100;19.10.2026;1000;RUB;633,7;25;10,97;10,97;;;;;;
RU000A10AN80;СберИОС 001Р-670R 5Г BSKRUS;2000;19.10.2026;1000;RUB;1000;0,01;0,01;0,01;;;;;;
RU000A10AHU1;ОилРесурс 001P-01;2500;19.10.2026;1000;RUB;1000;33;27,12;27,12;;;;;;
RU000A10A182;СберИОС 001Р-660R 5Г BSKRUS;826,755;19.10.2026;1000;RUB;1000;0,01;0,01;0,01;;;;;;
RU000A10A026;АРЕНЗА-ПРО 001P-06;185;19.10.2026;1000;RUB;800;;;;;;;;;
RU000A109XR1;Акрон (ПАО) БО-001P-05;12000;19.10.2026;1000;RUB;900;;;;;;;;;
RU000A109KL1;Банк ВТБ (ПАО) Б-1-359;2052,377;19.10.2026;1000;RUB;1000;14,5;11,92;11,92;;;;;;
RU000A1097A6;СберИОС 001Р-641R 5Г AC Яндекс;111,507;19.10.2026;1000;RUB;1000;0,01;0,01;0,01;;;;;;
RU000A108E64;СберИОС 001Р-622R 5Г AC SBER;1117,95;19.10.2026;1000;RUB;1000;0,01;0,01;0,01;;;;;;
RU000A108D81;ЕвроТранс 002Р-02;800;19.10.2026;1000;RUB;1000;15,5;12,74;12,74;;;;;;
RU000A108BB3;АЛЬФА-БАНК Б2Р29;10000;19.10.2026;1000;RUB;1000;14,61;36,42;36,42;;;;;;
RU000A1080W6;СберИОС 001Р-612R 5Г AC CHMF;537,778;19.10.2026;1000;RUB;1000;0,01;0,01;0,01;;;;;;
RU000A107SR5;СберИОС 001Р-605R 5Г AC LKOH;430,743;19.10.2026;1000;RUB;1000;0,01;0,01;0,01;;;;;;
RU000A106ZQ4;Феррум БП1;102,313;19.10.2026;1000;RUB;1000;21,5;17,67;17,67;;;;;;
RU000A106QL4;СберИОС 001Р-580R 5Г AC IMOEX;464,403;19.10.2026;1000;RUB;1000;0,01;0,01;0,01;;;;;;
RU000A0NX2N4;Банк ВТБ (ПАО) С-1-733;143,255;19.10.2026;1000;RUB;1000;0,01;0,3;0,3;;;;;;
RU000A10F751;Минфин Ульяновской обл. 34013;6000;18.10.2026;1000;RUB;1000;14,25;11,71;11,71;;;;;;
RU000A10EX68;Элемент Лизинг БО 001Р-11;2000;18.10.2026;1000;RUB;958,4;;;;;;;;;
RU000A10EX35;ИНТЕРФУД-БО-01;50;18.10.2026;1000;RUB;1000;26;21,37;21,37;;;;;;
RU000A10EL70;ИКС 5 ФИНАНС 003P-18;11000;18.10.2026;1000;RUB;1000;13,5;11,1;11,1;;;;;;
RU000A10ECK5;СИБУР Холдинг 001Р-09;250;18.10.2026;100;USD;100;7,5;0,62;47,78;;;;;;
RU000A10ECC2;Промсвязьбанк 004P-03;15000;18.10.2026;1000;RUB;1000;;;;;;;;;
RU000A10ECA6;ЛК АдвансТрак 001Р-02;500;18.10.2026;1000;RUB;1000;24;19,73;19,73;;;;;;
RU000A10EA40;ГК Азот 001Р-02;17000;18.10.2026;1000;RUB;1000;16,5;13,56;13,56;;;;;;
RU000A10DXM9;ТЕХНОЛОГИЯ БО-03;42,382;18.10.2026;1000;RUB;1000;23,5;19,32;19,32;;;;;;
RU000A10DEN7;Томская область 34075;8000;18.10.2026;1000;RUB;1000;16,2;13,32;13,32;;;;;;
RU000A10CT74;ФЕРА 001Р-01;100;18.10.2026;1000;RUB;820;;;;;;;;;
RU000A10CT41;Ростелеком ПАО 001P-20R;15000;18.10.2026;1000;RUB;1000;;;;;;;;;
RU000A10CT25;Газпром капитал БО-003Р-17;20000;18.10.2026;1000;RUB;1000;;;;;;;;;
RU000A10CT09;Интел Коллект БО-01;500;18.10.2026;1000;RUB;900;25;16,44;16,44;;;;;;
RU000A10CSZ3;Газпром капитал ООО БО-003Р-16;20000;18.10.2026;1000;RUB;1000;;;;;;;;;
RU000A10C6P6;АО Авто Финанс Банк БО-001Р-15;10000;18.10.2026;1000;RUB;1000;16,75;13,77;13,77;;;;;;
RU000A10C6M3;Уралкуз 001Р-01;1000;18.10.2026;1000;RUB;1000;20;16,44;16,44;;;;;;
RU000A10C6F7;ГТЛК БО 002P-09;20000;18.10.2026;1000;RUB;1000;16,75;13,77;13,77;;;;;;
RU000A10BW70;Томская область 34074;5000;18.10.2026;1000;RUB;1000;18,25;15;15;;;;;;
RU000A10BVF1;СибАвтоТранс 001Р-06;230;18.10.2026;1000;RUB;1000;26;21,37;21,37;;;;;;
RU000A10B735;МСБ-Лизинг 003P-04;200;18.10.2026;1000;RUB;1000;;;;;;;;;
RU000A10B727;МСБ-Лизинг 003P-05;200;18.10.2026;1000;RUB;1000;;;;;;;;;
RU000A10B6K8;ТЕХНОЛОГИЯ БО-02;200;18.10.2026;1000;RUB;1000;28;23,01;23,01;;;;;;
RU000A10AYW2;Полипласт АО П02-БО-02;2100;18.10.2026;1000;RUB;1000;;;;;;;;;
RU000A10AYU6;МФК Мани Мен БО-01;500;18.10.2026;1000;RUB;1000;26,5;21,78;21,78;;;;;;
RU000A10AHJ4;Группа Позитив 001Р-02;4800;18.10.2026;1000;RUB;1000;;;;;;;;;
RU000A10AC75;Томская область 34072;10000;18.10.2026;1000;RUB;750;26;16,03;16,03;;;;;;
RU000A10A5H7;ГТЛК БО 002P-06;4000;18.10.2026;1000;RUB;1000;;;;;;;;;
RU000A109U97;ДОМ.РФ ПАО 002P-05;101000;18.10.2026;1000;RUB;1000;;;;;;;;;
RU000A109DT9;Росагролизинг 002P-03;5000;18.10.2026;1000;RUB;1000;;;;;;;;;
RU000A109B82;БИЗНЕС АЛЬЯНС 001P-06;211,995;18.10.2026;1000;RUB;1000;;;;;;;;;
RU000A1094F2;ГруппаЧеркизово БО-001Р-07;7000;18.10.2026;1000;RUB;1000;;;;;;;;;
RU000A108KU4;А101 БО-001Р-01;500;18.10.2026;1000;RUB;1000;17;13,97;13,97;;;;;;
RU000A106TQ7;Вымпел-Коммуникации 002Р-03;1,4;18.10.2026;1000;RUB;1000;7,3;18,2;18,2;;;;;;
RU000A1064G3;ГПБ (АО) БО 001Р-26Р;10427,011;18.10.2026;1000;RUB;1000;10;50,14;50,14;;;;;;
RU000A105YK2;Вымпел-Коммуникации 001Р-03;9180,071;18.10.2026;1000;RUB;1000;7,3;18,2;18,2;;;;;;
RU000A105WK6;Вымпел-Коммуникации 001Р-04;5979,937;18.10.2026;1000;RUB;1000;8,85;22,06;22,06;;;;;;
RU000A10FGE6;ИЭК ХОЛДИНГ 001Р-05;2500;17.10.2026;1000;RUB;1000;15,75;12,95;12,95;;;;;;
RU000A10FGC0;Газпром нефть 005Р-10R;110000;17.10.2026;1000;RUB;1000;;;;;;;;;
RU000A10FEB7;МКПАО ЯНДЕКС 001Р-05;20000;17.10.2026;1000;RUB;1000;13,4;11,01;11,01;;;;;;
RU000A10FEA9;МКПАО ЯНДЕКС 001Р-04;40000;17.10.2026;1000;RUB;1000;;;;;;;;;
RU000A10F728;Газпром капитал ООО БО-003Р-22;3000;17.10.2026;1000;CNY;1000;7,85;6,45;73,12;;;;;;
RU000A10F710;Южноуральский ЛЦ 001Р-02;250;17.10.2026;1000;RUB;1000;23,5;19,32;19,32;;;;;;
RU000A10EWL1;Почта России 003P-05;15000;17.10.2026;1000;RUB;1000;17,15;14,1;14,1;;;;;;
RU000A10EC48;ПКО СЗА БО-06;145;17.10.2026;1000;RUB;1000;25,5;20,96;20,96;;;;;;
RU000A10EC22;Селигдар 001Р-10;3500;17.10.2026;1000;RUB;1000;16,65;13,68;13,68;;;;;;
RU000A10E4G8;МФК ПСБ Финанс 002P-02;500;17.10.2026;1000;RUB;1000;;;;;;;;;
RU000A10E4F0;Ломбард 888 БО-01;200;17.10.2026;1000;RUB;1000;25;20,55;20,55;;;;;;
RU000A10DJV9;Совкомфлот 001Р-02;200;17.10.2026;1000;USD;1000;7,55;6,21;478,55;;;;;;
RU000A10DJS5;ПКО СЗА БО-05;250;17.10.2026;1000;RUB;1000;25,5;20,96;20,96;;;;;;
RU000A10DG60;Новосибирская область 34027;22500;17.10.2026;1000;RUB;1000;15,1;37,65;37,65;;;;;;
RU000A10DA74;Эталон-Финанс 002Р-04;10000;17.10.2026;1000;RUB;1000;20;16,44;16,44;;;;;;
RU000A10CST6;СКС ЛОМБАРД БО-02;250;17.10.2026;1000;RUB;1000;27;22,19;22,19;;;;;;
RU000A10CSR0;ГЛАВСНАБ БО-01;200;17.10.2026;1000;RUB;1000;23,5;19,32;19,32;;;;;;
RU000A10CSQ2;НоваБев Групп 003Р-01;7000;17.10.2026;1000;RUB;1000;14,5;11,92;11,92;;;;;;
RU000A10C634;ВИС ФИНАНС БО-П09;2500;17.10.2026;1000;RUB;1000;17;13,97;13,97;;;;;;
RU000A10C626;ЛК Роделен БО 002P-04;350;17.10.2026;1000;RUB;833,5;;;;;;;;;
RU000A10C618;Магнит ПАО БО-004Р-08;75000;17.10.2026;1000;RUB;1000;14,95;12,29;12,29;;;;;;
RU000A10C5Z7;МОНОПОЛИЯ 001P-06;500;17.10.2026;1000;RUB;1000;24,75;20,34;20,34;;;;;;
RU000A10BV89;Арктик Технолоджи Сервис БО-01;150;17.10.2026;1000;RUB;1000;28;23,01;23,01;;;;;;
RU000A10BV71;Полипласт АО П02-БО-07;25;17.10.2026;100;USD;100;;;;;;;;;
RU000A10BV55;НОВАТЭК 001Р-04;350;17.10.2026;1000;USD;1000;7,5;6,16;474,7;;;;;;
RU000A10BV22;Республика Башкортостан 34015;7000;17.10.2026;1000;RUB;1000;16,25;13,36;13,36;;;;;;
RU000A10BUN7;ДиректЛизинг БО 002Р-05;200;17.10.2026;1000;RUB;799,6;27;16,63;16,63;;;;;;
RU000A10BUM9;ЭнергоТехСервис 001Р-07;1000;17.10.2026;1000;RUB;1000;21;17,26;17,26;;;;;;
RU000A10BGY3;Мобильные ТелеСистемы 002P-10;15000;17.10.2026;1000;RUB;1000;;;;;;;;;
RU000A10BGW7;Первое кол.бюро НАО 001Р-08;2000;17.10.2026;1000;RUB;1000;;;;;;;;;
RU000A10BGU1;Первое кол.бюро НАО 001Р-07;1000;17.10.2026;1000;RUB;1000;24,5;20,14;20,14;;;;;;
RU000A10BFQ1;АЛЬФА-БАНК T2-CR-03;6000;17.10.2026;100000000;RUB;100000000;;;;;;;;;
RU000A10B5M6;Агродом БО-02;80;17.10.2026;1000;RUB;800;15;7,4;7,4;;;;;;
RU000A10AYM3;Уралкалий ПАО ПБО-07-P;1000;17.10.2026;1000;RUB;1000;;;;;;;;;
RU000A10AHE5;Новые технологии 001Р-02;1150;17.10.2026;1000;RUB;1000;27,5;22,6;22,6;;;;;;
RU000A10AHD7;Кокс ПАО 001P-01;1200;17.10.2026;1000;RUB;1000;19,75;16,23;16,23;;;;;;
RU000A10AHC9;РЕСО-Лизинг ООО БО-П-23;5000;17.10.2026;1000;RUB;1000;24,5;20,14;20,14;;;;;;
RU000A10AHB1;Новые технологии 001Р-01;600;17.10.2026;1000;RUB;1000;;;;;;;;;
RU000A10AHA3;ИКС 5 ФИНАНС 003P-07;21000;17.10.2026;1000;RUB;1000;13,25;10,89;10,89;;;;;;
RU000A10A8N9;СФО ПБ Сервис Финанс;225696,702;17.10.2026;999,59;RUB;707,27;17,5;8,58;8,58;;;;;;
RU000A10A554;АПРИ БО-002Р-06;30,95;17.10.2026;1000;RUB;1000;22;18,08;18,08;;;;;;
RU000A10A3W1;Балтийский лизинг ООО БО-П14;9000;17.10.2026;1000;RUB;1000;;;;;;;;;
RU000A109NA8;СОЛИД СпецАвтоТехЛизинг 01;500;17.10.2026;1000;RUB;580;24;10,26;10,26;;;;;;
RU000A109B33;Газпром нефть БО 003P-13R;55000;17.10.2026;1000;RUB;1000;;;;;;;;;
RU000A1099S4;Новосибирская область 34024;13500;17.10.2026;1000;RUB;1000;17,75;44,25;44,25;;;;;;
RU000A108KK5;СОБИ-ЛИЗИНГ 001Р-05;82,352;17.10.2026;1000;RUB;516;19,25;7,12;7,12;;;;;;
RU000A107PW1;МФК Быстроденьги 002Р-05;300;17.10.2026;1000;RUB;1000;22;18,08;18,08;;;;;;
RU000A107D25;СФО Оптимум Финанс 01;208400;17.10.2026;1000;RUB;165,41;13,5;1,27;1,27;;;;;;
RU000A107B19;Новосибирская область 35023;20000;17.10.2026;1000;RUB;1000;12,75;31,79;31,79;;;;;;
RU000A1075S4;ИКС 5 ФИНАНС 003Р-02;20000;17.10.2026;1000;RUB;1000;;;;;;;;;
RU000A1075R6;Регион-Продукт БО 001Р-04;100;17.10.2026;1000;RUB;1000;19;15,62;15,62;;;;;;
RU000A105WZ4;Лизинг-Трейд 001P-07;150;17.10.2026;1000;RUB;833,6;14,5;8,45;8,45;;;;;;
RU000A1043E2;Новосибирская область 35022;10000;17.10.2026;1000;RUB;800;9,03;15,76;15,76;;;;;;
RU000A0NNLY7;Банк ВТБ С-1-353 (структурные);0;17.10.2026;1000;RUB;1000;0;;;;;;;;
RU000A10FG84;АЛИУМ01Р1;4000;16.10.2026;1000;RUB;1000;17,5;14,38;14,38;;;;;;
RU000A10FG76;ОДК 001P-03;11000;16.10.2026;1000;RUB;1000;16,5;13,56;13,56;;;;;;
RU000A10FG68;ОДК 001P-04;1000;16.10.2026;1000;RUB;1000;;;;;;;;;
RU000A10F6U3;РусГидро БО-002Р-13;55000;16.10.2026;1000;RUB;1000;;;;;;;;;
RU000A10EML2;ВТБ Лизинг 001Р-МБ-05;5000;16.10.2026;1000;RUB;915;15,5;10,57;10,57;;;;;;
RU000A10EMJ6;ТЕХНО Лизинг 001Р-08;476;16.10.2026;1000;RUB;1000;24;19,73;19,73;;;;;;
RU000A10EMG2;НоваБев Групп 003Р-03;7000;16.10.2026;1000;RUB;1000;14,5;11,92;11,92;;;;;;
RU000A10EMF4;Первое кол.бюро НАО 001Р-10;1850;16.10.2026;1000;RUB;1000;;;;;;;;;
RU000A10EKA9;Инвестиционные облигации 15;100;16.10.2026;1000;RUB;1000;0,01;0,05;0,05;;;;;;
RU000A10EBE0;Ростелеком ПАО 001P-23R;20000;16.10.2026;1000;RUB;1000;14,55;11,96;11,96;;;;;;
RU000A10EB07;МСБ-Лизинг 003P-07;400;16.10.2026;1000;RUB;1000;21;17,26;17,26;;;;;;
RU000A10DLV5;ГМК Нор.никель БО-001Р-16;4000;16.10.2026;1000;CNY;1000;7;5,75;65,18;;;;;;
RU000A10DJA3;Нижегородская область 34017;15000;16.10.2026;1000;RUB;1000;;;;;;;;;
RU000A10DC15;АВТОБАН-Финанс АО БО-П07;5000;16.10.2026;1000;RUB;1000;;;;;;;;;
RU000A10D541;РЖД БО 001P-47R;20000;16.10.2026;1000;RUB;1000;15,85;13,03;13,03;;;;;;
RU000A10D4W6;Село Зеленое 001Р-01;3000;16.10.2026;1000;RUB;1000;;;;;;;;;
RU000A10D4V8;АйДи Коллект 001P-06;1250;16.10.2026;1000;RUB;1000;22,5;18,49;18,49;;;;;;
RU000A10D4S4;ПЭТ ПЛАСТ 001Р-01;165;16.10.2026;1000;RUB;1000;26;21,37;21,37;;;;;;
RU000A10D4H7;Совкомбанк Факторинг 002P-05;5000;16.10.2026;1000;RUB;1000;;;;;;;;;
RU000A10D4G9;Совкомбанк Лизинг БО-П16;5000;16.10.2026;1000;RUB;1000;;;;;;;;;
RU000A10D4D6;Минфин Амурской обл. 31002;2400;16.10.2026;1000;RUB;1000;16,75;41,76;41,76;;;;;;
RU000A10CV39;ГПБ (АО) БО 004Р-30;370,371;16.10.2026;1000;RUB;1000;0,01;0,1;0,1;;;;;;
RU000A10CTP2;СберИОС 001Р-759R 5Г AC LKOH;48,431;16.10.2026;1000;RUB;1000;0,01;0,01;0,01;;;;;;
RU000A10CHX1;МГКЛ-G01;47,316;16.10.2026;8602,98;RUB;10068,85;14;112,61;112,61;;;;;;
RU000A10CEM1;Банк ВТБ (ПАО) С-1-1600;9999,995;16.10.2026;1000;RUB;1000;0,01;0,1;0,1;;;;;;
RU000A10C667;СберИОС 001Р-748R 5Г AC LKOH;129,779;16.10.2026;1000;RUB;1000;0,01;0,01;0,01;;;;;;
RU000A10C5U8;ГИДРОМАШСЕРВИС АО 001Р-05;3000;16.10.2026;1000;RUB;1000;;;;;;;;;
RU000A10C5T0;ГИДРОМАШСЕРВИС АО 001Р-04;1000;16.10.2026;1000;RUB;1000;17;13,97;13,97;;;;;;
RU000A10C5P8;ПИР БО-04-001P;300;16.10.2026;1000;RUB;1000;28,5;23,42;23,42;;;;;;
RU000A10C3M0;Атомэнергопром АО 001Р-06;600;16.10.2026;1000;USD;1000;7,2;17,95;1383,25;;;;;;
RU000A10BTJ7;Минфин Ульяновской обл. 34010;4000;16.10.2026;1000;RUB;1000;18,5;32,29;32,29;1;BBB;;;;
RU000A10BN63;АЛЬФА-Б С-1-707 структурные;0;16.10.2026;1000;RUB;1000;0,01;0,1;0,1;;;;;;
RU000A10BGJ4;Аэрофлот П02-БО-01;45000;16.10.2026;1000;RUB;1000;;;;;;;;;
RU000A10BGH8;Акрон (ПАО) БО-001P-08;200;16.10.2026;1000;USD;1000;7,95;6,53;503,21;;;;;;
RU000A10BGF2;РЖД БО 001P-42R;30000;16.10.2026;1000;RUB;1000;17,4;14,3;14,3;;;;;;
RU000A10BGE5;С-ПРИНТ БО-01;150;16.10.2026;1000;RUB;1000;32;26,3;26,3;;;;;;
RU000A10BGC9;МФК Мани Мен БО-02-01;1400;16.10.2026;1000;RUB;1000;25,5;20,96;20,96;;;;;;
RU000A10BG88;СберИОС 001Р-707R 5Г AC FIVE;169,732;16.10.2026;1000;RUB;1000;0,01;0,01;0,01;;;;;;
RU000A10B5C7;ТАЛК002P-01;274,387;16.10.2026;1000;RUB;840;;;;;;;;;
RU000A10B5A1;БИАНКА ПРЕМИУМ БО-02;180;16.10.2026;1000;RUB;1000;28,5;23,42;23,42;;;;;;
RU000A10B1S2;СберИОС 001Р-692R 5Г BSKRUS;156,224;16.10.2026;1000;RUB;1000;0,01;0,01;0,01;;;;;;
RU000A10AQF3;СберИОС 001Р-674R 5Г AC LKOH;474,247;16.10.2026;1000;RUB;1000;0,01;0,01;0,01;;;;;;
RU000A10AG48;АПРИ БО-002Р-08;625;16.10.2026;1000;RUB;1000;24;19,73;19,73;;;;;;
RU000A10AG22;ЭН+ГИДРО 001РС-06;7000;16.10.2026;1000;RUB;1000;;;;;;;;;
RU000A10AC67;ВОКСИС-01;100;16.10.2026;1000;RUB;1000;;;;;;;;;
RU000A10A539;Банк ДОМ.РФ СУБ-T2-2;20000;16.10.2026;10000000;RUB;10000000;15;123287,67;123287,67;;BB;;;;
RU000A109TF4;ООО АСВ БО-03-001P;76,934;16.10.2026;1000;RUB;1000;25,75;64,2;64,2;-14;;;;;Для принятия инвестиционных решений рекомендую опираться на данные непосредственно от рейтинговых агентств или проспект эмиссии ценной бумаги
RU000A109PF2;РЖД БО 001P-33R;25000;16.10.2026;1000;RUB;1000;;;;;;;;;
RU000A109JK5;СберИОС 001Р-648R 5Г AC IMOEX;47,116;16.10.2026;1000;RUB;1000;0,01;0,01;0,01;;;;;;
RU000A109JJ7;ИОС_PRTACm_LKOH-5Y-001Р-647R;131,96;16.10.2026;1000;RUB;1000;0,01;0,01;0,01;;;;;;
RU000A108U72;Первое кол.бюро НАО 001Р-05;3000;16.10.2026;1000;RUB;1000;;;;;;;;;
RU000A108Q60;СберИОС 001Р-626R 5Г AC TRNFP;420,267;16.10.2026;1000;RUB;1000;0,01;0,01;0,01;;;;;;
RU000A108KT6;Росагролизинг 002P-01;7000;16.10.2026;1000;RUB;1000;;;;;;;;;
RU000A1088L2;СберИОС 001Р-618R 5Г AC TCSG;594,183;16.10.2026;1000;RUB;1000;0,01;0,01;0,01;;;;;;
RU000A1088K4;СберИОС 001Р-617R 5Г AC MAGN;158,524;16.10.2026;1000;RUB;1000;0,01;0,01;0,01;;;;;;
RU000A107ZN9;Сбер CIB-CO-777 (структурные);0;16.10.2026;1000;RUB;1000;0,01;0,2;0,2;;;;;;
RU000A107RW7;СберИОС 001Р-603R 5Г AC CHMF;490,227;16.10.2026;1000;RUB;1000;0,01;0,01;0,01;;;;;;
RU000A107JV6;АЛЬФА-БАНК Б1Р11;500;16.10.2026;1000;RUB;1000;;;;;;;;;
RU000A107AZ6;МФК Саммит 001Р-02;150;16.10.2026;1000;RUB;209,6;15;1,05;1,05;;;;;;
RU000A106GB6;Лизинг-Трейд 001P-09;300;16.10.2026;1000;RUB;1000;14;10,07;10,07;;;;;;
RU000A106565;Газпром нефть БО 003P-06R;22000;16.10.2026;1000;RUB;1000;;AAA(RU);;;Tn;;;;https://www.tbank.ru/invest/bonds/RU000A106565/
RU000A103N50;Сбер CIB-CO-74 (структурные);0;16.10.2026;1000;RUB;1000;0,01;0,5;0,5;;;;;;
RU000A103DY2;БЭЛТИ-ГРАНД ООО БО-П04;250;16.10.2026;1000;RUB;280;12,25;1,51;1,51;;;;;;
RU000A101M04;РЖД ОАО БО 001Р-20R;15000;16.10.2026;1000;RUB;1000;7,35;36,65;36,65;;;;;;
RU000A10FEY9;СмартФакт БО-04-001Р;150;15.10.2026;1000;RUB;1000;;;;;;;;;
RU000A10EVH1;ЛЕГЕНДА БО 002P-06;10000;15.10.2026;1000;RUB;1000;1;2,49;2,49;;;;;;
RU000A10EAS2;ТМК 002P-01;19000;15.10.2026;1000;RUB;1000;6,6;5,42;5,42;;;;;;
RU000A10EAQ6;КРОНОС БО-01;200;15.10.2026;1000;RUB;1000;27;22,19;22,19;;;;;;
RU000A10EAM5;ГТЛК БО 001P-22;100;15.10.2026;100;USD;100;9,5;0,78;60,11;;;;;;
RU000A10DX69;СибАвтоТранс 001Р-07;300;15.10.2026;1000;RUB;1000;26;21,37;21,37;;;;;;
RU000A10DHX9;ИНАРКТИКА 002Р-04;700;15.10.2026;1000;RUB;1000;15,75;12,95;12,95;;;;;;
RU000A10DHV3;ИНАРКТИКА 002Р-05;2300;15.10.2026;1000;RUB;1000;;;;;;;;;
RU000A10DHT7;ДельтаЛизинг 001Р-03;5500;15.10.2026;1000;RUB;1000;17,15;14,1;14,1;;;;;;
RU000A10D4P0;Южуралзолото 001P-05;40;15.10.2026;100;USD;100;9;0,74;57,03;;;;;;
RU000A10CH37;Денум Солюшнз 001Р-02;200;15.10.2026;1000;RUB;1000;24,5;20,14;20,14;;;;;;
RU000A10CH11;Полипласт АО П02-БО-09;36,25;15.10.2026;100;USD;100;11,25;0,92;70,9;;;;;;
RU000A10C5L7;Селигдар 001Р-04;12500;15.10.2026;1000;RUB;1000;19;15,62;15,62;;;;;;
RU000A10C5K9;Селигдар 001Р-05;1000;15.10.2026;1000;RUB;1000;;;;;;;;;
RU000A10C5J1;ТАЛАН-ФИНАНС БО 001Р-04;3000;15.10.2026;1000;RUB;1000;;;;;;;;;
RU000A10C5F9;ГруппаЧеркизово БО-002P-02;10000;15.10.2026;1000;RUB;1000;;;;;;;;;
RU000A10C5B8;Денум Солюшнз 001Р-01;100;15.10.2026;1000;RUB;1000;27;22,19;22,19;;;;;;
RU000A10BW05;СберИОС 001Р-732R 5Г AC TATN;78,977;15.10.2026;1000;RUB;1000;0,01;0,01;0,01;;;;;;
RU000A10BNR3;СберИОС 001Р-724R 5Г AC IMOEX;127,529;15.10.2026;1000;RUB;1000;0,01;0,01;0,01;;;;;;
RU000A10BNM4;АБЗ-1 002P-03;2500;15.10.2026;1000;RUB;1000;25,5;20,96;20,96;;;;;;
RU000A10BNK8;ЭНЕРГОНИКА 001Р-06;300;15.10.2026;1000;RUB;1000;27;22,19;22,19;;;;;;
RU000A10BNF8;РусГидро (ПАО) БО-П13;15000;15.10.2026;1000;RUB;1000;17,35;14,26;14,26;;;;;;
RU000A10BG62;ГПБ Финанс 001Р-03Р;5000;15.10.2026;1000;RUB;1000;17,5;14,38;14,38;;;;;;
RU000A10BFG2;Атомэнергопром АО 001Р-05;40000;15.10.2026;1000;RUB;1000;17,3;43,13;43,13;;;;;;
RU000A10BFF4;Промсвязьбанк 003P-13;10000;15.10.2026;1000;RUB;1000;18,3;45,62;45,62;;;;;;
RU000A10B4X6;СИБУР Холдинг 001Р-06;43000;15.10.2026;1000;RUB;1000;;;;;;;;;
RU000A10B4W8;СИБУР Холдинг 001Р-05;50000;15.10.2026;1000;RUB;1000;;;;;;;;;
RU000A10B4V0;ГруппаЧеркизово БО-002Р-01;500;15.10.2026;1000;CNY;1000;10,8;8,88;100,66;;;;;;
RU000A10B4U2;СИБУР Холдинг 001Р-04;50000;15.10.2026;1000;RUB;1000;;;;;;;;;
RU000A10B4T4;Пионер-Лизинг БО7;400;15.10.2026;1000;RUB;1000;21;17,26;17,26;;;;;;
RU000A10B4M9;СберИОС 001Р-694R 5Г AC LKOH;577,519;15.10.2026;1000;RUB;1000;0,01;0,01;0,01;;;;;;
RU000A10AT35;ИКС 5 ФИНАНС 003P-11;15000;15.10.2026;1000;RUB;1000;17,25;14,18;14,18;;;;;;
RU000A10AFW1;ПАО Россети Моск.рег. БО1Р08;15000;15.10.2026;1000;RUB;1000;;;;;;;;;
RU000A10AFT7;ЭР-Телеком Холдинг ПБО-02-07;1200;15.10.2026;1000;RUB;1000;;;;;;;;;
RU000A10ADT2;СФО Оптимум Финанс 02;541521,453;15.10.2026;1000;RUB;339,63;18,5;3,94;3,94;;;;;;
RU000A109VM6;КАМАЗ ПАО БО-П13;5000;15.10.2026;1000;RUB;1000;;;;;;;;;
RU000A109VL8;Совкомбанк БО-П05;20507,209;15.10.2026;1000;RUB;1000;;;;;;;;;
RU000A109VK0;ВсеИнструменты.ру 001Р-03;500;15.10.2026;1000;RUB;1000;21,85;17,96;17,96;;;;;;
RU000A109VJ2;ВсеИнструменты.ру 001Р-02;4500;15.10.2026;1000;RUB;1000;;;;;;;;;
RU000A109T41;Р-Вижн 001Р-01;81,811;15.10.2026;1000;RUB;1000;;;;;;;;;
RU000A109SZ4;МегаФон ПАО БО-002P-07;11000;15.10.2026;1000;RUB;1000;;;;;;;;;
RU000A108Q29;АЛЬФА-БАНК ЗО-850;345,603;15.10.2026;1000;USD;1000;8,45;42,25;3255,83;;;;;;
RU000A108JV4;Газпром капитал БО-003Р-02;40000;15.10.2026;1000;RUB;1000;;;;;;;;;
RU000A1084E6;О'КЕЙ ООО БО 001Р-06;3500;15.10.2026;1000;RUB;1000;15,5;12,74;12,74;;;;;;
RU000A1084B2;Сэтл-Групп ООО БО 002P-03;12000;15.10.2026;1000;RUB;1000;17;13,97;13,97;;;;;;
RU000A108462;МФК Джой Мани 001P-02;250;15.10.2026;1000;RUB;1000;;;;;;;;;
RU000A108447;Росагролизинг 001P-05;7000;15.10.2026;1000;RUB;1000;;;;;;;;;
RU000A107ZL3;Сбер CIB-CO-775 (структурные);0;15.10.2026;1000;RUB;1000;0,01;0,2;0,2;;;;;;
RU000A107UW1;Газпром нефть БО 003P-10R;50000;15.10.2026;1000;RUB;1000;;;;;;;;;
RU000A107TL6;СОПФ ДОМ.РФ 9;5000;15.10.2026;1000;RUB;1000;;;;;;;;;
RU000A107KV4;СибАвтоТранс 001Р-03;400;15.10.2026;1000;RUB;900;19;40,26;40,26;;;;;;
RU000A107DC9;СберИОС 001Р-599R 5Г AC MOEXFN;624,306;15.10.2026;1000;RUB;1000;0,01;0,01;0,01;;;;;;
RU000A107A93;Сибнефтехимтрейд БО-03;223,407;15.10.2026;1000;RUB;1000;;;;;;;;;
RU000A107225;АФАНАСИЙ БО-01;100;15.10.2026;1000;RUB;1000;16;39,89;39,89;;;;;;
RU000A106TV7;Вымпел-Коммуникации 003Р-04;4320,308;15.10.2026;1000;RUB;1000;8,02;20;20;;;;;;
RU000A1061K1;ЕвроТранс БО-001Р-03;5000;15.10.2026;1000;RUB;750;13,6;5,59;5,59;;;;;;
RU000A105X80;Вымпел-Коммуникации 001Р-08;9389,601;15.10.2026;1000;RUB;1000;8,02;20;20;;;;;;
RU000A104Z71;Биннофарм Групп 001Р-02;3000;15.10.2026;1000;RUB;1000;15;37,4;37,4;;;;;;
RU000A103WM7;ТрансФин-М ПАО 001P-08;1000;15.10.2026;1000;RUB;1000;18;89,75;89,75;;;;;;
RU000A102986;СУЭК-Финанс 001Р-06R;14000;15.10.2026;1000;RUB;1000;18,9;94,24;94,24;;;;;;
RU000A1028U9;РЖД 001Б-04;80000;15.10.2026;1000;RUB;1000;16,43;81,92;81,92;;;;;;
RU000A101LS1;РЖД ОАО БО 001Р-19R;10000;15.10.2026;1000;RUB;1000;7,55;37,65;37,65;;;;;;
RU000A1018M7;СОПФ ФПФ 01;10000;15.10.2026;1000;RUB;1000;6,84;17,24;17,24;;;;;;
RU000A100YQ0;ПАО НК Роснефть 002P-09;25000;15.10.2026;1000;RUB;1000;9;22,44;22,44;;;;;;
RU000A0ZZ505;Россельхозбанк (АО) обл. 09Т1;5000;15.10.2026;1000;RUB;1000;9;44,88;44,88;;;;;;
RU000A0ZYEB1;ТрансФин-М ПАО 001P-04;9234,815;15.10.2026;1000;RUB;1000;18;89,75;89,75;;;;;;
RU000A0NW219;Сбер CIB-CO-654 (структурные);0;15.10.2026;1000;RUB;1000;0,01;0,28;0,28;;;;;;
RU000A0NW185;Сбер CIB-CO-627;130,069;15.10.2026;1000;RUB;1000;0,01;0,3;0,3;;;;;;
RU000A0JXQ44;Российские ЖД БО-001P-02R;15000;15.10.2026;1000;RUB;1000;14,4;71,8;71,8;;;;;;
RU000A0JWX04;"ПАО ""АНК ""Башнефть"" БО-09";5000;15.10.2026;1000;RUB;1000;0,01;0,05;0,05;;;;;;
XS1120709826;REPUBLIC OF KAZAKHSTAN 4.875;1000;14.10.2026;1000;USD;1000;4,875;24,375;1878,36;;;;;;
RU000A100A82;ОФЗ-ПД 26228 10/04/30;692018,8;14.10.2026;1000;RUB;1000;7,65;38,15;38,15;;;;;;
RU000A10FDZ8;Магнит ПАО БО-005Р-06;61500;14.10.2026;1000;RUB;1000;;;;;;;;;
RU000A10FC62;ГМК Нор.никель БО-001Р-17;3000;14.10.2026;1000;CNY;1000;7,6;6,25;70,85;;;;;;
RU000A10EW51;АБЗ-1 002P-06;4000;14.10.2026;1000;RUB;1000;17,5;14,38;14,38;;;;;;
RU000A10EW44;Полюс ПБО-05;340;14.10.2026;1000;USD;1000;7,75;6,37;490,88;;;;;;
RU000A10ELF6;Мобильные Телесистемы 002Р-17;10000;14.10.2026;1000;RUB;1000;;;;;;;;;
RU000A10ELC3;СберИОС 001Р-785R 3Г BSKRUS;355,063;14.10.2026;1000;RUB;1000;0,01;0,03;0,03;;;;;;
RU000A10EFP7;Банк ВТБ (ПАО) Б-1-331;151,157;14.10.2026;1000;RUB;1000;0,01;0,02;0,02;;;;;;
RU000A10EAC6;КАМАЗ ПАО БО-П20;6500;14.10.2026;1000;RUB;1000;15,95;13,11;13,11;;;;;;
RU000A10DWP4;ЦЕНТР-К БО-01;117;14.10.2026;1000;RUB;1000;22,5;18,49;18,49;;;;;;
RU000A10DWF5;Республика Башкортостан 24017;4000;14.10.2026;1000;RUB;1000;;;;;;;;;
RU000A10DG86;ТрансКонтейнер П02-02;9500;14.10.2026;1000;RUB;1000;;;;;;;;;
RU000A10DG78;ЛК АдвансТрак 001Р-01;500;14.10.2026;1000;RUB;1000;25;20,55;20,55;;;;;;
RU000A10DDR0;МКПАО ЯНДЕКС 001Р-03;40000;14.10.2026;1000;RUB;1000;;;;;;;;;
RU000A10D3R8;СтанкоМашСтрой БО-01;250;14.10.2026;1000;RUB;1000;23,75;59,21;59,21;1;BB;;;;
RU000A10D1H3;РЖД БО 001P-46R;20000;14.10.2026;1000;RUB;1000;;;;;;;;;
RU000A10CTR8;СберИОС 001Р-760R 3Y1M ОФЗ;179,458;14.10.2026;1000;RUB;1000;0,01;0,1;0,1;;;;;;
RU000A10CSG3;МЕТАЛЛОИНВЕСТ 002P-02;100;14.10.2026;100;USD;100;6,3;0,52;40,07;;;;;;
RU000A10CSD0;МКПАО ОК РУСАЛ БО-001Р-15;1900;14.10.2026;1000;CNY;1000;7,25;5,96;67,56;;;;;;
RU000A10CSA6;БИЗНЕС АЛЬЯНС 001P-08;119,494;14.10.2026;1000;RUB;1000;22;18,08;18,08;;;;;;
RU000A10CS83;Органик парк БО-П02;100;14.10.2026;1000;RUB;1000;21,75;17,88;17,88;;;;;;
RU000A10CS75;Аэрофлот П02-БО-02;30000;14.10.2026;1000;RUB;1000;;;;;;;;;
RU000A10BZJ4;Балтийский лизинг ООО БО-П18;7500;14.10.2026;1000;RUB;1000;19;10,46;10,46;;;;;;
RU000A10BM56;АПРИ БО-002Р-10;500;14.10.2026;1000;RUB;1000;;;;;;;;;
RU000A10BG13;Ростелеком ПАО 001P-16R;15000;14.10.2026;1000;RUB;1000;17,65;14,51;14,51;;;;;;
RU000A10BG05;МегаФон ПАО БО-002Р-08;15000;14.10.2026;1000;RUB;1000;;;;;;;;;
RU000A10BFZ2;МегаФон ПАО БО-002Р-09;15000;14.10.2026;1000;RUB;1000;;;;;;;;;
RU000A10BFX7;ГК Самолет БО-П16;3000;14.10.2026;1000;RUB;1000;25,5;20,96;20,96;;;;;;
RU000A10B024;АФК Система БО 002Р-01;12000;14.10.2026;1000;RUB;1000;17,5;14,86;14,86;;;;;;
RU000A10AYH3;СберИОС 001Р-683R 5Г AC MOEX;370,767;14.10.2026;1000;RUB;1000;0,01;0,01;0,01;;;;;;
RU000A10AYB6;А Спэйс 001Р-02;150;14.10.2026;1000;RUB;1000;31;25,48;25,48;;;;;;
RU000A10AT92;СберИОС 001Р-678R 5Г BSKRUS;1599,334;14.10.2026;1000;RUB;1000;0,01;0,01;0,01;;;;;;
RU000A10AFB5;"ООО ""Мираторг Финанс"" 001Р-02";500;14.10.2026;1000;RUB;1000;;;;;;;;;
RU000A109LC8;РОЛЬФ БО 001Р-03;500;14.10.2026;1000;RUB;1000;;;;;;;;;
RU000A108ZT4;РОСЭКСИМБАНК 002P-05;15000;14.10.2026;1000;RUB;1000;;;;;;;;;
RU000A108P79;Полюс ЗО28-Д;450,832;14.10.2026;1000;USD;1000;3,25;16,25;1252,24;;;;;;
RU000A108CE5;Ю Ди Пи Авто БО-01;138,858;14.10.2026;1000;RUB;1000;18,25;15;15;;;;;;
RU000A108405;ХРОМОС Инжиниринг БО-01;500;14.10.2026;1000;RUB;1000;;;;;;;;;
RU000A1074N8;Практика ЛК 001Р-02;3000;14.10.2026;1000;RUB;160;15,7;0,93;0,93;;;;;;
RU000A1071Q7;МОТОРИКА БO-01;300;14.10.2026;1000;RUB;700;14,5;14,46;14,46;;;;;;
RU000A106T85;КОНТРОЛ лизинг 001Р-01;1000;14.10.2026;1000;RUB;656,3;16,25;7,97;7,97;;;;;;
RU000A106P89;Банк ВТБ С-1-651 (структурные);0;14.10.2026;1000;RUB;1000;0,01;0,3;0,3;;;;;;
RU000A104V00;Пионер-Лизинг БР5;400;14.10.2026;1000;RUB;1000;22,54;18,53;18,53;;;;;;
RU000A103166;Банк ВТБ (ПАО) Б-1-216;316,819;14.10.2026;1000;RUB;1000;0,01;0,05;0,05;;;;;;
RU000A101XN7;АФК Система БО 001P-14;10000;14.10.2026;1000;RUB;1000;10,5;26,18;26,18;;;;;;
RU000A0ZZ4T1;Россельхозбанк (АО) обл. 01Т1;10000;14.10.2026;1000;RUB;1000;9;44,88;44,88;;;;;;
RU000A0NR953;Сбер CIB-CO-594;23,85;14.10.2026;1000;RUB;1000;0,01;0,3;0,3;;;;;;
RU000A0NR3C3;Сбер CIB-CO-512 (структурные);0;14.10.2026;1000;RUB;1000;0,01;0,3;0,3;;;;;;
RU000A0JXPN8;Ростелеком ПАО 001P-02R;10000;14.10.2026;1000;RUB;1000;19,5;97,23;97,23;;;;;;
RU000A10FDV7;Почта России 003P-07;7000;13.10.2026;1000;RUB;1000;16,95;13,93;13,93;;;;;;
RU000A10FDT1;Полюс ПБО-08;2100;13.10.2026;1000;CNY;1000;7,65;6,29;71,3;;;;;;
RU000A10FDS3;Полюс ПБО-10;1200;13.10.2026;1000;CNY;1000;7,65;6,29;71,3;;;;;;
RU000A10EVX8;Банк ВТБ (ПАО) Б-1-398;3000;13.10.2026;1000;RUB;1000;0,01;0,02;0,02;;;;;;
RU000A10EVJ7;Газпром нефть 005Р-06R;100000;13.10.2026;1000;RUB;1000;;;;;;;;;
RU000A10EV78;Мобильные Телесистемы 002Р-19;15000;13.10.2026;1000;RUB;1000;13,85;11,38;11,38;;;;;;
RU000A10EL13;ПЭТ ПЛАСТ 001Р-02;150;13.10.2026;1000;RUB;1000;26;21,37;21,37;;;;;;
RU000A10EKZ6;Р-Вижн 001Р-03;500;13.10.2026;1000;RUB;1000;15,25;12,53;12,53;;;;;;
RU000A10EKY9;ЭкоНива 001P-02;6000;13.10.2026;1000;RUB;1000;;;;;;;;;
RU000A10EKX1;ЭнергоТехСервис 001Р-09;1000;13.10.2026;1000;RUB;1000;18;14,79;14,79;;;;;;
RU000A10DTW6;Пионер-Лизинг БО8;200;13.10.2026;1000;RUB;1000;28,5;23,42;23,42;;;;;;
RU000A10DTU0;ГЛАВСНАБ БО-02;106,767;13.10.2026;1000;RUB;1000;26,55;21,82;21,82;;;;;;
RU000A10DTT2;Совкомбанк Лизинг БО-П18;2000;13.10.2026;1000;RUB;1000;;;;;;;;;
RU000A10DTS4;Совкомбанк Лизинг БО-П17;5000;13.10.2026;1000;RUB;1000;16;13,15;13,15;;;;;;
RU000A10DTQ8;МИРРИКО БО-П06;145,756;13.10.2026;1000;RUB;1000;22,5;18,49;18,49;;;;;;
RU000A10DTP0;ПИР БО-05-001P;190;13.10.2026;1000;RUB;1000;27;22,19;22,19;;;;;;
RU000A10DMS9;Деп Финансов ЯНАО 34005;36000;13.10.2026;1000;RUB;1000;;;;;;;;;
RU000A10DFN4;Мобильные ТелеСистемы 002Р-14;17000;13.10.2026;1000;RUB;1000;;;;;;;;;
RU000A10CG79;МСП Банк 003P-02;5000;13.10.2026;1000;RUB;1000;;;;;;;;;
RU000A10C2R1;Виллина 001P-02;70;13.10.2026;1000;RUB;1000;;;;;;;;;
RU000A10BU31;КАМАЗ ПАО БО-П15;11000;13.10.2026;1000;RUB;1000;18;14,79;14,79;;;;;;
RU000A10BU23;ГМК Нор.никель БО-001Р-11-CNY;3000;13.10.2026;1000;CNY;1000;7;5,75;65,18;;;;;;
RU000A10BU07;Полипласт АО П02-БО-06;17;13.10.2026;100;USD;100;12,95;1,06;81,68;;;;;;
RU000A10BFP3;МВ ФИНАНС 001Р-06;2000;13.10.2026;1000;RUB;1000;26;21,37;21,37;;;;;;
RU000A10BF48;МКПАО ЯНДЕКС 001Р-01;40000;13.10.2026;1000;RUB;1000;;;;;;;;;
RU000A10A4S7;ФосАгро БО-02-01;30371,791;13.10.2026;1000;RUB;1000;;;;;;;;;
RU000A10A4N8;Интерлизинг 001Р-10;4500;13.10.2026;1000;RUB;680;;;;;;;;;
RU000A10A414;Первое кол.бюро НАО 001Р-06;1000;13.10.2026;1000;RUB;1000;;;;;;;;;
RU000A109UE5;Автоассистанс 001-01;16,546;13.10.2026;1000;RUB;1000;23;18,9;18,9;;;;;;
RU000A109UD7;Атомэнергопром АО 001Р-03;20000;13.10.2026;1000;RUB;1000;;;;;;;;;
RU000A109SM2;Байсэл 001P-02;30,999;13.10.2026;1000;RUB;1000;15;37,4;37,4;;;;;;
RU000A109L49;АЛРОСА 001Р-01;45000;13.10.2026;1000;RUB;1000;;;;;;;;;
RU000A1098H9;С-ПРИНТ 001Р-02;150;13.10.2026;1000;RUB;1000;5,9;9,86;9,86;;;;;;
RU000A1093L2;ВЭБ.РФ ПБО-002Р-46;45000;13.10.2026;1000;RUB;1000;;;;;;;;;
RU000A1092S9;Элемент Лизинг БО 001P-09;2000;13.10.2026;1000;RUB;362,9;18,5;4,25;4,25;;;;;;
RU000A108TU5;Джи-групп 002P-04;3000;13.10.2026;1000;RUB;1000;;;;;;;;;
RU000A108C74;РЕСО-Лизинг ООО БО-П-25;5000;13.10.2026;1000;RUB;1000;15,5;12,74;12,74;;;;;;
RU000A108C58;Элемент Лизинг БО 001P-08;3000;13.10.2026;1000;RUB;279,8;16;2,59;2,59;;;;;;
RU000A1085A1;СИНАРА-Капитал БО-01;1000;13.10.2026;1000;RUB;1000;15,2;12,49;12,49;;;;;;
RU000A107HG1;Газпром нефть БО 003P-08R;12000;13.10.2026;1000;RUB;1000;;;;;;;;;
RU000A1079G1;Мани Капитал 001P-02;150;13.10.2026;1000;RUB;1000;15;4,93;4,93;;;;;;
RU000A104VD6;СФО Спутник Фин 01;440;13.10.2026;1000;RUB;1;10;;;;;;;;
RU000A104DS2;Банк ВТБ (ПАО) Б-1-306;47,347;13.10.2026;1000;RUB;1000;0,01;0,05;0,05;;;;;;
RU000A103WB0;Славянск ЭКО 001Р-01;3000;13.10.2026;1000;RUB;1000;11;27,42;27,42;;;;;;
RU000A102A15;Санкт-Петербург обл. 35003;30000;13.10.2026;1000;RUB;500;6,05;15,08;15,08;;;;;;
RU000A102952;ВИС ФИНАНС БО-П01;2500;13.10.2026;1000;RUB;1000;10;24,93;24,93;;;;;;
RU000A1028T1;ФСК Россети ПАО БО 001P-02R;10000;13.10.2026;1000;RUB;1000;6,6;16,45;16,45;;;;;;
RU000A100ME1;АРАГОН ООО БО-П02;300;13.10.2026;1000;RUB;1000;;;;;;;;;
RU000A0JXPG2;ГосТранспортЛизингКомп 001P-04;10000;13.10.2026;1000;RUB;1000;16;39,89;39,89;;;;;;
RU000A10F6J6;Кеарли Групп 001Р-02;120;12.10.2026;1000;RUB;1000;25;20,55;20,55;;;;;;
RU000A10F6H0;ПИР БО-06-001P;272,721;12.10.2026;1000;RUB;1000;25,5;20,96;20,96;;;;;;
RU000A10F6G2;Первое кол.бюро НАО 001Р-11;1800;12.10.2026;1000;RUB;1000;;;;;;;;;
RU000A10F6F4;Автодор ГК БО-004Р-08;10200;12.10.2026;1000;RUB;1000;14,9;12,25;12,25;;;;;;
RU000A10EV60;Интел Коллект БО-02;1000;12.10.2026;1000;RUB;1000;23,25;19,11;19,11;;;;;;
RU000A10EV52;ПКО СЗА БО-07;100;12.10.2026;1000;RUB;1000;25,5;20,96;20,96;;;;;;
RU000A10EK71;Борец Капитал 001Р-05;2500;12.10.2026;1000;RUB;1000;18,5;15,21;15,21;;;;;;
RU000A10EK63;АБ РОССИЯ 001P-02;17000;12.10.2026;1000;RUB;1000;;;;;;;;;
RU000A10EK06;Сэтл-Групп ООО БО 002P-07;5500;12.10.2026;1000;RUB;1000;16,5;13,56;13,56;;;;;;
RU000A10EJZ8;ЭкоНива 001P-01;9000;12.10.2026;1000;RUB;1000;16,75;13,77;13,77;;;;;;
RU000A10DTG9;ВТБ Лизинг 001Р-МБ-04;3000;12.10.2026;1000;RUB;840;16,5;10,31;10,31;;;;;;
RU000A10DTF1;Селигдар 001Р-08;5500;12.10.2026;1000;RUB;1000;18;14,79;14,79;;;;;;
RU000A10DTB0;ЭЛТЕРА БО-01;150;12.10.2026;1000;RUB;1000;21;17,26;17,26;;;;;;
RU000A10DTA2;Селигдар 001Р-9;2500;12.10.2026;1000;RUB;1000;;;;;;;;;
RU000A10DS74;Сбербанк ПАО 001Р-SBER51;100000;12.10.2026;1000;RUB;1000;14,85;12,21;12,21;;;;;;
RU000A10DS66;АЛЬФА-БАНК Б2Р30;1184,12;12.10.2026;1000;RUB;1000;14,5;11,92;11,92;;;;;;
RU000A10DR26;АЛЬФА-Б С-1-865 структурные;0;12.10.2026;1000;RUB;1000;0,01;0,07;0,07;;;;;;
RU000A10D4F1;Россети ПАО БО 001P-18R;23500;12.10.2026;1000;RUB;1000;;;;;;;;;
RU000A10D4E4;Векус БО-01;300;12.10.2026;1000;RUB;1000;27;22,19;22,19;;;;;;
RU000A10D3U2;АЛЬФА-БАНК Б1Р30;20,989;12.10.2026;1000;RUB;1000;0,01;0,1;0,1;;;;;;
RU000A10CRJ9;Центр-резерв БО-05;150;12.10.2026;1000;RUB;1000;25;20,55;20,55;;;;;;
RU000A10CRG5;Феррум БП2;250;12.10.2026;1000;RUB;1000;23;18,9;18,9;;;;;;
RU000A10C2E9;Аэрофьюэлз 002Р-05;2500;12.10.2026;1000;RUB;1000;19,75;49,24;49,24;1;A;1051,93;Fn;;цена падает
RU000A10BTU4;ГМК Нор.никель БО-001Р-12;500;12.10.2026;100;USD;100;;;;;;;;;
RU000A10BTT6;УЛК 001Р-01;1000;12.10.2026;1000;RUB;1000;24,5;20,14;20,14;;;;;;
RU000A10BTQ2;Транспортная ЛК 001P-03;200;12.10.2026;1000;RUB;1000;23,5;16,9;16,9;;;;;;
RU000A10BN14;АЛЬФА-Б С-1-702 структурные;0;12.10.2026;1000;RUB;1000;0,01;0,1;0,1;;;;;;
RU000A10BLP1;Регион-Продукт БО-01;70;12.10.2026;1000;RUB;1000;31;25,48;25,48;;;;;;
RU000A10B4L1;ДЕВАР ПЕТРО 001Р-01;150;12.10.2026;1000;RUB;1000;29,5;24,25;24,25;;;;;;
RU000A10B4K3;ГМК Нор.никель БО-001Р-08;1000;12.10.2026;100;USD;100;7,75;0,64;49,32;;;;;;
RU000A10B4J5;Полипласт АО П02-БО-03;58;12.10.2026;100;USD;100;13,7;1,13;87,08;;;;;;
RU000A10B3Q2;Биннофарм Групп 001Р-05;6000;12.10.2026;1000;RUB;1000;;;;;;;;;
RU000A10B2X0;Синара Транспортные Машины 1P5;5000;12.10.2026;1000;RUB;1000;;;;;;;;;
RU000A10AXW4;СИБУР Холдинг 001Р-03;600;12.10.2026;100;USD;100;9,6;0,79;60,88;;;;;;
RU000A10A4C1;ЭНЕРГОНИКА 001Р-05;300;12.10.2026;1000;RUB;800;28;18,41;18,41;;;;;;
RU000A109U06;ДельтаЛизинг 001Р-01;1000;12.10.2026;1000;RUB;730;24,34;13,7;13,7;;;;;;
RU000A109TW9;ГМК Нор.никель БО-10;100000;12.10.2026;1000;RUB;1000;;;;;;;;;
RU000A1099V8;Совкомбанк Лизинг БО-П07;4804,71;12.10.2026;1000;RUB;780;;;;;;;;;
RU000A1092T7;Омега БО-01;470,228;12.10.2026;1000;RUB;1000;;;;;;;;;
RU000A108P46;Балтийский лизинг ООО БО-П11;6000;12.10.2026;1000;RUB;1000;;;;;;;;;
RU000A108C17;ПИР БО-02-001P;43,052;12.10.2026;1000;RUB;1000;24,5;20,14;20,14;;;;;;
RU000A108BX7;Татнефтехим 001-P-02;300;12.10.2026;1000;RUB;1000;20,5;33,7;33,7;;;;;;
RU000A1083A6;ГМК Нор.никель БО-001Р-07;100000;12.10.2026;1000;RUB;1000;;;;;;;;;
RU000A107P47;Центр-резерв БО-03;200;12.10.2026;1000;RUB;750;19;10,93;10,93;;;;;;
RU000A107NJ3;Лизинг-Трейд 001P-11;200;12.10.2026;1000;RUB;1000;16;13,15;13,15;;;;;;
RU000A107CD9;Балтийский лизинг ООО БО-П09;3000;12.10.2026;1000;RUB;250;15,9;2,29;2,29;;;;;;
RU000A106K27;Группа компаний Медси 001P-03;3000;12.10.2026;1000;RUB;1000;16,5;41,14;41,14;1;;;Tn;;
RU000A106B51;МФК Быстроденьги 002Р-02;300;12.10.2026;1000;RUB;800;16;5,26;5,26;;;;;;
RU000A105SK4;ЛК Роделен БО 001Р-04;250;12.10.2026;1000;RUB;633,7;20;8,77;8,77;;;;;;
RU000A104XE0;Лизинг-Трейд 001P-04;100;12.10.2026;1000;RUB;1000;15;12,33;12,33;;;;;;
RU000A0ZZ4P9;РЖД БО 001Р-06R;15000;12.10.2026;1000;RUB;1000;18,5;92,25;92,25;;;;;;
RU000A10F5F6;Пионер-Лизинг БО9;250;11.10.2026;1000;RUB;1000;26,5;21,78;21,78;;;;;;
RU000A10ETT0;Промсвязьбанк 004P-04;15000;11.10.2026;1000;RUB;1000;;;;;;;;;
RU000A10ETQ6;Промсвязьбанк 004P-02;40000;11.10.2026;1000;RUB;1000;14,05;11,55;11,55;;;;;;
RU000A10ETM5;ЭнергоТехСервис 001Р-10;1007,2;11.10.2026;1000;RUB;1000;;;;;;;;;
RU000A10ETL7;Ростелеком ПАО 001P-25R;15000;11.10.2026;1000;RUB;1000;13,65;11,22;11,22;;;;;;
RU000A10EA32;Почта России 003P-04;2300;11.10.2026;1000;RUB;1000;;;;;;;;;
RU000A10EA16;Почта России 003P-03;8700;11.10.2026;1000;RUB;1000;17,75;14,59;14,59;;;;;;
RU000A10EA08;Софтлайн 002Р-02;6600;11.10.2026;1000;RUB;1000;19,5;16,03;16,03;;;;;;
RU000A10E9Z7;МКАО Воксис 001Р-02;500;11.10.2026;1000;RUB;1000;20;16,44;16,44;;;;;;
RU000A10E9Y0;Газпром капитал ООО БО-003Р-18;250;11.10.2026;1000;USD;1000;7,5;6,16;474,7;;;;;;
RU000A10E9V6;ПЕРВОУРАЛЬСКБАНК 001Р-02;300;11.10.2026;1000;RUB;1000;21;16,15;16,15;;;;;;
RU000A10E804;Первое кол.бюро НАО 001Р-09;1250;11.10.2026;1000;RUB;1000;;;;;;;;;
RU000A10DT08;Газпром капитал ООО БО-003Р-20;3000;11.10.2026;1000;CNY;1000;7,4;6,08;68,92;;;;;;
RU000A10DSY4;Совко Капитал 001Р-01;10000;11.10.2026;1000;RUB;1000;19;15,62;15,62;;;;;;
RU000A10D483;Газпром нефть 005P-01R;210;11.10.2026;1000;USD;1000;7,5;6,16;474,7;;;;;;
RU000A10D459;Мобильные ТелеСистемы 002P-13;20000;11.10.2026;1000;RUB;1000;;;;;;;;;
RU000A10CRD2;ГМК Нор.никель БО-001Р-15;9000;11.10.2026;1000;CNY;1000;7,5;6,16;69,83;;;;;;
RU000A10CRC4;ГМК Нор.никель БО-001Р-14;850;11.10.2026;100;USD;100;6,4;0,53;40,84;;;;;;
RU000A10CRB6;Кокс ПАО 001P-06;800;11.10.2026;1000;RUB;1000;20,5;16,85;16,85;;;;;;
RU000A10CRA8;Гланит БО-01;7000;11.10.2026;1000;RUB;1000;;;;;;;;;
RU000A10CR92;КВАЗАРЛ-01;100;11.10.2026;1000;RUB;749,98;25;13,7;13,7;;;;;;
RU000A10C3P3;МИРРИКО БО-П04;55,118;11.10.2026;1000;RUB;1000;;;;;;;;;
RU000A10C3N8;МИРРИКО БО-П03;509,111;11.10.2026;1000;RUB;1000;22,5;18,49;18,49;;;;;;
RU000A10BTC2;Ростелеком ПАО 001P-18R;15000;11.10.2026;1000;RUB;1000;;;;;;;;;
RU000A10BTA6;РЖД БО 001P-43R;40000;11.10.2026;1000;RUB;1000;15,9;13,07;13,07;;;;;;
RU000A10B4F3;АгроЗерноЮгUSD 001Р-01;2;11.10.2026;10;USD;10;15;0,12;9,25;;;;;;
RU000A10B4D8;МЕТАЛЛОИНВЕСТ 001P-13;30000;11.10.2026;1000;RUB;1000;;;;;;;;;
RU000A10B4A4;Интерлизинг 001Р-11;4500;11.10.2026;1000;RUB;892;24;16;16;;;;;;
RU000A10B461;НСКАТД БО-03;1700;11.10.2026;1000;RUB;1000;26;21,37;21,37;;;;;;
RU000A10AEG7;Полипласт АО П02-БО-01;1000;11.10.2026;1000;RUB;1000;;;;;;;;;
RU000A10A6J1;Адм. г.Томск 34009;1200;11.10.2026;1000;RUB;500;26;6,62;6,62;;;;;;
RU000A10A3Z4;ГТЛК БО 002P-04;10000;11.10.2026;1000;RUB;1000;25;20,55;20,55;;;;;;
RU000A1099P0;МФК Быстроденьги 002Р-07;124,579;11.10.2026;1000;RUB;1000;;;;;;;;;
RU000A108BN8;Газпром капитал БО-003Р-01;20000;11.10.2026;1000;RUB;1000;;;;;;;;;
RU000A1086N2;КОНТРОЛ лизинг 001Р-02;1000;11.10.2026;1000;RUB;808,2;18,25;11,37;11,37;;;;;;
RU000A107GU4;МФК Быстроденьги 002Р-04;366,644;11.10.2026;1000;RUB;1000;22,5;18,49;18,49;;;;;;
RU000A107GT6;СЕЛЛ-Сервис БО-01;250;11.10.2026;1000;RUB;1000;24;18,25;18,25;;;;;;
RU000A106SE5;Фордевинд 04;300;11.10.2026;1000;RUB;1000;17;11,65;11,65;;;;;;
RU000A106AU9;Ультра БО-01;250;11.10.2026;1000;RUB;520;20;7,23;7,23;;;;;;
RU000A10F595;Транспортная ЛК 001P-05;250;10.10.2026;1000;RUB;1000;26;21,37;21,37;;;;;;
RU000A10ET56;Россети Сибирь 001Р-01;5000;10.10.2026;1000;RUB;1000;;;;;;;;;
RU000A10E9M5;Защита онлайн БО-02;200;10.10.2026;1000;RUB;1000;26;21,37;21,37;;;;;;
RU000A10E721;Росагролизинг 002P-06;10000;10.10.2026;1000;RUB;1000;;;;;;;;;
RU000A10DEQ0;Полипласт АО П02-БО-12;10;10.10.2026;100;USD;100;12,5;1,03;79,37;;;7725,99;Tn;;
RU000A10DEM9;СтройДорСервис БО-01;300;10.10.2026;1000;RUB;1000;20,5;16,85;16,85;;;;;;
RU000A10D3X6;Селигдар 001Р-07;4800;10.10.2026;1000;RUB;1000;;;;;;;;;
RU000A10D3T4;ПКО СЗА БО-04;100;10.10.2026;1000;RUB;1000;24,5;20,14;20,14;;;;;;
RU000A10D3S6;Селигдар 001Р-06;2700;10.10.2026;1000;RUB;1000;18,5;15,21;15,21;;;;;;
RU000A10D3P2;Южноуральский ЛЦ 001Р-01;208,151;10.10.2026;1000;RUB;1000;24;19,73;19,73;;;;;;
RU000A10D3G1;Гельтек-Медика БО-01;500;10.10.2026;1000;RUB;1000;22;18,08;18,08;;;;;;
RU000A10CR50;ГТЛК БО 002P-10;30000;10.10.2026;1000;RUB;1000;;;;;;;;;
RU000A10C3B3;МФК Быстроденьги 003Р-01;400;10.10.2026;1000;RUB;1000;27;22,19;22,19;;;;;;
RU000A10BT34;Россети ПАО БО 001P-17R;15000;10.10.2026;1000;RUB;1000;16;13,15;13,15;;;;;;
RU000A10BT00;СОБИ-ЛИЗИНГ 001Р-06;76,737;10.10.2026;1000;RUB;730;;;;;;;;;
RU000A10BFM0;Газпром капитал БО-003Р-13;350;10.10.2026;1000;USD;1000;7,65;6,29;484,71;;;;;;
RU000A10BFL2;Новые технологии 001Р-06;1000;10.10.2026;1000;RUB;1000;;;;;;;;;
RU000A10BFK4;Новые технологии 001Р-05;400;10.10.2026;1000;RUB;1000;23,25;19,11;19,11;;;;;;
RU000A10BFJ6;Полипласт АО П02-БО-04;2250;10.10.2026;1000;RUB;1000;25,5;20,96;20,96;;;;;;
RU000A10B313;Брусника 002Р-05;3000;10.10.2026;1000;RUB;1000;;;;;;;;;
RU000A10AEF9;"ПАО ""ТГК-14"" 001Р-03";150;10.10.2026;1000;RUB;1000;26,5;21,78;21,78;;;;;;
RU000A10AEE2;"ПАО ""ТГК-14"" 001Р-04";150;10.10.2026;1000;RUB;1000;;;;;;;;;
RU000A10AEB8;РусГидро БО-002Р-05;20500;10.10.2026;1000;RUB;1000;;;;;;;;;
RU000A109KW8;Нижнекамскнефтехим об. 001Р-03;7500;10.10.2026;1000;RUB;1000;;;;;;;;;
RU000A109KV0;МСП Банк 001P-02;7500;10.10.2026;1000;RUB;1000;;;;;;;;;
RU000A1090H6;Пионер-Лизинг БО6;400;10.10.2026;1000;RUB;1000;21,59;17,75;17,75;;;;;;
RU000A108GM9;БИЗНЕС АЛЬЯНС 001P-05;38,163;10.10.2026;1000;RUB;1000;17;13,97;13,97;;;;;;
RU000A108777;Балтийский лизинг ООО БО-П10;8000;10.10.2026;1000;RUB;1000;;;;;;;;;
RU000A107GJ7;ВсеИнструменты.ру 001Р-01;4000;10.10.2026;1000;RUB;1000;;;;;;;;;
RU000A106Y88;МФК ВЭББАНКИР 04;350;10.10.2026;1000;RUB;750,1;15;6,17;6,17;;;;;;
RU000A0ZZ2W9;Ситиматик АО БО-02;1750;10.10.2026;1000;RUB;1000;21;210;210;;;;;;
RU000A0JWU23;ООО Трансп.Концесс.Комп. кл.Б;2013,083;10.10.2026;1000;RUB;1000;19,69;196,9;196,9;;;;;;
RU000A10EJR5;Арлифт 001Р-01;700;09.10.2026;1000;RUB;1000;23,5;19,32;19,32;;;;;;
RU000A10EJ90;Сбербанк ПАО 001Р-SBER54;9000;09.10.2026;1000;RUB;1000;14,2;11,67;11,67;;;;;;
RU000A10EF52;Сбербанк ПАО 001Р-SBER52;71000;09.10.2026;1000;RUB;1000;14,2;11,67;11,67;;;;;;
RU000A10E8P0;РЖД БО 001P-51R;4000;09.10.2026;1000;CNY;1000;7,6;6,25;70,85;;;;;;
RU000A10E8N5;Мобильные ТелеСистемы 002Р-16;20000;09.10.2026;1000;RUB;1000;;;;;;;;;
RU000A10DBP8;АЛЬФА-БАНК T2-CR-04;10000;09.10.2026;100000000;RUB;100000000;;;;;;;;;
RU000A10D3K3;Почта России 003P-02;3930;09.10.2026;1000;RUB;1000;;;;;;;;;
RU000A10D3J5;Почта России 003P-01;4770;09.10.2026;1000;RUB;1000;17,2;14,14;14,14;;;;;;
RU000A10D3C0;РусГидро БО-002Р-08;30000;09.10.2026;1000;RUB;1000;15,45;12,7;12,7;;;;;;
RU000A10D3B2;РусГидро БО-002Р-09;5000;09.10.2026;1000;RUB;1000;;;;;;;;;
RU000A10D3A4;Элемент Лизинг БО 001P-10;1500;09.10.2026;1000;RUB;903,4;;;;;;;;;
RU000A10CFH8;МОНОПОЛИЯ 001P-07;1375;09.10.2026;1000;RUB;1000;23;18,9;18,9;;;;;;
RU000A10B3Z3;ЕвразХолдинг Финанс 003P-03;450;09.10.2026;100;USD;100;9,5;0,78;60,11;;;;;;
RU000A10B271;Банк ВТБ (ПАО) Б-1-374;100000;09.10.2026;1000;RUB;1000;;;;;;;;;
RU000A10AHN6;Совкомбанк Факторинг 002P-01;20000;09.10.2026;1000;RUB;1000;;;;;;;;;
RU000A10AHM8;Совкомбанк Лизинг БО-П08;5000;09.10.2026;1000;RUB;1000;;;;;;;;;
RU000A10ADJ3;ЭнергоТехСервис 001Р-06;1000;09.10.2026;1000;RUB;700;;;;;;;;;
RU000A10ADH7;Нафтатранс плюс ООО БО-06;250;09.10.2026;1000;RUB;1000;30;22,19;22,19;;;;;;
RU000A10ADD6;НСКАТД БО-02;500;09.10.2026;1000;RUB;1000;29;23,84;23,84;;;;;;
RU000A10ACF3;ВЭБ.РФ ПБО-002Р-48;100000;09.10.2026;1000;RUB;1000;;;;;;;;;
RU000A10ABH1;Банк ВТБ (ПАО) Б-1-373;100000;09.10.2026;1000;RUB;1000;;;;;;;;;
RU000A10A6N3;СберИОС 001Р-662R 5Г AC IMOEX;120,655;09.10.2026;1000;RUB;1000;0,01;0,01;0,01;;;;;;
RU000A10A3C3;Брусника 002Р-03;3425;09.10.2026;1000;RUB;1000;;;;;;;;;
RU000A109KG1;Нэппи Клаб БО-01;150;09.10.2026;1000;RUB;1000;25,25;20,75;20,75;;;;;;
RU000A1099E4;Мособлэнерго 001Р-01;3500;09.10.2026;1000;RUB;1000;;;;;;;;;
RU000A1099A2;НоваБев Групп 002P БО-П07;4000;09.10.2026;1000;RUB;1000;;;;;;;;;
RU000A108B83;ОилРесурс БО-01;1000;09.10.2026;1000;RUB;1000;17;13,97;13,97;;;;;;
RU000A1089L0;ООО АСВ БО-02-001P;350;09.10.2026;1000;RUB;680;20;25,93;25,93;;;;;;
RU000A1089K2;МКПАО ОК РУСАЛ БО-001P-07;900;09.10.2026;1000;CNY;1000;7,9;19,7;223,32;1;A+;11549,95;Tn;;
RU000A1087C3;ГПБ (АО) БО 003Р-06CNY;36,882;09.10.2026;100;CNY;100;5;2,51;28,45;;;;;;
RU000A107W97;СберИОС 001Р-610R 5Г AC MOEXMM;620,247;09.10.2026;1000;RUB;1000;0,01;0,01;0,01;;;;;;
RU000A107U65;МФК ВЭББАНКИР 05;150;09.10.2026;1000;RUB;1000;16;12,06;12,06;;;;;;
RU000A1074S7;СберИОС 001Р-591R 5Г AC MOEXOG;520,483;09.10.2026;1000;RUB;1000;0,01;0,01;0,01;;;;;;
RU000A1070L0;ЯТЭК 001Р-03;6000;09.10.2026;1000;RUB;1000;15,35;38,27;38,27;;;;;;
RU000A107001;МаэстроБ1Р01;3000;09.10.2026;1000;RUB;1000;14;140;140;;;;;;
RU000A103TN1;СберИОС 001Р-418R 5Г SPX;79,021;09.10.2026;1000;RUB;1000;0,01;0,1;0,1;;;;;;
RU000A103TL5;СберИОС 001Р-409R 5Г IMOEX;132,889;09.10.2026;1000;RUB;1000;0,01;0,1;0,1;;;;;;
RU000A1009Z8;О'КЕЙ ООО БО 001Р-02;5000;09.10.2026;1000;RUB;1000;10;24,93;24,93;;;;;;
RU000A0ZYNY4;ГосТранспортЛизингКомп 001P-07;10000;09.10.2026;1000;RUB;1000;11,7;29,17;29,17;;;;;;
RU000A0ZYBM4;Альфа-Банк АО обл. БО-21;5000;09.10.2026;1000;RUB;1000;13,05;65,43;65,43;;;;;;
RU000A0JWWM8;ТрансФин-М ПАО 001P-01;0,002;09.10.2026;1000;RUB;1000;15;74,79;74,79;;;;;;
RU000A10FD46;Ред Софт БО 002Р-06;450;08.10.2026;1000;RUB;1000;16,75;13,77;13,77;;;;;;
RU000A10FD04;Сибирское Стекло БО-04;250;08.10.2026;1000;RUB;1000;25,5;20,96;20,96;;;;;;
RU000A10EJA1;Газпром нефть 005P-05R;50000;08.10.2026;1000;RUB;1000;;;;;;;;;
RU000A10EEE4;Балтийский лизинг ООО БО-П24;2200;08.10.2026;1000;RUB;1000;18;14,79;14,79;;;;;;
RU000A10E7U2;ПКФ 001Р-01;300;08.10.2026;1000;RUB;1000;26,5;21,78;21,78;;;;;;
RU000A10DSM9;ПГК 003Р-03;8650;08.10.2026;1000;RUB;1000;;;;;;;;;
RU000A10DSL1;ПГК 003Р-02;23200;08.10.2026;1000;RUB;1000;15,95;13,11;13,11;;;;;;
RU000A10DQK7;АБЗ-1 002P-05;2500;08.10.2026;1000;RUB;1000;;;;;;;;;
RU000A10DDU4;Магнит ПАО БО-005Р-04;20000;08.10.2026;1000;RUB;1000;;;;;;;;;
RU000A10D319;Уралкуз 001Р-02;30,74;08.10.2026;100;CNY;100;13;1,07;12,13;;;;;;
RU000A10D301;ЭН+ГИДРО 001РС-08;1000;08.10.2026;1000;CNY;1000;7,8;6,41;72,66;1;AA-;;;;
RU000A10D2Y6;Уральская Сталь БО-001Р-06;2388,018;08.10.2026;1000;RUB;1000;20,5;16,85;16,85;;;;;;
RU000A10CDZ5;РЖД БО 001P-45R;30000;08.10.2026;1000;RUB;1000;13,85;11,38;11,38;;;;;;
RU000A10CC99;Межд.Банк Эк.Сотруд. 002P-04;6000;08.10.2026;1000;RUB;1000;14,65;12,04;12,04;;;;;;
RU000A10C6C4;ГПБ Финанс 001Р-04Р;10000;08.10.2026;1000;RUB;1000;;;;;;;;;
RU000A10C329;iПРОМОМЕД ДМ 002P-02;5000;08.10.2026;1000;RUB;1000;;;;;;;;;
RU000A10C2L4;Сэтл-Групп ООО БО 002P-06;5000;08.10.2026;1000;RUB;1000;19,5;16,03;16,03;;;;;;
RU000A10BPV0;Совкомбанк Лизинг БО-П10;10000;08.10.2026;1000;RUB;1000;;;;;;;;;
RU000A10BLG0;Интерскол КЛС БО-001Р-01;39,5;08.10.2026;100;CNY;95,83;17;1,16;13,15;;;;;;
RU000A10B578;АЛЬФА-Б C-1-622 (структурные);0;08.10.2026;1000;RUB;1000;0,01;0,15;0,15;;;;;;
RU000A10B3C2;ВЭБ.РФ ПБО-002Р-49;100000;08.10.2026;1000;RUB;1000;;;;;;;;;
RU000A10B3A6;Атомэнергопром АО 001Р-04;20000;08.10.2026;1000;RUB;1000;;;;;;;;;
RU000A10AMY3;ЛКХ-01;50;08.10.2026;1000;RUB;1000;31;25,48;25,48;;;;;;
RU000A10AC91;Республика Башкортостан 34014;10500;08.10.2026;1000;RUB;750;23,75;14,64;14,64;;;;;;
RU000A109TG2;Каршеринг Руссия 001P-04;3314,597;08.10.2026;1000;RUB;1000;;;;;;;;;
RU000A109L72;Республика Саха (Якутия) 35016;6800;08.10.2026;1000;RUB;800;;;;;;;;;
RU000A109K65;Газпром капитал БО-003Р-04;20000;08.10.2026;1000;RUB;1000;;;;;;;;;
RU000A108G05;ЕвразХолдинг Финанс 003P-01;40000;08.10.2026;1000;RUB;1000;;;;;;;;;
RU000A108991;ГК Сегежа 003P-04R;10000;08.10.2026;1000;RUB;1000;;;;;;;;;
RU000A1087F6;Минфин Ульяновской обл. 34008;3000;08.10.2026;1000;RUB;1000;16;39,89;39,89;;;;;;
RU000A108421;СберИОС 001Р-616R 5Г AC RTKM;214,355;08.10.2026;1000;RUB;1000;0,01;0,01;0,01;;;;;;
RU000A108413;СберИОС 001Р-615R 5Г AC TCSG;898,986;08.10.2026;1000;RUB;1000;0,01;0,01;0,01;;;;;;
RU000A1082X0;Группа ЛСР ПАО БО 001Р-09;3000;08.10.2026;1000;RUB;1000;14,75;12,12;12,12;;;;;;
RU000A1082W2;Новые технологии БO-03;661,752;08.10.2026;1000;RUB;1000;18,1;14,88;14,88;;;;;;
RU000A107985;СберИОС 001Р-595R 5Г AC MOEXFN;1684,274;08.10.2026;1000;RUB;1000;0,01;0,01;0,01;;;;;;
RU000A1078X8;ДиректЛизинг БО 002Р-02;300;08.10.2026;1000;RUB;482,3;;;;;;;;;
RU000A1074F4;Мани Капитал 001P-01;150;08.10.2026;1000;RUB;1000;15;12,33;12,33;;;;;;
RU000A107217;АРЕНЗА-ПРО 001P-03;300;08.10.2026;1000;RUB;1000;20;16,99;16,99;;;;;;
RU000A106XD7;Селигдар GOLD02;6786,713;08.10.2026;5878,39;RUB;9786,3;5,5;134,19;134,19;1;AA-;9624,31;;;Tn
RU000A106U33;Банк ВТБ (ПАО) Б-1-338;120,999;08.10.2026;1000;RUB;1000;0,01;;;;;;;;
RU000A103TS0;ТЕХНО Лизинг 001P-05;423,874;08.10.2026;1000;RUB;850;11,5;7,56;7,56;;;;;;
RU000A103Q40;Сбер CIB-CO-77 (структурные);0;08.10.2026;1000;RUB;1000;0,01;0,5;0,5;;;;;;
RU000A101UW4;СФО Социального развия 02;1798,53;08.10.2026;1000;RUB;153,12;16,31;4,17;4,17;;;;;;
RU000A101UU8;СФО Социального развия 01;3216,086;08.10.2026;1000;RUB;153,12;10,21;2,61;2,61;;;;;;
RU000A100WF7;Новосибирск 35010;5000;08.10.2026;1000;RUB;300;7,3;5,7;5,7;;;;;;
RU000A0NW1E6;Сбер CIB-CO-633;225,399;08.10.2026;1000;RUB;1000;0,01;0,3;0,3;;;;;;
XS2010043656;SovCom Capital D.A.C. 07/04/30;300;07.10.2026;1000;USD;1000;2;40;3082,44;;;;;;
RU000A0JV4P3;ОФЗ-ПК 29008 03/10/29;190287,001;07.10.2026;1000;RUB;1000;17,18;85,66;85,66;;;;;;
RU000A108EG6;ОФЗ-ПД 26245 26/09/35;1250000;07.10.2026;1000;RUB;1000;12;59,84;59,84;;;;;;
RU000A1014N4;ОФЗ-ПД 26232 06/10/27;447933,708;07.10.2026;1000;RUB;1000;6;29,92;29,92;;;;;;
RU000A0ZZYW2;ОФЗ-ПД 26226 07/10/26;367210,831;07.10.2026;1000;RUB;1000;7,95;39,64;39,64;;;;;;
RU000A10EST2;Эталон-Финанс 002Р-05;4500;07.10.2026;1000;RUB;1000;20;16,44;16,44;;;;;;
RU000A10ESN5;ПКО Вернём 1Р2;150;07.10.2026;1000;RUB;1000;25,5;20,96;20,96;;;;;;
RU000A10ESM7;Мобильные Телесистемы 002Р-18;15000;07.10.2026;1000;RUB;1000;13,9;11,42;11,42;;;;;;
RU000A10EHJ6;ГК Пионер БО 002P-03;4600;07.10.2026;1000;RUB;1000;;;;;;;;;
RU000A10EHC1;ГИДРОМАШСЕРВИС АО 002Р-01;4000;07.10.2026;1000;RUB;1000;;;;;;;;;
RU000A10EHB3;МФК Лайм-Займ 06;2000;07.10.2026;1000;RUB;1000;23,5;19,32;19,32;;;;;;
RU000A10E7W8;МЕТАЛЛОИНВЕСТ 002P-04;75000;07.10.2026;1000;RUB;1000;;;;;;;;;
RU000A10DRZ3;СОЛИД СпецАвтоТехЛизинг 02;250;07.10.2026;1000;RUB;1000;26;21,37;21,37;;;;;;
RU000A10DRX8;ЗООПТ БО-01;200;07.10.2026;1000;RUB;1000;24;19,73;19,73;;;;;;
RU000A10DDH1;ЭН ПЛЮС ГИДРО 001РС-09;1000;07.10.2026;100000;CNY;100000;7,8;641,1;7267,45;;;;;;
RU000A10DDG3;Динтег БО-01;250;07.10.2026;1000;RUB;1000;28;23,01;23,01;;;;;;
RU000A10CQE2;ВТБ Лизинг 001Р-МБ-03;3000;07.10.2026;1000;RUB;751;15,5;8,51;8,51;;;;;;
RU000A10CQA0;Полипласт АО П02-БО-10;270;07.10.2026;100;CNY;100;11,95;0,98;11,11;;;;;;
RU000A10CQ93;КАМАЗ ПАО БО-П17;6500;07.10.2026;1000;RUB;1000;;;;;;;;;
RU000A10CQ85;Мобильные ТелеСистемы 001P-29;15000;07.10.2026;1000;RUB;1000;14;11,51;11,51;;;;;;
RU000A10CQ77;КАМАЗ ПАО БО-П16;3500;07.10.2026;1000;RUB;1000;14,9;12,25;12,25;;;;;;
RU000A10CPL9;АЛЬФА-Б С-1-820 структурные;0;07.10.2026;1000;RUB;1000;0,01;0,1;0,1;;;;;;
RU000A10CCN3;О'КЕЙ ООО БО 001Р-08;3000;07.10.2026;1000;RUB;1000;16,9;13,89;13,89;;;;;;
RU000A10CC32;Балтийский лизинг ООО БО-П19;10000;07.10.2026;1000;RUB;1000;17;9,36;9,36;;;;;;
RU000A10BBW8;Газпром капитал ООО БО-001Р-12;350;07.10.2026;1000;EUR;1000;7,75;6,37;556,76;;;;;;
RU000A10AV98;Мобильные ТелеСистемы 001P-28;20000;07.10.2026;1000;RUB;1000;13,25;10,89;10,89;;;;;;
RU000A109T74;АйДи Коллект 001P-02;300;07.10.2026;1000;RUB;664;;;;;;;;;
RU000A109JZ3;МКПАО ОК РУСАЛ БО-001P-10;10000;07.10.2026;1000;RUB;1000;;;;;;;;;
RU000A109JY6;МКПАО ОК РУСАЛ БО-001P-11;10000;07.10.2026;1000;RUB;1000;;;;;;;;;
RU000A109JX8;ЛАЗЕРНЫЕ СИСТЕМЫ-01;200;07.10.2026;1000;RUB;1000;;;;;;;;;
RU000A109A34;СберИОС 001Р-644R 5Г AC IMOEX;22,486;07.10.2026;1000;RUB;1000;0,01;0,01;0,01;;;;;;
RU000A1099G9;АЛЬФА-Б C-1-463 (структурные);0;07.10.2026;1000;RUB;1000;0,01;0,21;0,21;;;;;;
RU000A1090A1;ТАЛКлизинг001P-02;9,526;07.10.2026;1000;RUB;520;18,25;6;6;;;;;;
RU000A109098;Группа Позитив 001Р-01;5000;07.10.2026;1000;RUB;1000;;;;;;;;;
RU000A109080;Газпром капитал БО-002Р-15;20000;07.10.2026;1000;RUB;1000;;;;;;;;;
RU000A1082M3;Рекорд Трейд БО-01;169,269;07.10.2026;1000;RUB;1000;20;16,44;16,44;;;;;;
RU000A1082K7;МФК ВЭББАНКИР 06;350;07.10.2026;1000;RUB;1000;20;16,44;16,44;;;;;;
RU000A107G63;ДжетЛенд БО-01;80;07.10.2026;1000;RUB;1000;21;17,26;17,26;;;;;;
RU000A107E99;Совкомбанк СЗО-04;25,222;07.10.2026;1000;USD;1000;10,463;52,32;4031,84;;;;;;
RU000A107480;Лизинг-Трейд 001P-10;200;07.10.2026;1000;RUB;1000;16;13,15;13,15;;;;;;
RU000A1070A3;Охта Групп БО-П03;500;07.10.2026;1000;RUB;1000;14;34,9;34,9;?;BB+;;;;
RU000A106ZU6;РусГидро (ПАО) БО-П12;30000;07.10.2026;1000;RUB;1000;16,2;40,39;40,39;1;AAA(RU);1035,50;;;
RU000A106XR7;СберИОС 001Р-588R 5Г AC MOEXFN;1499,975;07.10.2026;1000;RUB;1000;0,01;0,01;0,01;;AAA(RU);;;;
RU000A106PH4;Банк ВТБ С-1-658 (структурные);0;07.10.2026;1000;RUB;1000;0,01;0,27;0,27;;;;;;
RU000A106K43;РЖД БО 001Р-26R;30000;07.10.2026;1000;RUB;1000;;;;;;;;;
RU000A106375;Газпром Капитал 07;40000;07.10.2026;1000;RUB;1000;;;;;;;;;
RU000A103PF5;СберИОС 001Р-469R 5Г SBRIF ИНД;175,389;07.10.2026;1000;RUB;1000;0,01;0,5;0,5;;;;;;
RU000A102887;Банк ВТБ ПАО СУБ-Т2-2;20000;07.10.2026;10000000;RUB;10000000;17,2;857643,84;857643,84;;;;;;
RU000A102879;Банк ВТБ ПАО СУБ-Т2-1;70000;07.10.2026;10000000;RUB;10000000;16,66;830717,81;830717,81;;;;;;
RU000A1018T2;ДОМ.РФ Ипотечный агент 13-002P;96608,082;07.10.2026;1000;RUB;164,47;;;;;;;;;
RU000A1009L8;РЖД ОАО БО 001Р-15R;15000;07.10.2026;1000;RUB;1000;8,8;21,94;21,94;;;;;;
RU000A10FC96;Борец Капитал 001Р-07;4200;06.10.2026;1000;RUB;1000;17,75;14,59;14,59;;;;;;
RU000A10FC88;Патриот Групп 001Р-03;300;06.10.2026;1000;RUB;1000;24;19,73;19,73;;;;;;
RU000A10F397;СФО ТБ-8 класс А1;24000;06.10.2026;1000;RUB;1000;16;13,15;13,15;;;;;;
RU000A10EVW0;Банк ВТБ (ПАО) Б-1-397;3000;06.10.2026;1000;RUB;1000;0,01;0,02;0,02;;;;;;
RU000A10ESF1;ФДВ Факторинг 001P-01;300;06.10.2026;1000;RUB;1000;23;18,9;18,9;;;;;;
RU000A10DRV2;Защита онлайн БО-01;200;06.10.2026;1000;RUB;1000;26,5;21,78;21,78;;;;;;
RU000A10DRE8;Бустер.Ру БО-02;200;06.10.2026;1000;RUB;1000;24,25;19,93;19,93;;;;;;
RU000A10CTL1;МАЭСТРО 002P-01;2000;06.10.2026;1000;RUB;1000;;;;;;;;;
RU000A10CPJ3;АЛЬФА-Б С-1-818 структурные;0;06.10.2026;1000;RUB;1000;0,01;0,1;0,1;;;;;;
RU000A10CCG7;iКаршеринг Руссия 001P-07;1500;06.10.2026;1000;RUB;1000;18,25;15;15;;;;;;
RU000A10CCB8;ПКО СЗА БО-03;100;06.10.2026;1000;RUB;1000;25;20,55;20,55;;;;;;
RU000A10BQ37;СберИОС 001Р-727R 5Г BSKRUS;108,82;06.10.2026;1000;RUB;1000;0,01;0,03;0,03;;;;;;
RU000A10B8D9;ВЭБ.РФ ПБО-002Р-50;50000;06.10.2026;1000;RUB;1000;;;;;;;;;
RU000A10AYJ9;Росагролизинг 002P-05;8000;06.10.2026;1000;RUB;1000;;;;;;;;;
RU000A10AV23;РЕСО-Лизинг ООО БО-П-16;5000;06.10.2026;1000;RUB;1000;14,6;12;12;;;;;;
RU000A10A398;СИМПЛ 001Р-01;1000;06.10.2026;1000;RUB;1000;;;;;;;;;
RU000A109LL9;СберИОС 001Р-649R 5Г AC LKOH;186,262;06.10.2026;1000;RUB;1000;0,01;0,01;0,01;;;;;;
RU000A108U80;СберИОС 001Р-631R 5Г AC MOEXIT;206,54;06.10.2026;1000;RUB;1000;0,01;0,01;0,01;;;;;;
RU000A108QD7;СФО БКС Структурные Ноты 32;46,95;06.10.2026;1000;RUB;1000;0,01;0,2;0,2;;;;;;
RU000A108Q78;Кеарли Групп 001Р-01;129,456;06.10.2026;1000;RUB;1000;21;12,95;12,95;;;;;;
RU000A107X96;ВЭБ.РФ ПБО-002Р-40;85000;06.10.2026;1000;RUB;1000;;;;;;;;;
RU000A107FS0;АЛЬФА-Б C-1-326 (структурные);0;06.10.2026;1000;RUB;1000;0,01;0,25;0,25;;;;;;
RU000A107FN1;ТЕХНО Лизинг 001Р-06;300;06.10.2026;1000;RUB;1000;17;13,97;13,97;;;;;;
RU000A107FG5;Транс-Миссия БО-02;300;06.10.2026;1000;RUB;1000;30;23,42;23,42;;;;;;
RU000A1078K5;Ультра БО-02;100;06.10.2026;1000;RUB;1000;18,75;15,41;15,41;;;;;;
RU000A1078H1;СОБИ-ЛИЗИНГ 001Р-03;150;06.10.2026;1000;RUB;160;17,5;1,01;1,01;;;;;;
RU000A1072S1;Банк ВТБ С-1-778 (структурные);0;06.10.2026;1000;RUB;1000;0,01;0,28;0,28;;;;;;
RU000A107084;Газпром капитал БО-002Р-10;30000;06.10.2026;1000;RUB;1000;;;;;;;;;
RU000A107050;Газпром капитал БО-002Р-09;30000;06.10.2026;1000;RUB;1000;;;;;;;;;
RU000A105781;Банк ВТБ С-1-285 (структурные);0;06.10.2026;1000;RUB;1000;0,01;0,28;0,28;;;;;;
RU000A104DH5;Банк ВТБ (ПАО) Б-1-297;155,257;06.10.2026;1000;RUB;1000;0,01;0,05;0,05;;;;;;
RU000A0P1VU3;АЛЬФА-Б C-1-310 (структурные);0;06.10.2026;1000;RUB;1000;0,01;0,25;0,25;;;;;;
RU000A0P1V07;Банк ВТБ С-1-862 (структурные);0;06.10.2026;1000;RUB;1000;0,01;0,28;0,28;;;;;;
RU000A0NRAB9;Банк ВТБ С-1-645 (структурные);0;06.10.2026;1000;RUB;1000;0,01;0,3;0,3;;;;;;
RU000A0NR961;Сбер CIB-CO-595;232,873;06.10.2026;1000;RUB;1000;0,01;0,31;0,31;;;;;;
RU000A10F512;iКаршеринг Руссия 001P-08;1201,521;05.10.2026;1000;RUB;1000;22;18,08;18,08;;;;;;
RU000A10F4Z7;МФК Быстроденьги 003Р-02;300;05.10.2026;1000;RUB;1000;22,25;18,29;18,29;;;;;;
RU000A10ES57;Газпром капитал ООО БО-003Р-24;40000;05.10.2026;1000;RUB;1000;;;;;;;;;
RU000A10DRF5;Газпром нефть 005P-03R;50000;05.10.2026;1000;RUB;1000;;;;;;;;;
RU000A10DF38;СФО ВТБ РКС Эталон 07;42500;05.10.2026;1000;RUB;659,26;17,8;7,42;7,42;;;;;;
RU000A10D2Q2;Газпром капитал БО-003Р-06;25000;05.10.2026;1000;RUB;1000;;;;;;;;;
RU000A10D2N9;Сибирское Стекло БО-03;200;05.10.2026;1000;RUB;1000;24,25;19,93;19,93;;;;;;
RU000A10CZC7;Аэрофьюэлз002Р-06;1100;05.10.2026;1000;RUB;1000;18,25;45,5;45,5;;A;;;;
RU000A10CPV8;АЛЬФА-Б С-1-829 структурные;0;05.10.2026;1000;RUB;1000;0,01;0,1;0,1;;;;;;
RU000A10CC24;РусГидро БО-002Р-07;50000;05.10.2026;1000;RUB;1000;13,85;11,38;11,38;;;;;;
RU000A10B8R9;ИНАРКТИКА 002Р-02;2000;05.10.2026;1000;RUB;1000;19;47,37;47,37;;A+;;;;
RU000A10B6Z6;АЛЬФА-БАНК Б1Р23;83,173;05.10.2026;1000;RUB;1000;0,01;0,1;0,1;;;;;;
RU000A10B545;АЛЬФА-Б C-1-619 (структурные);0;05.10.2026;1000;RUB;1000;0,01;0,15;0,15;;;;;;
RU000A10B347;Акрон (ПАО) БО-001P-07;1600;05.10.2026;1000;CNY;1000;10,5;6,04;68,47;;;;;;
RU000A10B2U6;Баррель БО-01;150;05.10.2026;1000;RUB;1000;27;22,19;22,19;;;;;;
RU000A10B2T8;ВИС ФИНАНС БО-П08;1500;05.10.2026;1000;RUB;1000;24;19,73;19,73;;;;;;
RU000A10B2P6;АйДи Коллект 001P-01;1300;05.10.2026;1000;RUB;1000;26;21,37;21,37;;;;;;
RU000A10AUX8;НОВАТЭК 001Р-03;500;05.10.2026;100;USD;100;9,4;0,77;59,34;;ruAAA;;;;
RU000A10AUG3;АПРИ БО-002Р-07;305;05.10.2026;1000;RUB;1000;;;;;;;;;
RU000A10A349;РусГидро БО-002Р-01;40000;05.10.2026;1000;RUB;1000;;;;;;;;;
RU000A109X03;СберИОС 001Р-656R 5Г AC LKOH;206,835;05.10.2026;1000;RUB;1000;0,01;0,01;0,01;;;;;;
RU000A109SP5;Эталон-Финанс 002Р-02;8000;05.10.2026;1000;RUB;1000;;;;;;;;;
RU000A109MJ1;Банк ВТБ С-1-1311(структурные);0;05.10.2026;1000;RUB;1000;0,01;0,2;0,2;;;;;;
RU000A109E55;Банк ВТБ С-1-1280(структурные);0;05.10.2026;1000;RUB;1000;0,01;0,2;0,2;;;;;;
RU000A109981;Джи-групп 002P-05;2000;05.10.2026;1000;RUB;1000;;;;;;;;;
RU000A1093K4;СберИОС 001Р-638R 5Г AC MOEXFN;47,401;05.10.2026;1000;RUB;1000;0,01;0,01;0,01;;;;;;
RU000A108ZU2;МГКЛ-001Р-06;500;05.10.2026;1000;RUB;1000;23;18,9;18,9;;;;;;
RU000A108U98;СберИОС 001Р-630R 5Г AC Лукойл;423,767;05.10.2026;1000;RUB;1000;0,01;0,01;0,01;;;;;;
RU000A108NQ6;МКБ ЗО-2027;77,965;05.10.2026;1000;USD;1000;7,5;37,5;2889,79;;;;;;
RU000A108C09;СберИОС 001Р-621R 5Г AC SBER;913,513;05.10.2026;1000;RUB;1000;0,01;0,01;0,01;;;;;;
RU000A108AL4;Интерлизинг 001Р-08;3000;05.10.2026;1000;RUB;560;15,75;5,11;5,11;;;;;;
RU000A108AK6;Фордевинд 05;431,434;05.10.2026;1000;RUB;1000;22;18,08;18,08;;;;;;
RU000A108AJ8;МСБ-Лизинг 003P-03;278,894;05.10.2026;1000;RUB;333,4;18;3,45;3,45;;;;;;
RU000A1082G5;ЕвроТранс 002Р-01;2000;05.10.2026;1000;RUB;1000;15,5;12,74;12,74;;;;;;
RU000A107P88;СберИОС 001Р-602R 5Г AC SBER;1146,17;05.10.2026;1000;RUB;1000;0,01;0,01;0,01;;;;;;
RU000A107EW5;МФК Джой Мани 001P-01;250;05.10.2026;1000;RUB;1000;17;13,97;13,97;;;;;;
RU000A107DB1;СберИОС 001Р-598R 5Г AC TATN;453,695;05.10.2026;1000;RUB;1000;0,01;0,01;0,01;;;;;;
RU000A106EP1;ПР-Лизинг ООО БО 002Р-02;1500;05.10.2026;1000;RUB;1000;18;14,79;14,79;;;;;;
RU000A106EM8;Балтийский лизинг ООО БО-П08;10000;05.10.2026;1000;RUB;1000;18;14,79;14,79;;;;;;
RU000A106AP9;СберИОС 001Р-567R 5Г AC IMOEX;1160,687;05.10.2026;1000;RUB;1000;0,01;0,02;0,02;;;;;;
RU000A103P25;СберИОС 001Р-468R 5Г ПРОД;167,662;05.10.2026;1000;RUB;1000;0,01;0,5;0,5;;;;;;
RU000A100DQ4;ДОМ.РФ Ипотечный агент 09-002P;72973,525;05.10.2026;1000;RUB;111,72;9,5;2,47;2,47;;;;;;
RU000A0JU7S1;ФСК Россети (ПАО)-обл. сер.29;20000;05.10.2026;1000;RUB;1000;;;;;;;;;
XS0767473852;ГОВОЗ РФ 12840061V (XS);3000;04.10.2026;200000;USD;200000;5,625;5625;433468,69;;;;;;
RU000A10F4F9;Газпром нефть 005Р-07R;87000;04.10.2026;1000;RUB;1000;;;;;;;;;
RU000A10ES32;ОДК 001P-01;15000;04.10.2026;1000;RUB;1000;17;13,97;13,97;;;;;;
RU000A10ES24;ООО Л-Старт БО-03;210,5;04.10.2026;1000;RUB;1000;28,5;23,42;23,42;;;;;;
RU000A10ES16;ОДК 001P-02;2000;04.10.2026;1000;RUB;1000;;;;;;;;;
RU000A10ERV0;Магнит ПАО БО-006Р-02;64000;04.10.2026;1000;RUB;1000;;;;;;;;;
RU000A10ERS6;Бустер.Ру БО-03;300;04.10.2026;1000;RUB;1000;23,5;19,32;19,32;;;;;;
RU000A10E7Q0;АЛЬФА-БАНК 002P-31;30000;04.10.2026;1000;RUB;1000;14,93;12,27;12,27;;;;;;
RU000A10E7K3;реСтор 001Р-03;2000;04.10.2026;1000;RUB;1000;18,75;15,41;15,41;;;;;;
RU000A10DSG1;Новосибирская область 34028;17500;04.10.2026;1000;RUB;1000;;;;;;;;;
RU000A10DQM3;Центр-резерв БО-06;130;04.10.2026;1000;RUB;1000;25;20,55;20,55;;;;;;
RU000A10DQL5;МЕТАЛЛОИНВЕСТ 002P-03;20000;04.10.2026;1000;RUB;1000;;;;;;;;;
RU000A10D1W2;МегаФон ПАО БО-002Р-10;30000;04.10.2026;1000;RUB;1000;;;;;;;;;
RU000A10D1U6;Бустер.Ру БО-01;300;04.10.2026;1000;RUB;1000;24,5;20,14;20,14;;;;;;
RU000A10CW87;СФО ВТБ РКС Эталон 06;37500;04.10.2026;1000;RUB;648,03;18;7,79;7,79;;;;;;
RU000A10CP78;"ПАО ""ПСБ"" 004P-01";25000;04.10.2026;1000;RUB;1000;14,25;11,71;11,71;;;;;;
RU000A10CP52;Газпром капитал ООО БО-003Р-19;5000;04.10.2026;1000;CNY;1000;6,4;5,26;59,63;1;AAA;;;;
RU000A10CMT9;МКПАО ЯНДЕКС 001Р-02;25000;04.10.2026;1000;RUB;1000;13,5;11,1;11,1;;;;;;
RU000A10BSL5;Ростелеком ПАО 001P-17R;15000;04.10.2026;1000;RUB;1000;16,5;13,56;13,56;;;;;;
RU000A10BS76;ВУШ БО 001P-04;5000;04.10.2026;1000;RUB;1000;20,25;16,64;16,64;;;;;;
RU000A10BS68;Уральская Сталь БО-001Р-04;20;04.10.2026;100;USD;100;12,75;1,05;80,91;;;;;;
RU000A10B2M3;МФК Быстроденьги 002Р-08;250;04.10.2026;1000;RUB;1000;22;18,08;18,08;;;;;;
RU000A10B2F7;ЛК Роделен БО 002P-03;1000;04.10.2026;1000;RUB;1000;25,5;20,96;20,96;;;;;;
RU000A10B2D2;Патриот Групп 001Р-01;300;04.10.2026;1000;RUB;1000;27;22,19;22,19;;;;;;
RU000A10AUE8;РЖД БО 001P-36R;20000;04.10.2026;1000;RUB;1000;19,95;16,4;16,4;;;;;;
RU000A10ABC2;Новосибирская область 34026;27800;04.10.2026;1000;RUB;700;;;;;;;;;
RU000A10A802;ОВОЗ РФ 12840117V;1218,4;04.10.2026;200000;USD;200000;5,625;5625;433468,69;;;;;;
RU000A10A1U9;СибАвтоТранс 001Р-04;300;04.10.2026;1000;RUB;1000;28;23,01;23,01;;;;;;
RU000A108L24;МКБ ЗО-2021;91,996;04.10.2026;1000;USD;1000;7,625;19,06;1468,78;;;;;;
RU000A108A19;ГК Солтон БО-01;63,758;04.10.2026;1000;RUB;1000;;;;;;;;;
RU000A107ST1;АРЕНЗА-ПРО 001P-04;400;04.10.2026;1000;RUB;1000;;;;;;;;;
RU000A107EE3;СОБИ-ЛИЗИНГ 001Р-04;150;04.10.2026;1000;RUB;190;19;1,56;1,56;;;;;;
RU000A106987;Лизинг-Трейд 001P-08;200;04.10.2026;1000;RUB;958,4;14,5;9,93;9,93;;;;;;
RU000A102TK9;ЮСКДевелопмент 02К;90;04.10.2026;10000;RUB;5500;8,8;36,16;36,16;;;;;;
RU000A1006C3;Пионер-Лизинг БО-П02;300;04.10.2026;1000;RUB;1000;20,75;17,05;17,05;;;;;;
RU000A10FBK4;Арлифт 001Р-02;630;03.10.2026;1000;RUB;1000;23,25;19,11;19,11;;;;;;
RU000A10F470;ТрансКонтейнер П02-03;10000;03.10.2026;1000;RUB;1000;16,5;13,56;13,56;;;;;;
RU000A10EWA4;СФО ВТБ РКС Олимп A4;6000;03.10.2026;1000;RUB;1000;15,5;12,74;12,74;;;;;;
RU000A10EW93;СФО ВТБ РКС Олимп A3;5850;03.10.2026;1000;RUB;1000;15,3;12,58;12,58;;;;;;
RU000A10EW85;СФО ВТБ РКС Олимп А2;11150;03.10.2026;1000;RUB;1000;16,6;13,64;13,64;;;;;;
RU000A10EW77;СФО ВТБ РКС Олимп A1;8000;03.10.2026;1000;RUB;1000;16;2,22;2,22;;;;;;
RU000A10E7G1;НоваБев Групп 003Р-02;5000;03.10.2026;1000;RUB;1000;15,25;12,53;12,53;;;;;;
RU000A10E7D8;ЛКПРОГР БО-01;200;03.10.2026;1000;RUB;1000;26,5;21,78;21,78;;;;;;
RU000A10E6Q2;ИКС 5 ФИНАНС 003P-16;20000;03.10.2026;1000;RUB;1000;;;;;;;;;
RU000A10DSD8;СФО ТБ-6 класс Б2;4000;03.10.2026;1000;RUB;1000;18;14,79;14,79;;;;;;
RU000A10DSC0;СФО ТБ-6 класс Б1;8000;03.10.2026;1000;RUB;1000;18;14,79;14,79;;;;;;
RU000A10BRY0;С-ПРИНТ БО-02;100;03.10.2026;1000;RUB;1000;29;23,84;23,84;;;;;;
RU000A10BBG1;ТЕХНО Лизинг 001Р-07;700;03.10.2026;1000;RUB;1000;27;19,97;19,97;;;;;;
RU000A10BBE6;ХК Новотранс 001P-06;10500;03.10.2026;1000;RUB;1000;18,75;15,41;15,41;;;;;;
RU000A10BBD8;ЯТЭК 001Р-06;5500;03.10.2026;1000;RUB;1000;;;;;;;;;
RU000A10BBC0;АйДи Коллект 001P-03;200;03.10.2026;1000;RUB;1000;19,5;16,03;16,03;;;;;;
RU000A10BAP4;Эталон-Финанс 002Р-03;6750;03.10.2026;1000;RUB;1000;25,5;20,96;20,96;;;;;;
RU000A10B263;АБЗ-1 002P-02;1000;03.10.2026;1000;RUB;1000;;;;;;;;;
RU000A10B255;Михайловский Молочный Завод-02;85;03.10.2026;1000;RUB;880;27;18,53;18,53;;;;;;
RU000A10B214;Ростелеком ПАО 001P-15R;15000;03.10.2026;1000;RUB;1000;18,75;15,41;15,41;;;;;;
RU000A109890;МФК ВЭББАНКИР 07;111,717;03.10.2026;1000;RUB;1000;;;;;;;;;
RU000A109874;ГК Самолет БО-П15;5000;03.10.2026;1000;RUB;1000;;;;;;;;;
RU000A108F63;МФК Быстроденьги 002Р-06;418,184;03.10.2026;1000;RUB;1000;;;;;;;;;
RU000A107EC7;Россети Ленэнерго ПАО 001P-01;10000;03.10.2026;1000;RUB;1000;;;;;;;;;
RU000A107720;МК Лизинг БO-01;350;03.10.2026;1000;RUB;278,5;17,65;1,68;1,68;;;;;;
RU000A107209;Сибирское Стекло БО-П04;300;03.10.2026;1000;RUB;1000;21,5;17,67;17,67;;;;;;
RU000A1071Z8;АйДи Коллект 05;722,94;03.10.2026;1000;RUB;1000;19,5;16,03;16,03;;;;;;
RU000A106ZP6;СФО ВТБ РКС Эталон 03;10000;03.10.2026;1000;RUB;299,97;13,5;2,42;2,42;;;;;;
RU000A106VV3;РЖД БО 001Р-27R;30000;03.10.2026;1000;RUB;1000;;;;;;;;;
RU000A1062J1;СФО ВТБ РКС Эталон 02;10000;03.10.2026;1000;RUB;115,36;11;0,46;0,46;;;;;;
RU000A103TC4;СИБУР Холдинг БО-11;400;03.10.2026;1000;USD;1000;1,5;15;1155,92;;;;;;
RU000A103TB6;СИБУР Холдинг БО-12;400;03.10.2026;1000;USD;1000;1,5;15;1155,92;;;;;;
RU000A103TA8;СИБУР Холдинг БО-10;400;03.10.2026;1000;USD;1000;1,5;15;1155,92;;;;;;
RU000A103T96;СИБУР Холдинг БО-09;300;03.10.2026;1000;USD;1000;1,5;15;1155,92;;;;;;
RU000A103T88;СИБУР Холдинг БО-13;400;03.10.2026;1000;USD;1000;1,5;15;1155,92;;;;;;
RU000A103T70;СИБУР Холдинг БО-08;300;03.10.2026;1000;USD;1000;1,5;15;1155,92;;;;;;
RU000A103T54;СИБУР Холдинг БО-14;280,9;03.10.2026;1000;USD;1000;1,5;15;1155,92;;;;;;
RU000A10FBH0;Ростелеком ПАО 001P-26R;20000;02.10.2026;1000;RUB;1000;;;;;;;;;
RU000A10FBG2;Трансмашхолдинг АО ПБО-08;20000;02.10.2026;1000;RUB;1000;;;;;;;;;
RU000A10FBB3;ЛЕГЕНДА БО 002P-07;1250;02.10.2026;1000;RUB;1000;19;15,62;15,62;;;;;;
RU000A10ERG1;МКПАО ОК РУСАЛ БО-001Р-16;1978,019;02.10.2026;1000;CNY;1000;10;24,93;282,6;;;;;;
RU000A10ERA4;ЭкономЛизинг 002Р-02;100;02.10.2026;1000;RUB;1000;23;57,34;57,34;?;BBB-;;;;
RU000A10EG44;ИЛОН 001Р-01;1250;02.10.2026;1000;RUB;1000;17,7;14,55;14,55;;;;;;
RU000A10EG28;Группа компаний Медси 001P-04;5500;02.10.2026;1000;RUB;1000;;;;;;;;;
RU000A10E747;ГК Сегежа 003P-10R;2903,888;02.10.2026;1000;RUB;1000;25;20,55;20,55;;;;;;
RU000A10E739;Ростелеком ПАО 001P-22R;15000;02.10.2026;1000;RUB;1000;14,75;12,12;12,12;;;;;;
RU000A10D1J9;ЭЛЕКТРОРЕШЕНИЯ 001Р-02;1000;02.10.2026;1000;RUB;1000;22,5;18,49;18,49;;BBB(ru);;;;
RU000A10CEL3;Банк ВТБ (ПАО) С-1-1599;9999,995;02.10.2026;1000;RUB;1000;0,01;0,1;0,1;;;;;;
RU000A10CB66;ГК Сегежа 003P-06R;7000;02.10.2026;1000;RUB;1000;23,5;19,32;19,32;;ruBB-;;;;
RU000A10C8F3;Брусника 002Р-04;7500;02.10.2026;1000;RUB;1000;21,5;17,67;17,67;;;;;;
RU000A10C0X3;ЭН+ГИДРО 001РС-07;1950;02.10.2026;1000;CNY;1000;;;;;;;;;
RU000A10BRR4;РусГидро БО-002Р-06;50000;02.10.2026;1000;RUB;1000;;;;;;;;;
RU000A10BRN3;Сибирский КХП 001P-04;150;02.10.2026;1000;RUB;1000;;;;;;;;;
RU000A10BQK1;СФО ВТБ РКС Эталон 05;12500;02.10.2026;1000;RUB;477,23;21,7;6,55;6,55;;;;;;
RU000A10BB83;Роял Капитал БО-02;150;02.10.2026;1000;RUB;1000;31;25,48;25,48;;D;;;;
RU000A10BB75;ЕвроТранс БО-001Р-07;4300;02.10.2026;1000;RUB;1000;24,5;20,14;20,14;;;;;;
RU000A10B1X2;Селигдар 001Р-02;3500;02.10.2026;1000;RUB;1000;24;19,73;19,73;1;AA-;;;;
RU000A10B1T0;СберИОС 001Р-693R 3Г BSKRUS;133,106;02.10.2026;1000;RUB;1000;0,01;0,02;0,02;;;;;;
RU000A10AZU3;СберИОС 001Р-689R 2Г BSKRUS;100,754;02.10.2026;1000;RUB;1000;0,01;0,01;0,01;;;;;;
RU000A10AYZ5;СберИОС 001Р-686R 5Г BSKRUS;154,066;02.10.2026;1000;RUB;1000;0,01;0,01;0,01;;;;;;
RU000A10ANF0;СберИОС 001Р-673R 5Г BSKRUS;465,242;02.10.2026;1000;RUB;1000;0,01;0,01;0,01;;;;;;
RU000A10A7N1;СберИОС 001Р-666R 5Г BSKRUS;1136,755;02.10.2026;1000;RUB;1000;0,01;0,01;0,01;;;;;;
RU000A10A141;ЕвроТранс БО-001Р-05;2000;02.10.2026;1000;RUB;1000;25;20,55;20,55;;;;;;
RU000A10A133;ЕвроТранс БО-001Р-04;57,323;02.10.2026;1000;RUB;1000;14;11,51;11,51;;;;;;
RU000A109QT1;Инвестиционные облигации 11;70;02.10.2026;1000;RUB;1000;0,01;0,1;0,1;;;;;;
RU000A109QQ7;Концерн РОССИУМ БО-02;60000;02.10.2026;1000;RUB;1000;17;84,77;84,77;;;;;;
RU000A109HX2;ВУШ БО 001P-03;4000;02.10.2026;1000;RUB;1000;;;;;;;;;
RU000A109825;АЗБУКА ВКУСА БОП3;1050;02.10.2026;1000;RUB;1000;;;;;;;;;
RU000A1097X8;БИАНКА ПРЕМИУМ БО-01;200;02.10.2026;1000;RUB;1000;23;18,9;18,9;;BB;;;;
RU000A109775;Инвестиционные облигации 10;70;02.10.2026;1000;RUB;1000;0,01;0,1;0,1;;;;;;
RU000A1095B8;Инвестиционные облигации 09;100;02.10.2026;1000;RUB;1000;0,01;0,1;0,1;;;;;;
RU000A1093H0;СберИОС 001Р-636R 5Г AC Яндекс;103,586;02.10.2026;1000;RUB;1000;0,01;0,01;0,01;;;;;;
RU000A108WY1;МЕТАЛЛОИНВЕСТ 001P-08;10000;02.10.2026;1000;RUB;1000;;;;;;;;;
RU000A108P61;ПАО Россети Моск.рег. БО1Р06;20000;02.10.2026;1000;RUB;1000;;;;;;;;;
RU000A108K25;СберИОС 001Р-623R 5Г AC MOEXIT;531,029;02.10.2026;1000;RUB;1000;0,01;0,01;0,01;;;;;;
RU000A107SG8;СИМПЛ СОЛЮШНЗ КЭПИТЛ 001Р-01;500;02.10.2026;1000;RUB;1000;;;;;;;;;
RU000A107KR2;МигКредит БО-04;300;02.10.2026;1000;RUB;280;21;2,76;2,76;;;;;;
RU000A107C75;Инвестиционные облигации 01;100;02.10.2026;1000;RUB;1000;0,01;0,1;0,1;;;;;;
RU000A1071U9;Элемент Лизинг БО 001P-06;2500;02.10.2026;1000;RUB;113,6;15,5;0,39;0,39;;;;;;
RU000A1062M5;Селигдар GOLD01;11045,001;02.10.2026;4961,49;RUB;9786,3;5,5;134,19;134,19;1;AA-;;;;
RU000A103LH0;Сбер CIB-CO-71 (структурные);0;02.10.2026;1000;RUB;1000;0,01;0,5;0,5;;;;;;
RU000A0JWVT5;РЕСО-Лизинг ООО БО-5;3000;02.10.2026;1000;RUB;1000;16;79,78;79,78;;;;;;
RU000A0JRU46;Северо-Зап.концес.комп. сер.04;5000;02.10.2026;1000;RUB;567;8,91;25,19;25,19;;;;;;
RU000A0JRU20;Северо-Зап.концес.комп. сер.03;5000;02.10.2026;1000;RUB;567;8,91;25,19;25,19;;;;;;
RU000A10FAN0;АЛРОСА 002Р-02;30000;01.10.2026;1000;RUB;1000;;;;;;;;;
RU000A10FAL4;ИСП 001Р-01;300;01.10.2026;1000;RUB;1000;21;17,26;17,26;;;;;;
RU000A10F8W5;СберИОС 001Р-802R 3Г BSKRUS;257,713;01.10.2026;1000;RUB;1000;0,01;0,03;0,03;;;;;;
RU000A10ENP1;СФО Альфа Фабрика ПК-3 класс А;20000;01.10.2026;1000;RUB;1000;16,3;9,76;9,76;;;;;;
RU000A10EFW3;ЛАЗЕРНЫЕ СИСТЕМЫ-02;200;01.10.2026;1000;RUB;1000;20,75;17,05;17,05;;;;;;
RU000A10E6V2;ИКС 5 ФИНАНС 003P-17;15000;01.10.2026;1000;RUB;1000;14,5;11,92;11,92;;;;;;
RU000A10E6U4;ГК Самолет БО-П19;5000;01.10.2026;1000;RUB;1000;21;17,26;17,26;;;;;;
RU000A10E6T6;Акрон (ПАО) БО-002P-02;1500;01.10.2026;1000;CNY;1000;6,8;5,59;63,37;;;;;;
RU000A10E6S8;ТД РКС 002Р-07;400;01.10.2026;1000;RUB;1000;26;21,37;21,37;;;;;;
RU000A10DXE6;СФО Альфа Фабрика ПК-2 класс А;10000;01.10.2026;1000;RUB;882,24;16,8;8,72;8,72;;;;;;
RU000A10DQ68;СелоЗеленое 001Р-02;3500;01.10.2026;1000;RUB;1000;17,25;14,18;14,18;;;;;;
RU000A10CPQ8;АЛЬФА-Б С-1-824 структурные;0;01.10.2026;1000;RUB;1000;0,01;0,1;0,1;;;;;;
RU000A10CKS5;СФО Альфа Фабрика ПК-1 класс А;10000;01.10.2026;1000;RUB;622,35;16;5,37;5,37;;;;;;
RU000A10CAQ0;АЛЬФА ДОН ТРАНС БО-01;300;01.10.2026;1000;RUB;1000;28;23,01;23,01;;;;;;
RU000A10C0V7;ЭР-Телеком Холдинг ПБО-02-10;11000;01.10.2026;1000;RUB;1000;;;;;;;;;
RU000A10BZT3;Биннофарм Групп 001Р-06;2000;01.10.2026;1000;RUB;1000;19,5;16,03;16,03;;;;;;
RU000A10B9Q9;ГЛОРАКС 001Р-04;2200;01.10.2026;1000;RUB;1000;25,5;20,96;20,96;?;BBB+;;;;
RU000A10B1Q6;Джи-групп 002P-06;1500;01.10.2026;1000;RUB;1000;24,75;20,34;20,34;;;;;;
RU000A10B1N3;Мобильные ТелеСистемы 002P-07;20000;01.10.2026;1000;RUB;1000;14,6;12;12;;;;;;
RU000A10B1M5;Нафтатранс плюс ООО БО-07;250;01.10.2026;1000;RUB;1000;28;23,01;23,01;;;;;;
RU000A109TJ6;"ПАО ""ПСБ"" 003P-09";17000;01.10.2026;1000;RUB;1000;;;;;;;;;
RU000A109S91;ПАО Россети Моск.рег. БО1Р07;5000;01.10.2026;1000;RUB;1000;;;;;;;;;
RU000A109S83;МОНОПОЛИЯ 001P-01;289,707;01.10.2026;1000;RUB;1000;;;;;;;;;
RU000A109PK2;Парк Сказка БО-П01;300;01.10.2026;1000;RUB;1000;24;59,84;59,84;;;;;;
RU000A109NC4;СФО ВТБ РКС Эталон 04;20000;01.10.2026;1000;RUB;303,67;21,5;4,01;4,01;;;;;;
RU000A108WJ2;Бизнес Лэнд БО-01;300;01.10.2026;1000;RUB;1000;23;57,34;57,34;?;B-;;;;
RU000A108VL0;ГПБ (АО) БО 005Р-12Р;537,366;01.10.2026;1000;RUB;1000;;;;;;;;;
RU000A108TE9;Инвестиционные облигации 08;70;01.10.2026;1000;RUB;1000;0,01;0,1;0,1;;;;;;
RU000A108TD1;Инвестиционные облигации 07;70;01.10.2026;1000;RUB;1000;0,01;0,1;0,1;;;;;;
RU000A107W55;Банк ВТБ (ПАО) Б-1-351;5361,517;01.10.2026;1000;RUB;1000;14,75;12,12;12,12;;;;;;
RU000A107UR1;СберИОС 001Р-609R 5Г AC TRNFP;366,355;01.10.2026;1000;RUB;1000;0,01;0,01;0,01;;;;;;
RU000A107B35;Банк ВТБ (ПАО) Б-1-346;3269,736;01.10.2026;1000;RUB;1000;14,5;11,92;11,92;;;;;;
RU000A1077X0;Интерлизинг 001Р-07;4500;01.10.2026;1000;RUB;200;16;1,05;1,05;;;;;;
RU000A106TU9;СберИОС 001Р-585R IMOEX КС;28,57;01.10.2026;1000;RUB;1000;0,01;0,3;0,3;;;;;;
RU000A106SD7;СберИОС 001Р-582R 5Г AC IMOEX;1494,811;01.10.2026;1000;RUB;1000;0,01;0,01;0,01;;;;;;
RU000A106GY8;ДиректЛизинг БО 002Р-01;200;01.10.2026;1000;RUB;312,5;14;8,73;8,73;;;;;;
RU000A1032P1;ООО «СФО ВТБ РКС-1 »;35000;01.10.2026;1000;RUB;103,96;8;0,26;0,26;;;;;;
RU000A102K88;Санкт-Петербург обл. 35004;30000;01.10.2026;1000;RUB;700;5,9;20,59;20,59;;;;;;
RU000A0ZYCP5;ПАО НК Роснефть 001P-08;100000;01.10.2026;1000;RUB;1000;8;39,89;39,89;;;;;;
RU000A0JTW83;ДОМ.РФ (ПАО) обл. сер.А25;6000;01.10.2026;1000;RUB;500;13,9;17,52;17,52;?;;;;;
RU000A0JT6B2;ВЭБ.РФ об. сер. 19;10000;01.10.2026;1000;RUB;1000;14,9;74,3;74,3;;;;;;
XS2050933626;Republic of Kazakhstan 1.5;650;30.09.2026;1000;EUR;1000;1,5;15;1311,04;;;;;;
XS0114288789;ГОВОЗ РФ SK-0-CM-128 (XS);8823,874;30.09.2026;1;USD;0,04;7,5;;;;;;;;
RU000A100EF5;ОФЗ-ПД 26230 16/03/39;699489,066;30.09.2026;1000;RUB;1000;7,7;38,39;38,39;;;;;;
RU000A0JXFM1;ОФЗ-ПД 26221 23/03/33;396268,629;30.09.2026;1000;RUB;1000;7,7;38,39;38,39;;;;;;
RU000A10FA72;АФК Система БО 002Р-14;10000;30.09.2026;1000;RUB;1000;17,5;14,38;14,38;;;;;;
RU000A10FA64;ИНАРКТИКА 002Р-06;3000;30.09.2026;1000;RUB;1000;;;;;;;;;
RU000A10F7R7;Сбербанк ПАО 001Р-SBER56;75000;30.09.2026;1000;RUB;1000;13,4;11,01;11,01;;;;;;
RU000A10ERH9;АВТОБАН-Финанс АО БО-П09;5000;30.09.2026;1000;RUB;1000;1;A+;;;;;;;
RU000A10ERE6;АВТОБАН-Финанс АО БО-П08;8500;30.09.2026;1000;RUB;1000;16,9;13,89;13,89;1;A+;;;;
RU000A10ERD8;УПТК-65 001Р-02;300;30.09.2026;1000;RUB;1000;22;18,08;18,08;;;;;;
RU000A10ERC0;АПРИ БО-002Р-14;5000;30.09.2026;1000;RUB;1000;24,75;20,34;20,34;;;;;;
RU000A10ER41;ФЛИТ 001Р-03;1000;30.09.2026;1000;RUB;1000;16;12,06;12,06;;;;;;
RU000A10EQF5;Россельхозбанк БО-32-002Р;464,178;30.09.2026;1000;RUB;1000;;;;;;;;;
RU000A10EF11;iПРОМОМЕД ДМ 002P-03;6800;30.09.2026;1000;RUB;1000;;;;;;;;;
RU000A10EEZ9;Селектел 001P-07R;7000;30.09.2026;1000;RUB;1000;15;12,33;12,33;;;;;;
RU000A10DPW4;АФК Система БО 002Р-06;3750;30.09.2026;1000;RUB;1000;17,75;14,59;14,59;;;;;;
RU000A10DPV6;АФК Система БО 002Р-07;2750;30.09.2026;1000;RUB;1000;;;;;;;;;
RU000A10DNX7;СФО Сплит Финанс ПВ-2;4500;30.09.2026;1000;RUB;1000;17,3;14,69;14,69;;;;;;
RU000A10CQJ1;ГПБ (АО) БО 004Р-29;146,226;30.09.2026;1000;RUB;1000;0,01;0,1;0,1;;;;;;
RU000A10CQH5;ГПБ (АО) БО 004Р-28;314,141;30.09.2026;1000;RUB;1000;0,01;0,1;0,1;;;;;;
RU000A10CN62;ПКО ЮСВ 1Р1;500;30.09.2026;1000;RUB;1000;;;;;;;;;
RU000A10CN47;Роял Капитал БО-03;100;30.09.2026;1000;RUB;1000;29;23,84;23,84;;;;;;
RU000A10CLT1;СФО РЛО-2  класс А;340,89;30.09.2026;1000;RUB;893,7;24;51,35;51,35;;;;;;
RU000A10BZQ9;Сэтл-Групп ООО БО 002P-05;7000;30.09.2026;1000;RUB;1000;;;;;;;;;
RU000A10B933;Селигдар 001Р-03;9500;30.09.2026;1000;RUB;1000;23,25;19,11;19,11;;;;;;
RU000A10B925;ЕнисейАгроСоюз БО 001P-02;200;30.09.2026;1000;RUB;1000;;;;;;;;;
RU000A10B8X7;ДАРС-Девелопмент 001Р-03;1000;30.09.2026;1000;RUB;1000;26;21,37;21,37;;;;;;
RU000A10ATS0;ЕвроТранс БО-001Р-06;1930;30.09.2026;1000;RUB;1000;25;20,55;20,55;;;;;;
RU000A10AHP1;ВТБ Факторинг БО-01;677,096;30.09.2026;1000;RUB;1000;;;;;;;;;
RU000A10AA28;Акрон (ПАО) БО-001P-06;11500;30.09.2026;1000;RUB;1000;;;;;;;;;
RU000A10AA10;ПСБ Лизинг БО-П01;1000;30.09.2026;1000;RUB;1000;25;20,55;20,55;;;;;;
RU000A10A9Z1;Магнит ПАО БО-004Р-05;12500;30.09.2026;1000;RUB;1000;;;;;;;;;
RU000A10A8E8;ОВОЗ РФ 12840113V;436,103;30.09.2026;0,055;USD;0,04;7,5;0,002;0,12;;;;;;
RU000A109DK8;ГПБ (АО) БО 004Р-11;353,297;30.09.2026;1000;RUB;1000;0,01;0,1;0,1;;;;;;
RU000A1095N3;СФОРЛО-А;207,128;30.09.2026;1000;RUB;486;19;20,39;20,39;;;;;;
RU000A107SA1;ЛК Роделен БО 002P-02;1000;30.09.2026;1000;RUB;1000;16;11,18;11,18;;;;;;
RU000A107S85;МФК Саммит 001Р-03;150;30.09.2026;1000;RUB;334,4;;;;;;;;;
RU000A107795;МФК Лайм-Займ 04;500;30.09.2026;1000;RUB;500;16;6,58;6,58;;;;;;
RU000A1070X5;АБЗ-1 001P-05;2000;30.09.2026;1000;RUB;340;12;1,73;1,73;;;;;;
RU000A105RF6;Лизинг-Трейд 001P-06;150;30.09.2026;1000;RUB;792;14,5;7,95;7,95;;;;;;
RU000A100VX2;Межд.Банк Эк.Сотруд. 001P-01;7000;30.09.2026;1000;RUB;1000;14,5;72,3;72,3;;;;;;
RU000A0NTY69;Банк ВТБ С-1-709 (структурные);0;30.09.2026;1000;RUB;1000;0,01;0,3;0,3;;;;;;
RU000A0NTY51;Банк ВТБ С-1-708 (структурные);0;30.09.2026;1000;RUB;1000;0,01;0,3;0,3;;;;;;
RU000A0JVLA8;Магистраль двух столиц кл. А2;5500;30.09.2026;1000;RUB;1000;8,08;20,37;20,37;;;;;;
RU000A0JVF98;Магистраль двух столиц кл. А1;7500;30.09.2026;1000;RUB;1000;8,58;21,63;21,63;;;;;;
RU000A10F140;СОПФ ДОМ.РФ 16;20000;29.09.2026;1000;RUB;1000;;;;;;;;;
RU000A10ETE2;СОПФ ДОМ.РФ 15;10000;29.09.2026;1000;RUB;1000;13,85;34,91;34,91;;;;;;
RU000A10ER66;ФосАгро БО-02-06;70000;29.09.2026;1000;RUB;1000;13,75;11,3;11,3;;;;;;
RU000A10EQV2;БиоВитрум 001Р-02;250;29.09.2026;1000;RUB;1000;23,25;19,11;19,11;;;;;;
RU000A10EES4;ВИС ФИНАНС БО-П11;2500;29.09.2026;1000;RUB;1000;17;13,97;13,97;;;;;;
RU000A10DTV8;СОПФ ДОМ.РФ 14;5000;29.09.2026;1000;RUB;1000;14,85;37,43;37,43;;;;;;
RU000A10DPM5;Магнит ПАО БО-005Р-05;26650;29.09.2026;1000;RUB;1000;;;;;;;;;
RU000A10DPJ1;Группа Продовольствие БО-02;200;29.09.2026;1000;RUB;1000;25;20,55;20,55;;;;;;
RU000A10DE54;Лид Капитал 001Р-01;6,652;29.09.2026;100;USD;100;13,5;1,11;85,54;;;;;;
RU000A10DBD4;Минфин Ульяновской обл. 34011;2000;29.09.2026;1000;RUB;1000;17,5;43,63;43,63;;;;;;
RU000A10CQZ7;СберИОС 001Р-757R 3Y1M ОФЗ;252,605;29.09.2026;1000;RUB;1000;0,01;0,1;0,1;;;;;;
RU000A10CPN5;АЛЬФА-Б С-1-822 структурные;0;29.09.2026;1000;RUB;1000;0,01;0,1;0,1;;;;;;
RU000A10C9Z9;УПТК-65 001Р-01;200;29.09.2026;1000;RUB;1000;23;18,9;18,9;;;;;;
RU000A10C9Y2;НОВАТЭК 001Р-05;750;29.09.2026;1000;USD;1000;7;5,75;443,1;;;;;;
RU000A10C3F4;СФО Сплит Финанс ПВ-1;9000;29.09.2026;1000;RUB;1000;16,5;14,01;14,01;;;;;;
RU000A10BXV4;Реиннольц 001Р-03;38,121;29.09.2026;1000;RUB;1000;20,75;51,73;51,73;;;;;;
RU000A10BRM5;Акрон (ПАО) БО-001P-09;200;29.09.2026;1000;USD;1000;7,75;6,37;490,88;;;;;;
RU000A10BR02;Нео-Пак БО-01;130;29.09.2026;1000;RUB;1000;35;28,77;28,77;;;;;;
RU000A10BK17;Газпром нефть БО 003P-15R;120000;29.09.2026;1000;RUB;1000;2;1,64;1,64;;;;;;
RU000A10BK09;Газпром нефть БО 003P-14R;42500;29.09.2026;1000;RUB;1000;;;;;;;;;
RU000A10B8P3;ИНАРКТИКА 002Р-03;2000;29.09.2026;1000;RUB;1000;;;;;;;;;
RU000A10B8M0;Сэтл-Групп ООО БО 002P-04;6000;29.09.2026;1000;RUB;1000;23,9;19,64;19,64;;;;;;
RU000A10B8L2;Банк ВТБ (ПАО) Б-1-375;5500;29.09.2026;1000;RUB;1000;;;;;;;;;
RU000A10ATR2;ГЛОРАКС 001P-03;1400;29.09.2026;1000;RUB;1000;28;23,01;23,01;;;;;;
RU000A10ATC4;МГКЛ-001Р-07;1000;29.09.2026;1000;RUB;1000;30;24,66;24,66;;;;;;
RU000A10AS28;Биннофарм Групп 001Р-04;4000;29.09.2026;1000;RUB;1000;O;;;;;;;;
RU000A109PP1;АБЗ-1 002Р-01;1000;29.09.2026;1000;RUB;1000;;;;;;;;;
RU000A109551;Балтийский лизинг ООО БО-П12;7500;29.09.2026;1000;RUB;1000;;;;;;;;;
RU000A1093L2;ВЭБ.РФ ПБО-002Р-46;45000;29.09.2026;1000;RUB;1000;;;;;;;;;
RU000A1093J6;СберИОС 001Р-637R 5Г AC СБЕР;326,65;29.09.2026;1000;RUB;1000;0,01;0,01;0,01;;;;;;
RU000A108Z85;РЖД БО 001P-32R;45000;29.09.2026;1000;RUB;1000;;;;;;;;;
RU000A108YZ4;Михайловский Молочный Завод-01;70;29.09.2026;1000;RUB;375;20;4,68;4,68;;;;;;
RU000A1089G0;ГИДРОМАШСЕРВИС АО 001Р-02;3000;29.09.2026;1000;RUB;1000;15,25;12,53;12,53;;;;;;
RU000A107DP1;ПАО Россети Моск.рег. БО1Р05;8000;29.09.2026;1000;RUB;1000;;;;;;;;;
RU000A106Z46;АФК Система БО 001Р-26;15000;29.09.2026;1000;RUB;1000;;;;;;;;;
RU000A106Z38;Джи-групп 002P-03;2000;29.09.2026;1000;RUB;300;15,4;5,76;5,76;;;;;;
RU000A104XJ9;МГКЛ 001Р-01;150;29.09.2026;1000;RUB;1000;23,25;57,97;57,97;;;;;;
RU000A104DR4;Банк ВТБ (ПАО) Б-1-305;82,357;29.09.2026;1000;RUB;1000;0,01;0,05;0,05;;;;;;
RU000A103U69;НПП Моторные технологии001Р-03;100;29.09.2026;1000;RUB;250;11,75;3,66;3,66;;;;;;
RU000A1008Y3;Почта России (АО) БО-001P-07;5000;29.09.2026;1000;RUB;1000;18,5;92,25;92,25;;;;;;
RU000A0JWVL2;ПАО ЛК Европлан БО-07;5000;29.09.2026;1000;RUB;1000;20,1;100,22;100,22;;;;;;
RU000A0JWUB5;"АО ""ТБанк"" обл. БО12";6999,937;29.09.2026;1000;RUB;1000;1;5,04;5,04;;;;;;
RU000A10FJ24;ДОМ.РФ Ипотечный агент БО 1P66;55015,777;28.09.2026;1000;RUB;1000;;;;;;;;;
RU000A10F7W7;ДОМ.РФ Ипотечный агент БО 1P63;60465,044;28.09.2026;1000;RUB;1000;;;;;;;;;
RU000A10EQG3;ДОМ.РФ Ипотечный агент БО 1P62;26237,442;28.09.2026;1000;RUB;987,41;;;;;;;;;
RU000A10ELA7;ГПБ (АО) БО 004Р-52;202,188;28.09.2026;1000;RUB;1000;0,01;0,05;0,05;;;;;;
RU000A10EL21;ДОМ.РФ Ипотечный агент БО 1P61;10462,932;28.09.2026;1000;RUB;979,83;;;;;;;;;
RU000A10EHL2;Банк ВТБ С-1-1741 структурные;0;28.09.2026;1000;RUB;1000;0,01;0,05;0,05;;;;;;
RU000A10DYJ3;ДОМ.РФ Ипотечный агент БО 1P35;18249,859;28.09.2026;1000;RUB;961,4;;;;;;;;;
RU000A10DWX8;ДОМ.РФ Ипотечный агент БО 1P60;151862,314;28.09.2026;1000;RUB;960,32;;;;;;;;;
RU000A10DPB8;КАМАЗ ПАО БО-П19;3100;28.09.2026;1000;RUB;1000;;;;;;;;;
RU000A10DP93;КАМАЗ ПАО БО-П18;3650;28.09.2026;1000;RUB;1000;16,5;13,56;13,56;;;;;;
RU000A10DP51;ГТЛК БО 002P-11;12500;28.09.2026;1000;RUB;1000;;;;;;;;;
RU000A10DJY3;ПР-Лизинг 003Р-01;14,27;28.09.2026;100;USD;89;14;1,06;81,68;;;;;;
RU000A10DEA4;ДОМ.РФ Ипотечный агент БО 1P58;66026,901;28.09.2026;1000;RUB;932,78;;;;;;;;;
RU000A10D5C5;РЖД БО 001P-48R;20000;28.09.2026;1000;RUB;1000;;;;;;;;;
RU000A10CZB9;ЕвроТранс БО-001Р-08;4500;28.09.2026;1000;RUB;1000;21;17,26;17,26;;;;;;
RU000A10CZA1;ГК Самолет БО-П20;2500;28.09.2026;1000;RUB;1000;21,25;17,47;17,47;;;;;;
RU000A10CPM7;АЛЬФА-Б С-1-821 структурные;0;28.09.2026;1000;RUB;1000;0,01;0,1;0,1;;;;;;
RU000A10CMR3;СИБУР Холдинг 001Р-08;400;28.09.2026;100;USD;100;6,65;0,55;42,38;;AAA;;;;
RU000A10CMQ5;Новые технологии 001Р-08;1500;28.09.2026;1000;RUB;1000;17;13,97;13,97;;;;;;
RU000A10C8J5;ДОМ.РФ Ипотечный агент БО 1P56;90002,663;28.09.2026;1000;RUB;836,69;8,4;;;;;;;;
RU000A10BVS4;ДОМ.РФ Ипотечный агент БО 1P54;35376,105;28.09.2026;1000;RUB;905,71;;;;;;;;;
RU000A10BQX4;Россети Северо-Запад 001Р-01;5000;28.09.2026;1000;RUB;1000;;;;;;;;;
RU000A10BQV8;Инвест КЦ 001P-01;62;28.09.2026;100;USD;100;12;0,99;76,29;;;;;;
RU000A10BQU0;ГМК Нор.никель БО-001Р-10;500;28.09.2026;100;USD;100;7,5;0,62;47,78;1;AAA;;;;
RU000A10BQM7;ТД РКС 002Р-05;300;28.09.2026;1000;RUB;1000;28;23,01;23,01;;;;;;
RU000A10BP53;ДОМ.РФ Ипотечный агент БО 1P53;6399,481;28.09.2026;1000;RUB;928,42;;;;;;;;;
RU000A10BJL4;Транспортная ЛК 001P-02;200;28.09.2026;1000;RUB;958,4;24;16,44;16,44;;;;;;
RU000A10B115;РЖД БО 001P-40R;40000;28.09.2026;1000;RUB;1000;17,65;14,51;14,51;;;;;;
RU000A10B0Z9;ЭР-Телеком Холдинг ПБО-02-09;3500;28.09.2026;1000;RUB;1000;;;;;;;;;
RU000A10AQC0;ДОМ.РФ Ипотечный агент БО 1P51;1998,949;28.09.2026;1000;RUB;815,11;9,6;;;;;;;;
RU000A10A7Y8;ОВОЗ РФ 12840115V;2873,2;28.09.2026;200000;USD;200000;5,1;5100;393011,61;;;;;;
RU000A109RF8;Транспортная ЛК 001P-01;36,847;28.09.2026;1000;RUB;890;23;13,71;13,71;;;;;;
RU000A109R50;Самокат БО-02;94,28;28.09.2026;1000;RUB;1000;23;18,9;18,9;;;;;;
RU000A109NJ9;ДОМ.РФ Ипотечный агент БО 1P48;99999,577;28.09.2026;1000;RUB;750,34;8,5;;;;;;;;
RU000A109NH3;ДОМ.РФ Ипотечный агент БО 1P47;50019,391;28.09.2026;1000;RUB;806,21;;;;;;;;;
RU000A109L98;ДОМ.РФ Ипотечный агент БО 1P45;3944,115;28.09.2026;1000;RUB;855,23;;;;;;;;;
RU000A1096J9;Банк ВТБ С-1-1220(структурные);0;28.09.2026;1000;RUB;1000;0,01;0,15;0,15;;;;;;
RU000A108MZ9;Газпром капитал БО-003Р-03;15000;28.09.2026;1000;RUB;1000;;;;;;;;;
RU000A1089A3;А Спэйс 001Р-01;200;28.09.2026;1000;RUB;889;17;10,1;10,1;;;;;;
RU000A107GM1;ДОМ.РФ Ипотечный агент БО 1P41;22247,078;28.09.2026;1000;RUB;668,72;7,8;13,15;13,15;;;;;;
RU000A107GL3;ДОМ.РФ Ипотечный агент БО 1P40;109723,714;28.09.2026;1000;RUB;654,02;9;;;;;;;;
RU000A107G55;ДОМ.РФ Ипотечный агент БО 1P39;49927,769;28.09.2026;1000;RUB;715,7;;;;;;;;;
RU000A107EQ7;ДОМ.РФ Ипотечный агент БО 1P42;220287,737;28.09.2026;1000;RUB;642,54;;;;;;;;;
RU000A1074A5;ДОМ.РФ Ипотечный агент БО 1P38;6111,769;28.09.2026;1000;RUB;707,1;7,85;;;;;;;;
RU000A106HE8;ДОМ.РФ Ипотечный агент БО 1P36;197427,672;28.09.2026;1000;RUB;559,76;;;;;;;;;
RU000A106FM5;ДОМ.РФ Ипотечный агент БО 1P34;17391,177;28.09.2026;1000;RUB;747,48;;;;;;;;;
RU000A1065R7;ДОМ.РФ Ипотечный агент БО 1P33;16515,643;28.09.2026;1000;RUB;597,82;8,6;;;;;;;;
RU000A105P72;ДОМ.РФ Ипотечный агент БО 1P28;48883,735;28.09.2026;1000;RUB;531,1;7,75;10,37;10,37;;;;;;
RU000A105NZ3;ДОМ.РФ Ипотечный агент БО 1P32;6128,78;28.09.2026;1000;RUB;667,53;;;;;;;;;
RU000A105NY6;ДОМ.РФ Ипотечный агент БО 1P31;60843,021;28.09.2026;1000;RUB;506,19;;;;;;;;;
RU000A105NN9;ДОМ.РФ Ипотечный агент БО 1P29;54789,504;28.09.2026;1000;RUB;580,41;;;;;;;;;
RU000A105LN3;ДОМ.РФ Ипотечный агент БО 1P27;20597,323;28.09.2026;1000;RUB;552,7;7,4;;;;;;;;
RU000A105JF3;ДОМ.РФ Ипотечный агент БО 1P26;5477,816;28.09.2026;1000;RUB;688,09;;;;;;;;;
RU000A105H23;ДОМ.РФ Ипотечный агент БО 1P25;5527,918;28.09.2026;1000;RUB;480,93;9,35;;;;;;;;
RU000A105CB7;ДОМ.РФ Ипотечный агент БО 1P24;10034,807;28.09.2026;1000;RUB;594,8;7,85;11,77;11,77;;;;;;
RU000A105AV9;ДОМ.РФ Ипотечный агент БО 1P23;5039,33;28.09.2026;1000;RUB;614,49;8;12,39;12,39;;;;;;
RU000A1058R2;ДОМ.РФ Ипотечный агент БО 1P22;6638,733;28.09.2026;1000;RUB;646,43;;;;;;;;;
RU000A105344;ДОМ.РФ Ипотечный агент БО 1P20;155407,08;28.09.2026;1000;RUB;500,69;;;;;;;;;
RU000A104X32;ДОМ.РФ Ипотечный агент БО 1P19;6704,238;28.09.2026;1000;RUB;584,19;;;;;;;;;
RU000A104UV0;ДОМ.РФ Ипотечный агент БО 1P18;6183,696;28.09.2026;1000;RUB;582,1;;;;;;;;;
RU000A104C45;ДОМ.РФ Ипотечный агент БО 1P15;10093,385;28.09.2026;1000;RUB;509,45;7,83;10,05;10,05;;;;;;
RU000A104B79;ДОМ.РФ Ипотечный агент БО 1P16;207605,03;28.09.2026;1000;RUB;444,21;7,65;;;;;;;;
RU000A104AM1;ДОМ.РФ Ипотечный агент БО 1P17;31410,336;28.09.2026;1000;RUB;449,77;6,8;;;;;;;;
RU000A1041Q0;ДОМ.РФ Ипотечный агент БО 1P13;5353,129;28.09.2026;1000;RUB;469,37;8,15;;;;;;;;
RU000A103SC6;Банк ВТБ ПАО СУБ-Т1-12;29000;28.09.2026;10000000;RUB;10000000;18,75;934931,51;934931,51;;;;;;
RU000A103SB8;Банк ВТБ ПАО СУБ-Т1-11;18510;28.09.2026;10000000;RUB;10000000;10;498630,14;498630,14;;;;;;
RU000A103SA0;Банк ВТБ ПАО СУБ-Т1-10;50;28.09.2026;125000;EUR;125000;6,74;4200,96;367175,25;;;;;;
RU000A103S97;Банк ВТБ ПАО СУБ-Т1-9;100;28.09.2026;125000;EUR;125000;3,75;2337,33;204288,95;;;;;;
RU000A103S89;Банк ВТБ ПАО СУБ-Т1-8;165;28.09.2026;150000;USD;150000;8,13;6080,79;468592,37;;;;;;
RU000A103125;ДОМ.РФ Ипотечный агент БО 1P7;11252,259;28.09.2026;1000;RUB;264,59;6,9;4,6;4,6;;;;;;
RU000A102L87;ДОМ.РФ Ипотечный агент БО 1P5;49087,016;28.09.2026;1000;RUB;266,9;6,4;4,31;4,31;;;;;;
RU000A102K13;ДОМ.РФ Ипотечный агент БО 1P4;191455,712;28.09.2026;1000;RUB;245,96;7,9;4,9;4,9;;;;;;
RU000A102GD1;ДОМ.РФ Ипотечный агент БО 1P3;16540,117;28.09.2026;1000;RUB;214,14;6;3,24;3,24;;;;;;
RU000A102FE1;РЖД 001Б-06;40000;28.09.2026;1000000;RUB;1000000;16,69;83221,37;83221,37;;;;;;
RU000A100ZB9;ДОМ.РФ Ипотечный агент 10-002P;95652,798;28.09.2026;1000;RUB;153,57;;;;;;;;;
RU000A1008V9;РОСНАНО АО 08;13400;28.09.2026;1000;RUB;1000;16,05;80,03;80,03;;;;;;
RU000A1006S9;ГОВОЗ РФ 12840086V (RU);4000;28.09.2026;200000;USD;200000;5,1;5100;393011,61;;;;;;
RU000A0ZZZ58;ДОМ.РФ Ипотечный агент 07-002P;46088,517;28.09.2026;1000;RUB;161,73;;;;;;;;;
RU000A0ZZZ09;ДОМ.РФ Ипотечный агент 08-002P;5149,941;28.09.2026;1000;RUB;90,9;9,28;2,13;2,13;;;;;;
RU000A0ZZNW5;ДОМ.РФ Ипотечный агент 04-002P;4751,314;28.09.2026;1000;RUB;83,02;8,3;1,74;1,74;;;;;;
RU000A0JXRM6;ДОМ РФ ИА 01;49999,827;28.09.2026;1000;RUB;103,57;;;;;;;;;
RU000A0JX3M0;ДОМ РФ ИА 001P;2108,581;28.09.2026;1000;RUB;36,05;;;;;;;;;
RU000A10F108;Акрон (ПАО) БО-002P-03;1000;27.09.2026;1000;CNY;1000;7,85;6,45;73,12;;;;;;
RU000A10EQE8;Первый ЮвелирЛомб БО-02;75;27.09.2026;1000;RUB;1000;23;18,9;18,9;;;;;;
RU000A10EQD0;ЛК Роделен БО 002P-05;500;27.09.2026;1000;RUB;1000;22;18,08;18,08;;;;;;
RU000A10E6J7;Страна Девелопмент 002Р-02;1000;27.09.2026;1000;RUB;1000;25,25;20,75;20,75;;;;;;
RU000A10E6G3;ООО Л-Старт 001Р-1;175;27.09.2026;1000;RUB;1000;31;25,48;25,48;;;;;;
RU000A10DMN0;реСтор 001Р-02;1000;27.09.2026;1000;RUB;1000;18,85;15,49;15,49;;;;;;
RU000A10DJR7;РЖД БО 001P-49R;45000;27.09.2026;1000;RUB;1000;;;;;;;;;
RU000A10DCM3;ГК Самолет БО-П21;1000;27.09.2026;50000;RUB;50000;13;534,25;534,25;;;;;;
RU000A10DCK7;АБЗ-1 002P-04;3000;27.09.2026;1000;RUB;1000;19,5;16,03;16,03;;;;;;
RU000A10DCJ9;Ростелеком ПАО 001P-21R;30000;27.09.2026;1000;RUB;1000;;;;;;;;;
RU000A10DCG5;ХК Новотранс 002P-02;13500;27.09.2026;1000;RUB;1000;;;;;;;;;
RU000A10DCF7;ХК Новотранс 002P-01;8500;27.09.2026;1000;RUB;1000;16;13,15;13,15;;;;;;
RU000A10DCE0;МКАО Воксис 001Р-01;300;27.09.2026;1000;RUB;1000;21;17,26;17,26;;;;;;
RU000A10CZ68;ФосАгро БО-02-04;250;27.09.2026;1000;USD;1000;7;5,75;443,1;;;;;;
RU000A10CZ43;ИЭК ХОЛДИНГ 001Р-04;3000;27.09.2026;1000;RUB;1000;;;;;;;;;
RU000A10CZ35;Транспортная ЛК 001P-04;58,834;27.09.2026;1000;RUB;1000;24;19,73;19,73;;;;;;
RU000A10CMD3;Ростелеком ПАО 001P-19R;20000;27.09.2026;1000;RUB;1000;13,3;10,93;10,93;;;;;;
RU000A10CM89;КИФА БО-01;50;27.09.2026;100;CNY;100;14,5;1,19;13,49;;;;;;
RU000A10C9W6;ИА ТБ-2 класс Б1;1500;27.09.2026;100;RUB;100;;;;;;;;;
RU000A10C949;ИА ТБ-2 класс А1;8500;27.09.2026;100;RUB;100;19;1,61;1,61;;;;;;
RU000A10BYZ3;Медскан 001Р-01;3000;27.09.2026;1000;RUB;1000;18,5;15,21;15,21;;;;;;
RU000A10BQH7;АйДи Коллект 001P-04;500;27.09.2026;1000;RUB;1000;25,25;20,75;20,75;;;;;;
RU000A10BQG9;ФЛИТ 001P-01;500;27.09.2026;1000;RUB;1000;20,8;17,1;17,1;;;;;;
RU000A10BQF1;ГИДРОМАШСЕРВИС АО 001Р-03;5000;27.09.2026;1000;RUB;1000;;;;;;;;;
RU000A10B3W0;Совкомбанк Лизинг БО-П09;10750;27.09.2026;1000;RUB;504,7;;;;;;;;;
RU000A10B0U0;АО Авто Финанс Банк БО-001Р-14;5000;27.09.2026;1000;RUB;1000;23;18,9;18,9;;;;;;
RU000A10B0T2;РЖД БО 001P-39R;20000;27.09.2026;1000;RUB;1000;17,9;14,71;14,71;;;;;;
RU000A10B0S4;Кокс ПАО 001P-03;300;27.09.2026;1000;RUB;1000;;;;;;;;;
RU000A10B0R6;Кокс ПАО 001P-02;1000;27.09.2026;1000;RUB;1000;;;;;;;;;
RU000A10B0J3;ДельтаЛизинг 001P-02;4500;27.09.2026;1000;RUB;800;24;14,2;14,2;;;;;;
RU000A10AT01;ЛКХ-02;50;27.09.2026;1000;RUB;1000;31;25,48;25,48;;;;;;
RU000A10ASZ7;РЖД БО 001P-35R;17000;27.09.2026;1000;RUB;1000;20,1;16,52;16,52;;;;;;
RU000A10ASY0;РЖД БО 001P-34R;20000;27.09.2026;1000;RUB;1000;20,1;16,52;16,52;;;;;;
RU000A10ASW4;КАМАЗ ПАО БО-П14;10000;27.09.2026;1000;RUB;1000;;;;;;;;;
RU000A10AJ60;АЛЬФА-Б C-1-602 (структурные);0;27.09.2026;1000;RUB;1000;0,01;0,15;0,15;;;;;;
RU000A10AAQ4;СФО Сплит Финанс 1 01;7700;27.09.2026;1000;RUB;345,13;25;4,93;4,93;;;;;;
RU000A108Y86;ПАО ЛК Европлан 001P-07;12000;27.09.2026;1000;RUB;1000;;;;;;;;;
RU000A108Y60;ПЕРВОУРАЛЬСКБАНК 001Р-01;300;27.09.2026;1000;RUB;502;22;7,58;7,58;;;;;;
RU000A107S10;Россельхозбанк БO-03-002P;42000;27.09.2026;1000;RUB;1000;;;;;;;;;
RU000A107D17;Россети ПАО БО 001P-12R;5000;27.09.2026;1000;RUB;1000;12,8;10,52;10,52;;;;;;
RU000A107CG2;Россети ПАО БО 001P-11R;10000;27.09.2026;1000;RUB;1000;;;;;;;;;
RU000A106YH6;ГПБ (АО) БО 003Р-01Р;3402,112;27.09.2026;1000;RUB;1000;12;60,49;60,49;;;;;;
RU000A106DJ6;Мосрегионлифт БО-02;200;27.09.2026;1000;RUB;550;15,25;5,64;5,64;;;;;;
RU000A104B04;Петербургснаб 001Р-01;8,014;27.09.2026;1000;RUB;119;13,25;0,78;0,78;;;;;;
RU000A102SM7;СДЭК Глобал БО-П01;500;27.09.2026;1000;RUB;300;9,5;1,56;1,56;;;;;;
RU000A10FEQ5;СФО СБ Секьюритизация 5 кл.АР2;80000;26.09.2026;1000;RUB;1000;;;;;;;;;
RU000A10FEP7;СФО СБ Секьюритизация 5 кл.АC;80000;26.09.2026;1000;RUB;1000;;;;;;;;;
RU000A10F9N2;ЛКПРОГР БО-02;100;26.09.2026;1000;RUB;1000;25;20,55;20,55;;;;;;
RU000A10F9B7;Мобильные Телесистемы 003Р-03;20000;26.09.2026;1000;RUB;1000;13,55;11,14;11,14;;;;;;
RU000A10F793;ИА ТБ-7 класс Б;1014,579;26.09.2026;1000;RUB;1000;;;;;;;;;
RU000A10F785;ИА ТБ-7 класс А;9131,208;26.09.2026;1000;RUB;1000;16;12,81;12,81;;;;;;
RU000A10F0X0;ТД РКС 002Р-08;600;26.09.2026;1000;RUB;1000;25,5;20,96;20,96;;;;;;
RU000A10F0W2;АйДи Коллект 001P-08;1300;26.09.2026;1000;RUB;1000;20,25;16,64;16,64;;;;;;
RU000A10EQ83;ГК Самолет 002P-03;1000;26.09.2026;1000;RUB;1000;21,5;17,67;17,67;;;;;;
RU000A10EQ75;ЕвразХолдинг Финанс 003P-06;50000;26.09.2026;1000;RUB;1000;;;;;;;;;
RU000A10EQ42;ЭР-Телеком Холдинг ПБО-02-11;11000;26.09.2026;1000;RUB;1000;;;;;;;;;
RU000A10EQ34;АО Авто Финанс Банк БО-001Р-18;7000;26.09.2026;1000;RUB;1000;14,75;12,12;12,12;;;;;;
RU000A10EK48;СФО СБ Секьюритизация 4 кл.АС;22700;26.09.2026;1000;RUB;875,15;15,5;10,87;10,87;;;;;;
RU000A10EK30;СФО СБ Секьюритизация 4 кл.АР;10000;26.09.2026;1000;RUB;817,5;15,37;8,29;8,29;;;;;;
RU000A10E6D0;ВУШ БО 001P-05;1000;26.09.2026;1000;RUB;1000;22;18,08;18,08;;;;;;
RU000A10DD30;СФО СБ Секьюритизация 3 кл.А1;17700;26.09.2026;1000;RUB;685,36;16,5;8,34;8,34;;;;;;
RU000A10DBZ7;Акрон (ПАО) БО-002P-01;150;26.09.2026;1000;USD;1000;7,7;6,33;487,8;;;;;;
RU000A10DBV6;Уралкуз 001Р-03;1486,071;26.09.2026;1000;RUB;1000;20;16,44;16,44;;;;;;
RU000A10DBS2;ЭНЕРГОНИКА 001Р-07;300;26.09.2026;1000;RUB;1000;23;18,9;18,9;;;;;;
RU000A10DBB8;СФО ГПБ-СПК Б2;500;26.09.2026;1000;RUB;1000;;;;;;;;;
RU000A10DBA0;СФО ГПБ-СПК А2;2000;26.09.2026;1000;RUB;732,55;16,5;8,85;8,85;;;;;;
RU000A10D5H4;СинараСекьюр_А;7200;26.09.2026;1000;RUB;1000;16,5;;;;;;;;
RU000A10CS91;Росагролизинг 002P-04;7000;26.09.2026;1000;RUB;1000;;;;;;;;;
RU000A10BYR0;Самокат БО-03;300;26.09.2026;1000;RUB;1000;27;22,19;22,19;;;;;;
RU000A10BQR6;СФО СБ Секьюритизация 2 классА;10900;26.09.2026;1000;RUB;423,15;20,3;6,09;6,09;;;;;;
RU000A10BQD6;МЕТАЛЛОИНВЕСТ 001P-14;45000;26.09.2026;1000;RUB;1000;;;;;;;;;
RU000A10BQC8;ХЭНДЕРСОН 001P-01;1800;26.09.2026;1000;RUB;1000;19,5;16,03;16,03;;;;;;
RU000A10BQB0;ГТЛК БО 002P-08;15000;26.09.2026;1000;RUB;1000;19,5;16,03;16,03;;;;;;
RU000A10B8C1;МФК Лайм-Займ 05;400;26.09.2026;1000;RUB;800;27,5;18,08;18,08;;;;;;
RU000A10B7T7;СФО ТБ-3 класс А;4500;26.09.2026;1000;RUB;175,46;25;2,09;2,09;;;;;;
RU000A10B0C8;МЕТАЛЛОИНВЕСТ 001P-12;1500;26.09.2026;1000;CNY;1000;10,2;8,38;94,99;;;;;;
RU000A10B0B0;Группа ЛСР ПАО БО 001Р-10;4000;26.09.2026;1000;RUB;1000;;;;;;;;;
RU000A10B081;ЭкономЛизинг 001Р-08;100;26.09.2026;1000;RUB;1000;27;22,19;22,19;;;;;;
RU000A10ASF9;Сибирское Стекло БО-01;350;26.09.2026;1000;RUB;900;29;19,07;19,07;;;;;;
RU000A1097T6;СФО СБ Секьюритизация класс А;9500;26.09.2026;1000;RUB;265,17;20;3,64;3,64;;;;;;
RU000A108Z77;Практика ЛК 001Р-03;1500;26.09.2026;1000;RUB;362,9;17,1;4,47;4,47;;;;;;
RU000A1087J8;Газпром капитал БО-002Р-14;20000;26.09.2026;1000;RUB;1000;;;;;;;;;
RU000A1087G4;МФК ПСБ Финанс 002Р-01;500;26.09.2026;1000;RUB;300;;;;;;;;;
RU000A1087A7;ЭР-Телеком Холдинг ПБО-02-06;8000;26.09.2026;1000;RUB;1000;15;12,33;12,33;;;;;;
RU000A107RZ0;ГК Самолет БО-П13;24500;26.09.2026;1000;RUB;1000;21;17,26;17,26;;;;;;
RU000A107DR7;СФО МОС МСП 6 02;4000;26.09.2026;1000;RUB;296,33;15,6;;;;;;;;
RU000A1070P1;ЧИСТАЯ ПЛАНЕТА БО-01;100;26.09.2026;1000;RUB;1000;28;23,01;23,01;;;;;;
RU000A106169;ППК РЭО, обл.02;2978,106;26.09.2026;1000;RUB;676,44;17,85;30,1;30,1;;;;;;
RU000A105UE3;ИА Титан-5 В;300;26.09.2026;1000;RUB;1000;;;;;;;;;
RU000A105UD5;ИА Титан-5 Б;300;26.09.2026;1000;RUB;544,8;11;15,11;15,11;;;;;;
RU000A105UC7;ИА Титан-5 А;2540;26.09.2026;1000;RUB;360,78;10,65;9,68;9,68;;;;;;
XS0609017917;RZD Capital PLC 7.487 25/0;627,32;25.09.2026;1000;GBP;1000;7,487;37,435;3808,49;;;;;;
RU000A10F8V7;Газпром нефть 005Р-08R;100000;25.09.2026;1000;RUB;1000;;;;;;;;;
RU000A10F8U9;ЭР-Телеком Холдинг ПБО-02-08;10000;25.09.2026;1000;RUB;1000;;;;;;;;;
RU000A10F8R5;СКС ЛОМБАРД БО-03;200;25.09.2026;1000;RUB;1000;21,5;17,67;17,67;;;;;;
RU000A10F8Q7;Ростовская область 34001;7500;25.09.2026;1000;RUB;1000;;;;;;;;;
RU000A10F8P9;РЖД БО 001P-53R;45000;25.09.2026;1000;RUB;1000;10,75;8,84;8,84;;;;;;
RU000A10F8N4;Мобильные Телесистемы 003Р-02;40000;25.09.2026;1000;RUB;1000;;;;;;;;;
RU000A10EYZ7;МегаФон ПАО БО-002Р-12;30000;25.09.2026;1000;RUB;1000;;;;;;;;;
RU000A10EYY0;Медскан 001Р-02;3500;25.09.2026;1000;RUB;1000;15,35;12,62;12,62;;;;;;
RU000A10EYX2;МегаФон ПАО БО-002Р-11;25000;25.09.2026;1000;RUB;1000;;;;;;;;;
RU000A10EYW4;ПГК 003Р-05;2200;25.09.2026;1000;RUB;1000;;;;;;;;;
RU000A10EYV6;ПГК 003Р-04;20000;25.09.2026;1000;RUB;1000;15,4;12,66;12,66;;;;;;
RU000A10EYU8;ВУШ БО 001P-06;666,653;25.09.2026;1000;RUB;1000;22;18,08;18,08;;;;;;
RU000A10EYT0;Идель Нефтемаш 001Р-01;250;25.09.2026;1000;RUB;1000;27;22,19;22,19;;;;;;
RU000A10EYN3;Совком Ипотечный агент-1;8032;25.09.2026;1000;RUB;1000;;;;;;;;;
RU000A10EYJ1;ВИС ФИНАНС БО-П12;2500;25.09.2026;1000;RUB;1000;16,5;13,56;13,56;;;;;;
RU000A10EYH5;Группа ЛСР ПАО БО 002Р-01;10000;25.09.2026;1000;RUB;1000;15,65;12,86;12,86;;;;;;
RU000A10EXM7;Ипотечный агент РТБ-1;8365,6;25.09.2026;1000;RUB;989,17;15,8;13,02;13,02;;;;;;
RU000A10EPP6;Совкомбанк Лизинг БО-П20;5125;25.09.2026;1000;RUB;1000;13,6;33,91;33,91;;;;;;
RU000A10EE87;АФК Система БО 002Р-12;5500;25.09.2026;1000;RUB;1000;17,5;14,38;14,38;;;;;;
RU000A10EDW8;Магнит ПАО БО-006Р-01;85000;25.09.2026;1000;RUB;1000;;;;;;;;;
RU000A10EDV0;АйДи Коллект 001P-07;1700;25.09.2026;1000;RUB;1000;20,75;17,05;17,05;;;;;;
RU000A10E655;ГЛОРАКС 001Р-05;5000;25.09.2026;1000;RUB;1000;20,5;16,85;16,85;;;;;;
RU000A10E630;Газпром нефть 005P-04R;138000;25.09.2026;1000;RUB;1000;;;;;;;;;
RU000A10E2B3;Совком Экспресс 001P-01;500;25.09.2026;1000;RUB;1000;19,5;16,03;16,03;;;;;;
RU000A10E291;ГК Азот 001Р-01;1000;25.09.2026;1000;RUB;1000;17,4;14,3;14,3;;;;;;
RU000A10E283;ХРОМОС Инжиниринг БО-04;260;25.09.2026;1000;RUB;1000;24,5;20,14;20,14;;;;;;
RU000A10DBH5;ВОСТОК-ОЙЛ БО-01;175;25.09.2026;1000;RUB;1000;27;22,19;22,19;;;;;;
RU000A10CWF7;ПГК 003Р-01;12000;25.09.2026;1000;RUB;1000;15,75;12,95;12,95;;;;;;
RU000A10CTS6;СберИОС 001Р-761R 3Y1M ОФЗ;301;25.09.2026;1000;RUB;1000;0,01;0,1;0,1;;;;;;
RU000A10CSP4;Республика Башкортостан 34016;5000;25.09.2026;1000;RUB;1000;14;11,51;11,51;;;;;;
RU000A10CPK1;АЛЬФА-Б С-1-819 структурные;0;25.09.2026;1000;RUB;1000;0,01;0,1;0,1;;;;;;
RU000A10CL49;СберИОС 001Р-752R 3Y1M IMOEX;67,799;25.09.2026;1000;RUB;1000;0,01;0,1;0,1;;;;;;
RU000A10C8T4;СИБУР Холдинг 001Р-07;40000;25.09.2026;1000;RUB;1000;13,95;11,47;11,47;;;;;;
RU000A10C8Q0;ГМК Нор.никель БО-001Р-13;975;25.09.2026;100;USD;100;7,75;0,64;49,32;;;;;;
RU000A10C8M9;Михайловский Молочный Завод-03;55;25.09.2026;1000;RUB;1000;22,5;18,12;18,12;;;;;;
RU000A10C8K3;ВОКСИС-04;200;25.09.2026;1000;RUB;1000;20;16,44;16,44;;;;;;
RU000A10C8H9;Оил Ресурс 001P-02;3000;25.09.2026;1000;RUB;1000;28;23,01;23,01;;;;;;
RU000A10BY94;АФК Система БО 002Р-03;12000;25.09.2026;1000;RUB;1000;21,5;17,67;17,67;;;;;;
RU000A10BY45;Новые технологии 001Р-07;1300;25.09.2026;1000;RUB;1000;20,25;16,64;16,64;;;;;;
RU000A10BQ78;СИМПЛ 001Р-04;1500;25.09.2026;1000;RUB;1000;;;;;;;;;
RU000A10BQ60;РОЛЬФ БО 001Р-08;1500;25.09.2026;1000;RUB;1000;25,5;20,96;20,96;;;;;;
RU000A10B7W1;Р-Вижн 001Р-02;500;25.09.2026;1000;RUB;1000;24,5;20,14;20,14;;;;;;
RU000A10B008;Южуралзолото 001P-04;200;25.09.2026;100;USD;100;10,6;0,87;67,04;;;;;;
RU000A10AZY5;АПРИ БО-002Р-09;1000;25.09.2026;1000;RUB;1000;24;19,73;19,73;;;;;;
RU000A10AST0;СовкомСекьюр_А;8000;25.09.2026;1000;RUB;816;23;14,46;14,46;;;;;;
RU000A10A7S0;Селектел 001P-05R;4000;25.09.2026;1000;RUB;1000;;;;;;;;;
RU000A109N96;Банк ВТБ (ПАО) Б-1-361;50000;25.09.2026;1000;RUB;1000;;;;;;;;;
RU000A109N54;СОПФ ДОМ.РФ 10;10000;25.09.2026;1000;RUB;1000;;;;;;;;;
RU000A1095L7;ГК Самолет БО-П14;20000;25.09.2026;1000;RUB;1000;;;;;;;;;
RU000A108UR9;РЕСО-Лизинг ООО БО-П-26;3000;25.09.2026;1000;RUB;1000;18,5;46,12;46,12;;;;;;
RU000A1084N7;СЕРГИЕВСКОЕ БО-01;100;25.09.2026;1000;RUB;750;20;37,4;37,4;;;;;;
RU000A1070G0;МФК Быстроденьги 002Р-03;333,356;25.09.2026;1000;RUB;1000;15;12,33;12,33;;;;;;
RU000A106FW4;МГКЛ 001Р-03;250;25.09.2026;1000;RUB;1000;16;39,89;39,89;;;;;;
RU000A105RW1;ППК РЭО, обл.01;1591,075;25.09.2026;1000;RUB;588,01;17,5;25,65;25,65;;;;;;
RU000A105M59;ЛК Роделен БО 001Р-03;250;25.09.2026;1000;RUB;473,7;19;6,53;6,53;;;;;;
RU000A1053H4;Лизинг-Трейд 001P-05;100;25.09.2026;1000;RUB;1000;15;12,33;12,33;;;;;;
RU000A1026H0;ГИДРОМАШСЕРВИС АО БО-03;1524,573;25.09.2026;1000;RUB;1000;16;79,78;79,78;;;;;;
RU000A1022E6;ПР-Лизинг ООО БО 002Р-01;1750;25.09.2026;1000;RUB;1000;19;15,62;15,62;;;;;;
RU000A1008Q9;ПАО НК Роснефть 002P-07;20000;25.09.2026;1000;RUB;1000;9;22,44;22,44;;;;;;
RU000A1008P1;ПАО НК Роснефть 002P-06;10000;25.09.2026;1000;RUB;1000;9;22,44;22,44;;;;;;
RU000A1008J4;АФК Система БО 001P-10;10000;25.09.2026;1000;RUB;1000;16;79,78;79,78;;;;;;
RU000A0ZZ1N0;ДОМ.РФ ПАО 001Р-03R;15000;25.09.2026;1000;RUB;1000;14,4;71,8;71,8;;;;;;
RU000A0ZZ1M2;ПИК СЗ (ПАО) БО-П04;7000;25.09.2026;1000;RUB;1000;16;79,78;79,78;;;;;;
RU000A0ZZ1J8;ГТЛК БО 001P-09;10000;25.09.2026;1000;RUB;1000;17;42,38;42,38;;;;;;
RU000A0ZYGF7;ООО Трансп.Концесс.Комп. кл.A3;1374;25.09.2026;1000;RUB;692,56;16,74;115,93;115,93;;;;;;
RU000A0NTYA7;Банк ВТБ (ПАО) С-1-713;427,987;25.09.2026;1000;RUB;1000;0,01;0,3;0,3;;;;;;
RU000A0JXN21;"АФК ""Система"" ПАО БО-001P-06";15000;25.09.2026;1000;RUB;1000;10,5;52,36;52,36;;;;;;
RU000A0JWU31;ООО Трансп.Концесс.Комп. кл.A1;1241;25.09.2026;1000;RUB;1000;10,3;103;103;;;;;;
RU000A0JT403;ВЭБ.РФ об. сер. 18;10000;25.09.2026;1000;RUB;1000;17,09;85,22;85,22;;;;;;
RU000A10FJ65;ЛК Роделен БО 002P-06;500;24.09.2026;1000;RUB;1000;21;17,26;17,26;;;;;;
RU000A10FJ16;ВИС ФИНАНС БО-П13;1250;24.09.2026;1000;RUB;1000;16,5;13,56;13,56;;;;;;
RU000A10FJ08;ПРОГРЕСС БО-01;100;24.09.2026;1000;RUB;1000;24;19,73;19,73;;;;;;
RU000A10FHY2;ЭкоНива 001P-03;3000;24.09.2026;1000;RUB;1000;15,75;12,95;12,95;;;;;;
RU000A10FHP0;Банк ВТБ (ПАО) Б-1-400;2000;24.09.2026;1000;RUB;1000;13,5;33,66;33,66;;;;;;
RU000A10FGG1;Джи-групп 002P-08;2000;24.09.2026;1000;RUB;1000;;;;;;;;;
RU000A10F8G8;СПМК БО-03;500;24.09.2026;1000;RUB;1000;18;14,79;14,79;;;;;;
RU000A10F8F0;Газпром нефть 005Р-09R;200;24.09.2026;1000;USD;1000;7,5;6,16;474,7;;;;;;
RU000A10F827;МегаФон ПАО БО-002Р-13;15000;24.09.2026;1000;RUB;1000;13,3;10,93;10,93;;;;;;
RU000A10EYG7;Полюс ПБО-06;2600;24.09.2026;1000;CNY;1000;7,65;6,29;71,3;;;;;;
RU000A10ENU1;Банк ВТБ (ПАО) Б-1-232;909,017;24.09.2026;1000;RUB;1000;13;32,41;32,41;;;;;;
RU000A10ED70;Первый ЮвелирЛомб БО-01;75;24.09.2026;1000;RUB;1000;25;20,55;20,55;;;;;;
RU000A10ED62;ПКО Вернём 001Р-01;150;24.09.2026;1000;RUB;1000;26,5;21,78;21,78;;;;;;
RU000A10EC63;Брусника 002Р-06;1500;24.09.2026;1000;RUB;1000;22,75;18,7;18,7;;;;;;
RU000A10E5X0;РусГидро БО-002Р-11;30000;24.09.2026;1000;RUB;1000;;;;;;;;;
RU000A10DUR4;Балтийский лизинг ООО БО-П23;500;24.09.2026;1000;RUB;1000;;;;;;;;;
RU000A10DM96;Россети ПАО БО 001P-19R;35000;24.09.2026;1000;RUB;1000;;;;;;;;;
RU000A10DBM5;СФО ТБ-5 класс А;12000;24.09.2026;1000;RUB;1000;17,3;14,69;14,69;;;;;;
RU000A10DB16;Оил Ресурс 001P-03;3755,298;24.09.2026;1000;RUB;1000;29;23,84;23,84;;;;;;
RU000A10D616;Балтийский лизинг ООО БО-П20;1500;24.09.2026;1000;RUB;1000;18,75;15,41;15,41;;;;;;
RU000A10CUF1;ТАЛК002P-03;200;24.09.2026;1000;RUB;1000;20;16,44;16,44;;;;;;
RU000A10C8C0;РЖД БО 001P-44R;40000;24.09.2026;1000;RUB;1000;13,95;11,47;11,47;;;;;;
RU000A10C8B2;СОБИ-ЛИЗИНГ 001Р-07;86,529;24.09.2026;1000;RUB;760;22;12,66;12,66;;;;;;
RU000A10C8A4;Полипласт АО П02-БО-08;500;24.09.2026;100;CNY;100;13,95;1,15;13,04;;;;;;
RU000A10C873;СКС ЛОМБАРД БО-01;100;24.09.2026;1000;RUB;1000;28,5;23,42;23,42;;;;;;
RU000A10BY52;iКаршеринг Руссия 001P-06;2000;24.09.2026;1000;RUB;1000;20;16,44;16,44;;;;;;
RU000A10BXQ4;ДиректЛизинг БО 002Р-04;100;24.09.2026;1000;RUB;799,6;;;;;;;;;
RU000A10BVR6;Ресурсы Албазино 001Р-02;60;24.09.2026;1000;CNY;1000;8,5;21,19;240,21;;;;;;
RU000A10B7S9;ПКО СЗА БО-02;100;24.09.2026;1000;RUB;1000;28,5;23,42;23,42;;;;;;
RU000A10B7N0;БиоВитрум 001Р-01;100;24.09.2026;1000;RUB;1000;28;23,01;23,01;;;;;;
RU000A10AAU6;Минфин Амурской обл. 24001;2935,217;24.09.2026;1000;RUB;1000;;;;;;;;;
RU000A10A7H3;СИБУР Холдинг 001Р-02;9900;24.09.2026;1000;RUB;1000;;;;;;;;;
RU000A10A7F7;ВЭБ.РФ ПБО-002Р-47;20000;24.09.2026;1000;RUB;1000;;;;;;;;;
RU000A10A7C4;ПАО ЛК Европлан 001P-08;8500;24.09.2026;1000;RUB;1000;;;;;;;;;
RU000A109QN4;Экспобанк 001P-02;5000;24.09.2026;1000;RUB;1000;;;;;;;;;
RU000A109E71;ТрансКонтейнер П02-01;27000;24.09.2026;1000;RUB;1000;;;;;;;;;
RU000A108ZH9;Славнефть БО 002Р-05;10000;24.09.2026;1000;RUB;1000;;;;;;;;;
RU000A108LN7;СмартФакт БО-03-001P;200;24.09.2026;1000;RUB;1000;;;;;;;;;
RU000A1083X8;Агротек БО-04;75;24.09.2026;1000;RUB;1000;18;44,88;44,88;;;;;;
RU000A1083W0;Мобильные ТелеСистемы 002P-05;25000;24.09.2026;1000;RUB;1000;;;;;;;;;
RU000A1083V2;Агротек БО-05;75;24.09.2026;1000;RUB;1000;18;44,88;44,88;;;;;;
RU000A1083U4;Мобильные ТелеСистемы 002P-04;17000;24.09.2026;1000;RUB;1000;;;;;;;;;
RU000A107XC7;ВЭБ.РФ ПБО-002Р-43;50000;24.09.2026;1000;RUB;1000;;;;;;;;;
RU000A107HR8;АО Авто Финанс Банк БО-001Р-11;7000;24.09.2026;1000;RUB;1000;17;42,38;42,38;;;;;;
RU000A107HH9;Газпром нефть БО 003P-09R;15000;24.09.2026;1000;RUB;1000;;;;;;;;;
RU000A107076;ЛК Роделен БО 002P-01;750;24.09.2026;1000;RUB;1000;22,5;18,49;18,49;;;;;;
RU000A106ZL5;РЖД БО 001P-28R;45000;24.09.2026;1000;RUB;1000;;;;;;;;;
RU000A106YL8;Агротек БО-03;150;24.09.2026;1000;RUB;1000;16,5;41,14;41,14;;;;;;
RU000A106U33;Банк ВТБ (ПАО) Б-1-338;120,999;24.09.2026;1000;RUB;1000;0,01;0,05;0,05;;;;;;
RU000A106RY5;СберИОС 001Р-581R 3Г AC ROSN;90,723;24.09.2026;1000;RUB;1000;0,01;0,1;0,1;;;;;;
RU000A1041Z1;Банк ВТБ С-1-104 (структурные);0;24.09.2026;1000;USD;1000;0,01;0,3;23,12;;;;;;
RU000A103LD9;СберИОС 001Р-463R 5Г SBRIF ИНД;138,471;24.09.2026;1000;RUB;1000;0,01;0,5;0,5;;;;;;
RU000A100W60;ПАО ЛК Европлан БО-03;5000;24.09.2026;1000;RUB;1000;19,5;97,23;97,23;;;;;;
RU000A0JWV89;Акрон (ПАО) БО-001P-01;5000;24.09.2026;1000;RUB;1000;3;14,96;14,96;;;;;;
RU000A103MX5;ОФЗ-ИН 52004 17/03/32;250000;23.09.2026;1000;RUB;1496,86;2,5;18,69;18,69;;;;;;
RU000A102BV4;ОФЗ-ПК 29020 22/09/2027;294544,699;23.09.2026;1000;RUB;1000;;;;;;;;;
RU000A1025B5;ОФЗ-ПК 29016 23/12/2026;155059,582;23.09.2026;1000;RUB;1000;;;;;;;;;
RU000A101KT1;ОФЗ-ПК 29013 18/09/30;427467,173;23.09.2026;1000;RUB;1000;;;;;;;;;
RU000A108EE1;ОФЗ-ПД 26246 12/03/36;1250000;23.09.2026;1000;RUB;1000;12;59,84;59,84;;;;;;
RU000A1074G2;ОФЗ-ПД 26244 15/03/34;1250000;23.09.2026;1000;RUB;1000;11,25;56,1;56,1;;;;;;
RU000A0JVW48;ОФЗ-ПД 26218 17/09/31;597608,211;23.09.2026;1000;RUB;1000;8,5;42,38;42,38;;;;;;
RU000A10FHT2;Стеллар Груп Рус 001Р-02;200;23.09.2026;1000;RUB;1000;17;13,97;13,97;;;;;;
RU000A10FHS4;Ростелеком ПАО 001P-27R;20000;23.09.2026;1000;RUB;1000;;;;;;;;;
RU000A10FHQ8;Т Плюс 002Р-02;20000;23.09.2026;1000;RUB;1000;;;;;;;;;
RU000A10F850;РОЛЬФ БО 001Р-09;2000;23.09.2026;1000;RUB;1000;19,5;16,03;16,03;;;;;;
RU000A10F801;ГТЛК БО 002P-13;35000;23.09.2026;1000;RUB;1000;15,95;13,11;13,11;;;;;;
RU000A10EPX0;РусГидро БО-002Р-12;35000;23.09.2026;1000;RUB;1000;;;;;;;;;
RU000A10EPW2;Брусника 002Р-07;6000;23.09.2026;1000;RUB;1000;;;;;;;;;
RU000A10EPV4;СИМПЛ СОЛЮШНЗ КЭПИТЛ 001Р-02;700;23.09.2026;1000;RUB;1000;21;17,26;17,26;;;;;;
RU000A10EPU6;АВТОАССИСТАНС 001P-01;500;23.09.2026;1000;RUB;1000;24,5;20,14;20,14;;;;;;
RU000A10EPT8;ДиректЛизинг БО 002Р-06;200;23.09.2026;1000;RUB;949,9;24,5;18,46;18,46;;;;;;
RU000A10EPR2;Автодор ГК БО-005Р-15;500;23.09.2026;1000;RUB;1000;15,35;12,62;12,62;;;;;;
RU000A10EPQ4;Автодор ГК БО-005Р-16;3500;23.09.2026;1000;RUB;1000;15,4;12,66;12,66;;;;;;
RU000A10EMX7;АЛЬФА-БАНК T2-CR-10;2300;23.09.2026;100000000;RUB;100000000;;;;;;;;;
RU000A10ECY6;ЭЛЕКТРОРЕШЕНИЯ 001Р-03;1000;23.09.2026;1000;RUB;1000;23,5;19,32;19,32;;;;;;
RU000A10ECX8;Полипласт АО П02-БО-14;18;23.09.2026;100;USD;100;12,75;1,05;80,91;;;;;;
RU000A10ECW0;Полипласт АО П02-БО-15;45;23.09.2026;100;CNY;100;12,25;1,01;11,45;;;;;;
RU000A10E5S0;ТАЛК002P-04;300;23.09.2026;1000;RUB;1000;24;19,73;19,73;;;;;;
RU000A10DYG9;Атомэнергопром АО 001Р-10;25000;23.09.2026;1000;RUB;1000;15,15;37,77;37,77;;;;;;
RU000A10DUQ6;Балтийский лизинг ООО БО-П22;3500;23.09.2026;1000;RUB;1000;20;16,44;16,44;;;;;;
RU000A10DLN2;ПКО Финэква 001Р-01;600;23.09.2026;1000;RUB;1000;24;19,73;19,73;;;;;;
RU000A10DA66;Газпром нефть 005P-02R;57000;23.09.2026;1000;RUB;1000;;;;;;;;;
RU000A10DA58;ВЕРАТЕК-02;55,377;23.09.2026;1000;RUB;1000;26;21,37;21,37;;;;;;
RU000A10DA41;ВИС ФИНАНС БО-П10;2500;23.09.2026;1000;RUB;1000;;;;;;;;;
RU000A10D9M6;РусГидро БО-002Р-10;15000;23.09.2026;1000;RUB;1000;;;;;;;;;
RU000A10CTB2;Агроэко БО-001P-01;3000;23.09.2026;1000;RUB;1000;;;;;;;;;
RU000A10CM06;АПРИ БО-002Р-11;2500;23.09.2026;1000;RUB;1000;25;20,55;20,55;;;;;;
RU000A10CLX3;Уральская Сталь БО-001Р-05;4000;23.09.2026;1000;RUB;1000;18,5;15,21;15,21;;;;;;
RU000A10C7C2;Алтимейт Эдьюкейшн БО-П01;600;23.09.2026;1000;RUB;1000;19,75;16,23;16,23;;;;;;
RU000A10BWN3;ТАЛК002P-02;200;23.09.2026;1000;RUB;1000;;;;;;;;;
RU000A10BWL7;МОНОПОЛИЯ 001P-05;500;23.09.2026;1000;RUB;1000;25,5;20,96;20,96;;;;;;
RU000A10B7J8;ФосАгро БО-02-03;642,2;23.09.2026;1000;USD;1000;7,5;6,16;474,7;;;;;;
RU000A10B7H2;Аптечная сеть 36,6 002P-02;1250;23.09.2026;1000;RUB;1000;24,5;20,14;20,14;;;;;;
RU000A10ASE2;РОЛЬФ БО 001Р-07;1600;23.09.2026;1000;RUB;1000;26;21,37;21,37;;;;;;
RU000A10ASD4;РОЛЬФ БО 001Р-06;400;23.09.2026;1000;RUB;1000;;;;;;;;;
RU000A10ASC6;ПАО ЛК Европлан 001P-09;16000;23.09.2026;1000;RUB;900;24;15,78;15,78;;;;;;
RU000A109MG7;ДОМ.РФ Ипотечный агент БО 1P50;29990,754;23.09.2026;1000;RUB;852,08;;;;;;;;;
RU000A109KX6;ВИС ФИНАНС БО-П06;2500;23.09.2026;1000;RUB;1000;;;;;;;;;
RU000A109DV5;Интерлизинг 001Р-09;4700;23.09.2026;1000;RUB;560;;;;;;;;;
RU000A1097C2;АРЕНЗА-ПРО 001P-05;300;23.09.2026;1000;RUB;700;;;;;;;;;
RU000A108WV7;Фордевинд 06;37,909;23.09.2026;1000;RUB;1000;19;15,62;15,62;;;;;;
RU000A108U49;Урожай БО-05;160,33;23.09.2026;1000;RUB;1000;0,01;0,02;0,02;;;;;;
RU000A108GC0;ДОМ.РФ Ипотечный агент БО 1P44;59689,796;23.09.2026;1000;RUB;807,3;;;;;;;;;
RU000A1083N9;ПАО НК Роснефть 004P-01;20000;23.09.2026;1000;CNY;1000;6,5;32,41;367,4;;;;;;
RU000A107UU5;Брусника 002Р-02;7500;23.09.2026;1000;RUB;750;21;13,38;13,38;;;;;;
RU000A107C91;МСБ-Лизинг 003P-02;300;23.09.2026;1000;RUB;166,75;16;1,32;1,32;;;;;;
RU000A1076A0;БЭЛТИ-ГРАНД ООО БО-П06;185;23.09.2026;1000;RUB;950;14;10,36;10,36;;;;;;
RU000A106YR5;ДОМ.РФ Ипотечный агент БО 1P37;29839,165;23.09.2026;1000;RUB;731,31;;;;;;;;;
RU000A106YE3;Магаданская область ГО2023;2000;23.09.2026;1000;RUB;1000;13,75;34,28;34,28;;;;;;
RU000A106YD5;ПЛАЗА-ТЕЛЕКОМ БО-01;200;23.09.2026;1000;RUB;1000;17,15;42,76;42,76;;;;;;
RU000A106SV9;Сбер CIB-CO-621;245,108;23.09.2026;1000;RUB;1000;0,01;0,3;0,3;;;;;;
RU000A106Q47;Фордевинд 03;500;23.09.2026;1000;RUB;1000;16;10,97;10,97;;;;;;
RU000A105YH8;ВЭБ.РФ ПБО-002Р-36;50000;23.09.2026;1000;RUB;1000;;;;;;;;;
RU000A105MN1;ДОМ.РФ ПАО 002P-01;30000;23.09.2026;1000;RUB;1000;;;;;;;;;
RU000A1056U0;Газпром капитал ООО ЗО27-1-Д;402,348;23.09.2026;1000;USD;1000;4,95;24,75;1907,26;;;;;;
RU000A104EP6;НЗРМ ООО БО-01;160;23.09.2026;1000;RUB;325;;;;;;;;;
RU000A103S30;ДиректЛизинг БО 001Р-07;300;23.09.2026;1000;RUB;400;11,5;11,47;11,47;;;;;;
RU000A102564;РЖД 001Б-03;100000;23.09.2026;1000;RUB;1000;16,66;83,07;83,07;;;;;;
RU000A100881;Ростелеком ПАО 001P-05R;15000;23.09.2026;1000;RUB;1000;14;69,81;69,81;;;;;;
RU000A0JXLU2;СФО Локосервис финанс ООО 01;4373;23.09.2026;1000;RUB;0,01;8,68;0,01;0,01;;;;;;
RU000A0JWV63;Россельхозбанк (АО) обл.08Т1;5000;23.09.2026;1000;RUB;1000;14,25;71,05;71,05;;;;;;
RU000A10FHH7;ЭН ПЛЮС ГИДРО 001РС-10;1000;22.09.2026;1000;CNY;1000;8,5;6,99;79,24;;;;;;
RU000A10F7V9;Полипласт АО П02-БО-16;5000;22.09.2026;1000;RUB;1000;17,45;14,34;14,34;;;;;;
RU000A10F7T3;Атомэнергопром АО 001Р-14;15000;22.09.2026;1000;RUB;1000;;;;;;;;;
RU000A10F5H2;СФО Каспий класс А;237;22.09.2026;1000;RUB;1000;17;42,38;42,38;;;;;;
RU000A10ENT3;ПКО Финэква 001Р-02;1000;22.09.2026;1000;RUB;1000;23;18,9;18,9;;;;;;
RU000A10ENS5;МЕТАЛЛОИНВЕСТ 002P-05;60000;22.09.2026;1000;RUB;1000;;;;;;;;;
RU000A10ECR0;ФЛИТ 001Р-02;500;22.09.2026;1000;RUB;916,7;17,52;12;12;;;;;;
RU000A10ECM1;Газпром капитал ООО БО-003Р-21;50000;22.09.2026;1000;RUB;1000;;;;;;;;;
RU000A10E1Z4;РЕСО-Лизинг ООО БО-П-29;5800;22.09.2026;1000;RUB;1000;14,5;11,92;11,92;;;;;;
RU000A10DZW3;РЖД БО 001P-50R;25000;22.09.2026;1000;RUB;1000;15,35;12,62;12,62;;;;;;
RU000A10DZU7;А101 БО-001Р-02;4150;22.09.2026;1000;RUB;1000;17;13,97;13,97;;;;;;
RU000A10DZT9;А101 БО-001Р-03;6350;22.09.2026;1000;RUB;1000;;;;;;;;;
RU000A10DZK8;Полипласт АО П02-БО-13;2750;22.09.2026;1000;RUB;1000;19,45;15,99;15,99;;;;;;
RU000A10DZJ0;Т Плюс 002Р-01;500;22.09.2026;1000;RUB;1000;;;;;;;;;
RU000A10DZH4;АПРИ БО-002Р-12;600;22.09.2026;1000;RUB;1000;25;20,55;20,55;;;;;;
RU000A10DY35;Русский Свет БО-01;1000;22.09.2026;1000;RUB;1000;24;59,84;59,84;;;;;;
RU000A10DY01;ГК Пионер БО 002P-02;2300;22.09.2026;1000;RUB;1000;;;;;;;;;
RU000A10DLE1;Газпром капитал БО-003Р-07;70000;22.09.2026;1000;RUB;1000;;;;;;;;;
RU000A10DLC5;ООО АСВ БО-04-001P;200;22.09.2026;1000;RUB;1000;25;20,55;20,55;;;;;;
RU000A10D9L8;АО Авто Финанс Банк БО-001Р-17;4000;22.09.2026;1000;RUB;1000;;;;;;;;;
RU000A10D9K0;АО Авто Финанс Банк БО-001Р-16;6000;22.09.2026;1000;RUB;1000;16,65;13,68;13,68;;;;;;
RU000A10CT58;ДОМ.РФ 002P-07;35000;22.09.2026;1000;RUB;1000;;;;;;;;;
RU000A10CT33;Атомэнергопром АО 001Р-08;30000;22.09.2026;1000;RUB;1000;14,7;36,65;36,65;;;;;;
RU000A10CRP6;Байсэл 001P-03;67,007;22.09.2026;1000;RUB;1000;23;57,34;57,34;;;;;;
RU000A10CLD5;МСБ-Лизинг 003P-06;300;22.09.2026;1000;RUB;1000;23;18,9;18,9;;;;;;
RU000A10C758;ТД РКС 002Р-06;700;22.09.2026;1000;RUB;1000;25;20,55;20,55;;;;;;
RU000A10C741;Кокс ПАО 001P-04;1500;22.09.2026;1000;RUB;1000;21;17,26;17,26;;;;;;
RU000A10BQ03;Спектр БО-02;300;22.09.2026;1000;RUB;1000;27,5;22,6;22,6;;;;;;
RU000A10BPZ1;АФК Система БО 002Р-02;12000;22.09.2026;1000;RUB;1000;22,75;18,7;18,7;;;;;;
RU000A10BPX6;Спектр БО-01;115,544;22.09.2026;1000;RUB;1000;;;;;;;;;
RU000A10BJX9;Балтийский лизинг ООО БО-П16;4500;22.09.2026;1000;RUB;890;22,25;14,26;14,26;;;;;;
RU000A10BJR1;СФО Неро класс А;149;22.09.2026;1000;RUB;794,25;23;45,54;45,54;;;;;;
RU000A10BJ93;ГК Сегежа 003P-05R;10000;22.09.2026;1000;RUB;1000;;;;;;;;;
RU000A10B7D1;Центр-резерв БО-04;200;22.09.2026;1000;RUB;950;29,5;23,03;23,03;;;;;;
RU000A10B5E3;РСГ-Финанс 001Р-02;2000;22.09.2026;1000;RUB;1000;10;49,86;49,86;;;;;;
RU000A10AS02;ТГК-14 001Р-05;4500;22.09.2026;1000;RUB;1000;24,75;20,34;20,34;;;;;;
RU000A10ARZ9;ТГК-14 001Р-06;350;22.09.2026;1000;RUB;1000;;;;;;;;;
RU000A10AFQ3;МИРРИКО БО-П02;500;22.09.2026;1000;RUB;1000;18,5;46,12;46,12;;;;;;
RU000A109ZQ8;Россети ПАО БО 001P-14R;23000;22.09.2026;1000;RUB;1000;;;;;;;;;
RU000A109NF7;ЯТЭК 001Р-04;1500;22.09.2026;1000;RUB;1000;;;;;;;;;
RU000A109KC0;ИКС 5 ФИНАНС 003P-06;26000;22.09.2026;1000;RUB;1000;14,4;11,84;11,84;;;;;;
RU000A109DP7;ТАЛКлизинг001P-03;309,924;22.09.2026;1000;RUB;560;;;;;;;;;
RU000A108L81;Полюс ПБО-04;150;22.09.2026;100;USD;100;6,2;0,51;39,3;;;;;;
RU000A108L65;АйДи Коллект 07;499,51;22.09.2026;1000;RUB;917;19;11,73;11,73;;;;;;
RU000A1082Y8;Синара Транспортные Машины 1P4;10000;22.09.2026;1000;RUB;1000;17,85;14,67;14,67;;;;;;
RU000A107QM0;БИЗНЕС АЛЬЯНС 001P-04;444,321;22.09.2026;1000;RUB;1000;16;13,15;13,15;;;;;;
RU000A107QL2;БИЗНЕС АЛЬЯНС 001P-03;362,271;22.09.2026;1000;RUB;1000;;;;;;;;;
RU000A107GX8;АФК Система БО 001Р-27;7000;22.09.2026;1000;RUB;1000;;;;;;;;;
RU000A107GV2;Совкомбанк Лизинг 001Р-01;1000;22.09.2026;1000;RUB;167;16,75;6,97;6,97;;;;;;
RU000A107C34;АйДи Коллект 06;2207,113;22.09.2026;1000;RUB;419;18;3,73;3,73;;;;;;
RU000A107C00;ИСТРИНСКАЯ СЫРОВАРНЯ БО-03;150;22.09.2026;1000;RUB;1000;;;;;;;;;
RU000A106Y70;АЛЬФА ДОН ТРАНС 001Р-01;300;22.09.2026;1000;RUB;600;18;26,93;26,93;;;;;;
RU000A106UW3;Каршеринг Руссия 001P-03;4500;22.09.2026;1000;RUB;1000;13,7;11,26;11,26;;;;;;
RU000A105PJ2;МГКЛ 001Р-02;150;22.09.2026;1000;RUB;1000;16,5;41,14;41,14;;;;;;
RU000A105PH6;Россети ПАО БО 001P-07R;30000;22.09.2026;1000;RUB;1000;10;24,93;24,93;;;;;;
RU000A104DP8;Банк ВТБ (ПАО) Б-1-303;25,3;22.09.2026;1000;RUB;1000;0,01;0,05;0,05;;;;;;
RU000A104CF1;Солид-Лизинг ООО 01;400;22.09.2026;1000;RUB;200;19;9,47;9,47;;;;;;
RU000A103QN7;Газпром капитал ООО 001Б-03;60000;22.09.2026;5000000;RUB;5000000;16,51;411619,18;411619,18;;;;;;
RU000A0JTU85;Российские ЖД ОАО 28 обл.;20000;22.09.2026;1000;RUB;1000;18,1;90,25;90,25;;;;;;
RU000A10FGZ1;ГПБ Финанс 001Р-06Р;35000;21.09.2026;1000;RUB;1000;;;;;;;;;
RU000A10FGX6;АО Авто Финанс Банк БО-001Р-19;10000;21.09.2026;1000;RUB;1000;14,2;11,67;11,67;;;;;;
RU000A10FGV0;Полюс ПБО-11;1600;21.09.2026;1000;CNY;1000;7,8;6,41;72,66;;;;;;
RU000A10FGU2;ВУШ БО 001P-07;1000;21.09.2026;1000;RUB;1000;22,5;18,49;18,49;;;;;;
RU000A10EY26;ФЛИТ 001Р-04;2000;21.09.2026;1000;RUB;919,3;16;11,03;11,03;;;;;;
RU000A10EXZ9;Озон 1P-02;15000;21.09.2026;1000;RUB;1000;;;;;;;;;
RU000A10ENA3;Йуми БО-01;250;21.09.2026;1000;RUB;1000;25;20,55;20,55;;;;;;
RU000A10EN78;БИЗНЕС АЛЬЯНС 001P-09;500;21.09.2026;1000;RUB;1000;23,5;19,32;19,32;;;;;;
RU000A10EN60;Ростелеком ПАО 001P-24R;15000;21.09.2026;1000;RUB;1000;13,9;11,42;11,42;;;;;;
RU000A10EN52;ВОСТОКОЙЛ-02;100;21.09.2026;1000;RUB;1000;26;21,37;21,37;;;;;;
RU000A10EAB8;АРЕНЗА-ПРО 001P-07;400;21.09.2026;1000;RUB;1000;19;16,14;16,14;;;;;;
RU000A10DYZ9;АСГ ТРАНСФОРМАТОРЕН БО-01;100;21.09.2026;1000;RUB;1000;24;19,73;19,73;;;;;;
RU000A10DYP0;ИКС 5 ФИНАНС 003P-15;20000;21.09.2026;1000;RUB;1000;14,5;11,92;11,92;;;;;;
RU000A10DXJ5;ВЭБ.РФ ПБО-002Р-55;50000;21.09.2026;1000;RUB;1000;;;;;;;;;
RU000A10DWV2;ВЭБ.РФ ПБО-002Р-56;3000;21.09.2026;1000;RUB;1000;;;;;;;;;
RU000A10DK98;Балтийский лизинг ООО БО-П21;2500;21.09.2026;1000;RUB;1000;;;;;;;;;
RU000A10DK80;СОБИ-ЛИЗИНГ 001Р-08;1,657;21.09.2026;1000;RUB;880;;;;;;;;;
RU000A10CUB0;Биннофарм Групп 002Р-01;3500;21.09.2026;1000;RUB;1000;;;;;;;;;
RU000A10CU97;Лизинг-Трейд 001P-12;400;21.09.2026;1000;RUB;1000;23;18,9;18,9;;;;;;
RU000A10CU89;Селектел 001P-06R;6000;21.09.2026;1000;RUB;1000;15,4;12,66;12,66;;;;;;
RU000A10CU55;АФК Система БО 002Р-05;3000;21.09.2026;1000;RUB;1000;;;;;;;;;
RU000A10CU48;АФК Система БО 002Р-04;2000;21.09.2026;1000;RUB;1000;17;13,97;13,97;;;;;;
RU000A10CU30;Патриот Групп 001Р-02;300;21.09.2026;1000;RUB;1000;22;18,08;18,08;;;;;;
RU000A10CTX6;ВЭБ.РФ ПБО-002Р-54В;600;21.09.2026;1000;USD;1000;7,15;5,88;453,12;;;;;;
RU000A10CSL3;Совкомбанк Лизинг БО-П13;750;21.09.2026;1000;RUB;1000;14,7;36,65;36,65;;;;;;
RU000A10CP11;СИНАРА-Капитал 001К-01;3000;21.09.2026;1000;RUB;1000;17;13,97;13,97;;;;;;
RU000A10CL64;ГК Сегежа 003P-07R;650;21.09.2026;100;CNY;100;13;1,07;12,13;;;;;;
RU000A10CL07;Магнит ПАО БО-004Р-09;13900;21.09.2026;1000;RUB;1000;13,3;10,93;10,93;;;;;;
RU000A10CKZ0;ЕвразХолдинг Финанс 003P-04;60000;21.09.2026;1000;RUB;1000;13,9;11,42;11,42;;;;;;
RU000A10CKY3;Группа ЛСР ПАО БО 001Р-11;5000;21.09.2026;1000;RUB;1000;16;13,15;13,15;;;;;;
RU000A10CFK2;СФО ТБ-4 класс А1;10000;21.09.2026;1000;RUB;1000;16;13,59;13,59;;;;;;
RU000A10C725;МЕТАЛЛОИНВЕСТ 002P-01;55000;21.09.2026;1000;RUB;1000;;;;;;;;;
RU000A10C6Z5;ЛЕГЕНДА БО 002Р-04;2000;21.09.2026;1000;RUB;1000;20,25;16,64;16,64;;;;;;
RU000A10C6Y8;ЛЕГЕНДА БО 002Р-05;1500;21.09.2026;1000;RUB;1000;;;;;;;;;
RU000A10C6W2;ПАО Абрау – Дюрсо 002P-01;500;21.09.2026;1000;RUB;1000;15,5;12,74;12,74;;;;;;
RU000A10C6U6;МГКЛ-001Р-08;1000;21.09.2026;1000;RUB;1000;25,5;20,96;20,96;;;;;;
RU000A10C5Y0;ИКС 5 ФИНАНС 003P-13;11000;21.09.2026;1000;RUB;1000;14,1;11,59;11,59;;;;;;
RU000A10BPP2;Газпром капитал БО-003Р-14;650;21.09.2026;1000;USD;1000;7,25;5,96;459,28;;;;;;
RU000A10BPN7;Полипласт АО П02-БО-05;7700;21.09.2026;1000;RUB;1000;25,5;20,96;20,96;;;;;;
RU000A10BHX3;Сибирский КХП 001P-03;150;21.09.2026;1000;RUB;1000;25,5;19,39;19,39;;;;;;
RU000A10AZN8;Органик парк БО-П01;100;21.09.2026;1000;RUB;1000;29,5;24,25;24,25;;BB+;;;;
RU000A10ATW2;Балтийский лизинг ООО БО-П15;6000;21.09.2026;1000;RUB;875;23,7;14,61;14,61;;;;;;
RU000A10AT27;ИКС 5 ФИНАНС 003P-10;10000;21.09.2026;1000;RUB;1000;19,95;16,4;16,4;;;;;;
RU000A10AJ03;АЛЬФА-Б C-1-596 (структурные);0;21.09.2026;1000;RUB;1000;0,01;0,15;0,15;;;;;;
RU000A10AHZ0;АЛЬФА-Б C-1-595 (структурные);0;21.09.2026;1000;RUB;1000;0,01;0,15;0,15;;;;;;
RU000A10A8A6;ОВОЗ РФ 12840112V;2500,6;21.09.2026;200000;USD;200000;4,375;4375;337142,31;;;;;;
RU000A10A356;ГПБ Финанс 001Р-01Р;50000;21.09.2026;1000;RUB;1000;;;;;;;;;
RU000A109NR2;БИЗНЕС АЛЬЯНС 001P-07;63,548;21.09.2026;1000;RUB;1000;24;19,73;19,73;;;;;;
RU000A109528;Россети ПАО БО 001P-13R;65000;21.09.2026;1000;RUB;1000;;;;;;;;;
RU000A107WF2;ПИР БО-01-001P;150;21.09.2026;1000;RUB;375;18,5;3,8;3,8;;;;;;
RU000A107WD7;Мани Капитал 001P-03;300;21.09.2026;1000;RUB;1000;15;12,33;12,33;;;;;;
RU000A107VV1;МКБ ЗО-2026-02;160,108;21.09.2026;1000;USD;1000;3,875;19,375;1493,06;;;;;;
RU000A1072N2;Банк ВТБ С-1-774 (структурные);0;21.09.2026;1000;RUB;1000;0,01;0,28;0,28;;;;;;
RU000A106UA9;СМАК БО-П02;60;21.09.2026;1000;RUB;900;14;9,21;9,21;;;;;;
RU000A106L18;СберИОС 001Р-577R 5Г AC MOEXOG;364,256;21.09.2026;1000;RUB;1000;0,01;0,01;0,01;;;;;;
RU000A106037;РусГидро (ПАО) БО-П10;10000;21.09.2026;1000;RUB;1000;15,8;39,39;39,39;;;;;;
RU000A105YV9;Вымпел-Коммуникации 001Р-09;1600;21.09.2026;1000;RUB;1000;10,55;26,3;26,3;;;;;;
RU000A103LF4;СберИОС 001Р-465R 5Г ПРОД;251,458;21.09.2026;1000;RUB;1000;0,01;0,5;0,5;;;;;;
RU000A1007Z2;РЖД ОАО БО 001Р-13R;20000;21.09.2026;1000;RUB;1000;9,1;45,38;45,38;;;;;;
RU000A0ZYYN4;ГОВОЗ РФ 12840080V (RU);3000;21.09.2026;200000;USD;200000;4,375;4375;337142,31;;;;;;
RU000A0P1UZ4;Банк ВТБ С-1-861 (структурные);0;21.09.2026;1000;RUB;1000;0,01;0,28;0,28;;;;;;
RU000A0NRA77;Банк ВТБ С-1-641 (структурные);0;21.09.2026;1000;RUB;1000;0,01;0,3;0,3;;;;;;
RU000A0JXMP0;Почта России (АО) БО-04;5000;21.09.2026;1000;RUB;1000;14,2;70,81;70,81;;;;;;
RU000A10FGN7;ВТБ Лизинг 001Р-МБ-06;5000;20.09.2026;1000;RUB;1000;14,5;11,92;11,92;;;;;;
RU000A10EXW6;Селигдар 001Р-11;3600;20.09.2026;1000;RUB;1000;15,75;12,95;12,95;;;;;;
RU000A10EXU0;ЛК АдвансТрак 001Р-03;500;20.09.2026;1000;RUB;1000;24;19,73;19,73;;;;;;
RU000A10EXS4;АГРОКЛУБ БО-01;200;20.09.2026;1000;RUB;1000;25;20,55;20,55;;;;;;
RU000A10EN37;КАМАЗ ПАО БО-П21;500;20.09.2026;1000;RUB;1000;;;;;;;;;
RU000A10EN29;КАМАЗ ПАО БО-П22;1000;20.09.2026;1000;RUB;1000;16;13,15;13,15;;;;;;
RU000A10EN11;РЖД БО 001P-52R;35000;20.09.2026;1000;RUB;1000;14,5;11,92;11,92;;;;;;
RU000A10EFL6;АЛЬФА-БАНК T2-CR-06;10000;20.09.2026;100000000;RUB;100000000;;;;;;;;;
RU000A10EDA4;ГПБ Финанс 001Р-10Р;26000;20.09.2026;1000;RUB;1000;;;;;;;;;
RU000A10E5C4;АПРИ БО-002Р-13;2700;20.09.2026;1000;RUB;1000;24,5;20,14;20,14;;;;;;
RU000A10DYH7;ГПБ Финанс 001Р-07Р;20000;20.09.2026;1000;RUB;1000;;;;;;;;;
RU000A10DJ18;Борец Капитал 001Р-03;1000;20.09.2026;1000;RUB;1000;18;14,79;14,79;;;;;;
RU000A10DJ00;Борец Капитал 001Р-04;5000;20.09.2026;1000;RUB;1000;;;;;;;;;
RU000A10DCN1;АЛЬФА-БАНК T2-CR-05;10000;20.09.2026;100000000;RUB;100000000;;;;;;;;;
RU000A10CTK3;АБ РОССИЯ 001P-01;15000;20.09.2026;1000;RUB;1000;;;;;;;;;
RU000A10CTJ5;БЭЛТИ-ГРАНД ООО БО-П08;250;20.09.2026;1000;RUB;1000;24;19,73;19,73;;;;;;
RU000A10CTH9;Полипласт АО П02-БО-11;220;20.09.2026;100;CNY;100;11,45;0,94;10,66;;;;;;
RU000A10CTG1;МИРРИКО БО-П05;435;20.09.2026;1000;RUB;1000;22,5;18,49;18,49;;;;;;
RU000A10CJ92;ПР-Лизинг ООО БО 002Р-03;2000;20.09.2026;1000;RUB;1000;20;16,44;16,44;;;;;;
RU000A10BWC6;Группа Позитив 001Р-03;10000;20.09.2026;1000;RUB;1000;18;14,79;14,79;;;;;;
RU000A10BW96;ГК Самолет БО-П18;15000;20.09.2026;1000;RUB;1000;24;19,73;19,73;;;;;;
RU000A10BW88;АйДи Коллект 001P-05;750;20.09.2026;1000;RUB;1000;25,25;20,75;20,75;;;;;;
RU000A10BW62;Мобильные ТелеСистемы 002P-12;15000;20.09.2026;1000;RUB;1000;13,25;10,89;10,89;;;;;;
RU000A10BW39;ВОКСИС-03;500;20.09.2026;1000;RUB;1000;24;19,73;19,73;;;;;;
RU000A10AZG2;КЛВЗ КРИСТАЛЛ 001P-02;350;20.09.2026;1000;RUB;1000;28;23,01;23,01;;;;;;
RU000A10AZF4;КЛВЗ КРИСТАЛЛ 001P-03;42,689;20.09.2026;1000;RUB;1000;;;;;;;;;
RU000A10A6V6;Роял Капитал БО-01;50,367;20.09.2026;1000;RUB;1000;;;;;;;;;
RU000A109NM3;РЕГИНСПЕЦТРАНС-01;237,434;20.09.2026;1000;RUB;1000;23,5;19,32;19,32;;;;;;
RU000A1094X5;Газпром капитал БО-002Р-16;10000;20.09.2026;1000;RUB;1000;;;;;;;;;
RU000A1094W7;ХРОМОС Инжиниринг БО-02;250;20.09.2026;1000;RUB;1000;;;;;;;;;
RU000A1094T3;ДиректЛизинг БО 002Р-03;250;20.09.2026;1000;RUB;615,9;;;;;;;;;
RU000A108VW7;МКПАО ОК РУСАЛ БО-001P-09;30000;20.09.2026;1000;RUB;1000;;;;;;;;;
RU000A107F49;ГПБ (АО) БО 005Р-02Р;12696,723;20.09.2026;1000;RUB;1000;;;;;;;;;
RU000A107BH2;ИЛС БО-01-001P;300;20.09.2026;1000;RUB;1000;19;15,62;15,62;;;;;;
RU000A107AG6;Россети Центр ПАО 001Р-03;5000;20.09.2026;1000;RUB;1000;;;;;;;;;
RU000A107746;ТБанк TCS-perp2;288,65;20.09.2026;1000;USD;1000;6;15;1155,92;;;;;;
RU000A104DZ7;Сибнефтехимтрейд БО-02;350;20.09.2026;1000;RUB;857,2;;;;;;;;;
RU000A1013N6;Пионер-Лизинг БО-П03;400;20.09.2026;1000;RUB;1000;20,5;16,85;16,85;;;;;;
RU000A10F7N6;Атомэнергопром АО 001Р-13;25000;19.09.2026;1000;RUB;1000;;;;;;;;;
RU000A10F7K2;ООО Л-Старт 002Р-01;100;19.09.2026;1000;RUB;1000;28,5;23,42;23,42;;;;;;
RU000A10F7J4;Республика Саха (Якутия) 34006;8700;19.09.2026;1000;RUB;1000;13,7;11,26;11,26;;;;;;
RU000A10F6Y5;Брусника 002Р-08;3250;19.09.2026;1000;RUB;1000;21,25;17,47;17,47;;;;;;
RU000A10EXK1;Мэйл.Ру Финанс 001P-03;7500;19.09.2026;1000;RUB;1000;;;;;;;;;
RU000A10EXJ3;Мэйл.Ру Финанс 001P-02;2500;19.09.2026;1000;RUB;1000;14,15;11,63;11,63;;;;;;
RU000A10EXG9;ПРОГРЕСС 001Р-01;250;19.09.2026;1000;RUB;1000;25;20,55;20,55;;;;;;
RU000A10EXF1;Группа Продовольствие БО-03;150;19.09.2026;1000;RUB;1000;23;18,9;18,9;;;;;;
RU000A10EMU3;ГТЛК БО 002P-12;30000;19.09.2026;1000;RUB;1000;16,25;13,36;13,36;;;;;;
RU000A10EMT5;ИЛИМ 001P-01;500;19.09.2026;1000;RUB;1000;;;;;;;;;
RU000A10EMS7;СелоЗеленое 001Р-03;6500;19.09.2026;1000;RUB;1000;;;;;;;;;
RU000A10EL88;ИКС 5 ФИНАНС 003P-19;20000;19.09.2026;1000;RUB;1000;;;;;;;;;
RU000A10E4X3;ЕвроТранс БО-001Р-09;2500;19.09.2026;1000;RUB;1000;20;16,44;16,44;;;;;;
RU000A10E4U9;БЭЛТИ-ГРАНД ООО БО-П09;150;19.09.2026;1000;RUB;1000;19;15,62;15,62;;;;;;
RU000A10DYC8;ФПК 002Р-01;30000;19.09.2026;1000;RUB;1000;15,4;12,66;12,66;;;;;;
RU000A10DYB0;Россети Волга 001Р-01;2500;19.09.2026;1000;RUB;1000;;;;;;;;;
RU000A10DY92;АЛРОСА 002Р-01;20000;19.09.2026;1000;RUB;1000;;;;;;;;;
RU000A10DY84;МКООО Содружество Рус 001Р-01;500;19.09.2026;1000;RUB;1000;;;;;;;;;
RU000A10DY76;ГК Сегежа 003P-09R;20,902;19.09.2026;100;CNY;100;15;1,23;13,94;;;;;;
RU000A10DY50;ГК Сегежа 003P-08R;669,658;19.09.2026;1000;RUB;1000;24;19,73;19,73;;;;;;
RU000A10DY27;Артген БО-02;300;19.09.2026;1000;RUB;1000;21;17,26;17,26;;;;;;
RU000A10D806;ЕвразХолдинг Финанс 003P-05;225;19.09.2026;100;USD;100;8,25;0,68;52,4;;;;;;
RU000A10D7Z2;МСП Факторинг 001Р-01;1000;19.09.2026;1000;RUB;1000;;;;;;;;;
RU000A10CSX8;ИКС 5 ФИНАНС 003P-14;15000;19.09.2026;1000;RUB;1000;;;;;;;;;
RU000A10CJ84;Сибирское Стекло БО-02;300;19.09.2026;1000;RUB;1000;24,5;20,14;20,14;;;;;;
RU000A10CCJ1;Славянск ЭКО 001Р-04;10;19.09.2026;100;USD;100;13;1,1;84,77;;;;;;
RU000A10BVW6;ЕвроТранс 01;4000;19.09.2026;1000;RUB;1000;23;18,9;18,9;;;;;;
RU000A10BVT2;ЭнергоТехСервис 001Р-08;1000;19.09.2026;1000;RUB;1000;;;;;;;;;
RU000A10BUK3;ИКС 5 ФИНАНС 003P-12;15000;19.09.2026;1000;RUB;1000;15,55;12,78;12,78;;;;;;
RU000A10BP87;ПИР БО-03-001P;500;19.09.2026;1000;RUB;1000;30;24,66;24,66;;;;;;
RU000A10BP79;Мобильные ТелеСистемы 002P-11;15000;19.09.2026;1000;RUB;1000;19;15,62;15,62;;;;;;
RU000A10BP46;Страна Девелопмент 03;1000;19.09.2026;1000;RUB;1000;26,5;21,78;21,78;;;;;;
RU000A10BP38;Республика Саха (Якутия) 34005;7700;19.09.2026;1000;RUB;1000;;;;;;;;;
RU000A10B750;СибАвтоТранс 001Р-05;120;19.09.2026;1000;RUB;1000;26,5;21,78;21,78;;;;;;
RU000A10AZ60;РЖД БО 001P-38R;30000;19.09.2026;1000;RUB;1000;17,9;14,71;14,71;;;;;;
RU000A10AZ45;РЖД БО 001P-37R;28000;19.09.2026;1000;RUB;1000;19,5;16,03;16,03;;;;;;
RU000A10AQD8;БЭЛТИ-ГРАНД ООО БО-П07;100;19.09.2026;1000;RUB;633,7;25;11,65;11,65;;;;;;
RU000A10AHU1;ОилРесурс 001P-01;2500;19.09.2026;1000;RUB;1000;33;27,12;27,12;;;;;;
RU000A109XR1;Акрон (ПАО) БО-001P-05;12000;19.09.2026;1000;RUB;900;;;;;;;;;
RU000A109KL1;Банк ВТБ (ПАО) Б-1-359;2052,377;19.09.2026;1000;RUB;1000;14,5;12,32;12,32;;;;;;
RU000A108D81;ЕвроТранс 002Р-02;800;19.09.2026;1000;RUB;1000;15,5;12,74;12,74;;;;;;
RU000A106ZQ4;Феррум БП1;102,313;19.09.2026;1000;RUB;1000;21,5;17,67;17,67;;;;;;
RU000A0JWT91;Удмуртская респ. обл. 2016;5000;19.09.2026;1000;RUB;500;10,55;13,15;13,15;;;;;;
XS2318748956;RZD Capital PLC 7.45 18/09/28;20000;18.09.2026;100000;RUB;100000;7,45;3725;3725;;;;;;
RU000A10F751;Минфин Ульяновской обл. 34013;6000;18.09.2026;1000;RUB;1000;14,25;11,71;11,71;;;;;;
RU000A10EX68;Элемент Лизинг БО 001Р-11;2000;18.09.2026;1000;RUB;958,4;;;;;;;;;
RU000A10EX35;ИНТЕРФУД-БО-01;50;18.09.2026;1000;RUB;1000;26;21,37;21,37;;;;;;
RU000A10EVT6;Банк ВТБ (ПАО) Б-1-394;262,165;18.09.2026;1000;RUB;1000;0,01;0,02;0,02;;;;;;
RU000A10EL70;ИКС 5 ФИНАНС 003P-18;11000;18.09.2026;1000;RUB;1000;13,5;11,1;11,1;;;;;;
RU000A10EHA5;ПАО НК Роснефть 005P-02;460000;18.09.2026;1000;RUB;1000;8;39,89;39,89;;;;;;
RU000A10ECK5;СИБУР Холдинг 001Р-09;250;18.09.2026;100;USD;100;7,5;0,62;47,78;;;;;;
RU000A10ECC2;Промсвязьбанк 004P-03;15000;18.09.2026;1000;RUB;1000;;;;;;;;;
RU000A10ECA6;ЛК АдвансТрак 001Р-02;500;18.09.2026;1000;RUB;1000;24;19,73;19,73;;;;;;
RU000A10EA40;ГК Азот 001Р-02;17000;18.09.2026;1000;RUB;1000;16,5;13,56;13,56;;;;;;
RU000A10DZN2;Томская область 35078;5000;18.09.2026;1000;RUB;1000;15,1;37,23;37,23;;;;;;
RU000A10DZL6;Томская область 35077;5000;18.09.2026;1000;RUB;1000;16,8;41,42;41,42;;;;;;
RU000A10DXM9;ТЕХНОЛОГИЯ БО-03;42,382;18.09.2026;1000;RUB;1000;23,5;19,32;19,32;;;;;;
RU000A10DWW0;Самарская область 34016;9000;18.09.2026;1000;RUB;1000;15,1;37,65;37,65;;;;;;
RU000A10DWQ2;Томская область 34076;10000;18.09.2026;1000;RUB;1000;16;39,45;39,45;;;;;;
RU000A10DEN7;Томская область 34075;8000;18.09.2026;1000;RUB;1000;16,2;13,32;13,32;;;;;;
RU000A10CT74;ФЕРА 001Р-01;100;18.09.2026;1000;RUB;820;21;13,12;13,12;;;;;;
RU000A10CT41;Ростелеком ПАО 001P-20R;15000;18.09.2026;1000;RUB;1000;;;;;;;;;
RU000A10CT25;Газпром капитал БО-003Р-17;20000;18.09.2026;1000;RUB;1000;;;;;;;;;
RU000A10CT09;Интел Коллект БО-01;500;18.09.2026;1000;RUB;900;25;18,49;18,49;;;;;;
RU000A10CSZ3;Газпром капитал ООО БО-003Р-16;20000;18.09.2026;1000;RUB;1000;;;;;;;;;
RU000A10CPE4;АЛЬФА-Б С-1-814 структурные;0;18.09.2026;1000;RUB;1000;0,01;0,1;0,1;;;;;;
RU000A10CKK2;АЛЬФА-Б С-1-811 структурные;0;18.09.2026;1000;RUB;1000;0,01;0,1;0,1;;;;;;
RU000A10CKG0;АЛЬФА-Б C-1-808 (структурные);0;18.09.2026;1000;RUB;1000;0,01;0,1;0,1;;;;;;
RU000A10C6P6;АО Авто Финанс Банк БО-001Р-15;10000;18.09.2026;1000;RUB;1000;16,75;13,77;13,77;;;;;;
RU000A10C6M3;Уралкуз 001Р-01;1000;18.09.2026;1000;RUB;1000;20;16,44;16,44;;;;;;
RU000A10C6F7;ГТЛК БО 002P-09;20000;18.09.2026;1000;RUB;1000;16,75;13,77;13,77;;;;;;
RU000A10BW70;Томская область 34074;5000;18.09.2026;1000;RUB;1000;18,25;15;15;;;;;;
RU000A10BVF1;СибАвтоТранс 001Р-06;230;18.09.2026;1000;RUB;1000;26;21,37;21,37;;;;;;
RU000A10BMX3;АЛЬФА-Б С-1-698 структурные;0;18.09.2026;1000;RUB;1000;0,01;0,1;0,1;;;;;;
RU000A10BJ51;СберИОС 001Р-711R 5Г BSKRUS;168,58;18.09.2026;1000;RUB;1000;0,01;0,02;0,02;;;;;;
RU000A10B735;МСБ-Лизинг 003P-04;200;18.09.2026;1000;RUB;1000;26,5;21,78;21,78;;;;;;
RU000A10B727;МСБ-Лизинг 003P-05;200;18.09.2026;1000;RUB;1000;;;;;;;;;
RU000A10B6K8;ТЕХНОЛОГИЯ БО-02;200;18.09.2026;1000;RUB;1000;28;23,01;23,01;;;;;;
RU000A10B4H9;ИПС БО-01;60;18.09.2026;1000;RUB;800;30,5;60,83;60,83;;;;;;
RU000A10B3S8;Аэрофьюэлз-002Р-04;1600;18.09.2026;1000;RUB;1000;24,75;61,71;61,71;;;;;;
RU000A10AYW2;Полипласт АО П02-БО-02;2100;18.09.2026;1000;RUB;1000;;;;;;;;;
RU000A10AYU6;МФК Мани Мен БО-01;500;18.09.2026;1000;RUB;1000;26,5;21,78;21,78;;;;;;
RU000A10AND5;СберИОС 001Р-672R 3Г BSKRUS;535,663;18.09.2026;1000;RUB;1000;0,01;0,01;0,01;;;;;;
RU000A10AN80;СберИОС 001Р-670R 5Г BSKRUS;2000;18.09.2026;1000;RUB;1000;0,01;0,01;0,01;;;;;;
RU000A10AHJ4;Группа Позитив 001Р-02;4800;18.09.2026;1000;RUB;1000;;;;;;;;;
RU000A10AC75;Томская область 34072;10000;18.09.2026;1000;RUB;750;26;16,03;16,03;;;;;;
RU000A10A5H7;ГТЛК БО 002P-06;4000;18.09.2026;1000;RUB;1000;;;;;;;;;
RU000A10A182;СберИОС 001Р-660R 5Г BSKRUS;826,755;18.09.2026;1000;RUB;1000;0,01;0,01;0,01;;;;;;
RU000A10A026;АРЕНЗА-ПРО 001P-06;185;18.09.2026;1000;RUB;800;;;;;;;;;
RU000A109U97;ДОМ.РФ ПАО 002P-05;101000;18.09.2026;1000;RUB;1000;;;;;;;;;
RU000A109KY4;АО Авто Финанс Банк БО-001Р-13;10000;18.09.2026;1000;RUB;1000;16,8;41,88;41,88;;;;;;
RU000A109B82;БИЗНЕС АЛЬЯНС 001P-06;211,995;18.09.2026;1000;RUB;1000;;;;;;;;;
RU000A1097R0;СберИОС 001Р-642R 5Г AC СБЕР;409,534;18.09.2026;1000;RUB;1000;0,01;0,01;0,01;;;;;;
RU000A1097A6;СберИОС 001Р-641R 5Г AC Яндекс;111,507;18.09.2026;1000;RUB;1000;0,01;0,01;0,01;;;;;;
RU000A1094F2;ГруппаЧеркизово БО-001Р-07;7000;18.09.2026;1000;RUB;1000;;;;;;;;;
RU000A108Z10;СберИОС 001Р-634R 5Г AC MOEXIT;133,947;18.09.2026;1000;RUB;1000;0,01;0,01;0,01;;;;;;
RU000A108Z02;СберИОС 001Р-633R 5Г AC СБЕР;751,821;18.09.2026;1000;RUB;1000;0,01;0,01;0,01;;;;;;
RU000A108RQ7;Селигдар GOLD03;1165,433;18.09.2026;6672,12;RUB;9786,3;5,5;134,19;134,19;;;;;;
RU000A108RP9;АО Авто Финанс Банк БО-001Р-12;10000;18.09.2026;1000;RUB;1000;16,7;41,64;41,64;;;;;;
RU000A108RK0;ТД РКС 002Р-04;500;18.09.2026;1000;RUB;1000;20;49,86;49,86;;;;;;
RU000A108KU4;А101 БО-001Р-01;500;18.09.2026;1000;RUB;1000;17;13,97;13,97;;;;;;
RU000A108E64;СберИОС 001Р-622R 5Г AC SBER;1117,95;18.09.2026;1000;RUB;1000;0,01;0,01;0,01;;;;;;
RU000A108DH6;ТКБ СУБ-ЗО;59,977;18.09.2026;1000;USD;1000;13,248;33,12;2552,26;;;;;;
RU000A108DG8;СберИОС 001Р-620R 5Г AC TCSG;474,64;18.09.2026;1000;RUB;1000;0,01;0,01;0,01;;;;;;
RU000A1089U1;РЖД ОАО ЗО28-3-Р;5485,6;18.09.2026;100000;RUB;100000;7,45;3725;3725;;;;;;
RU000A1080W6;СберИОС 001Р-612R 5Г AC CHMF;537,778;18.09.2026;1000;RUB;1000;0,01;0,01;0,01;;;;;;
RU000A107SR5;СберИОС 001Р-605R 5Г AC LKOH;430,743;18.09.2026;1000;RUB;1000;0,01;0,01;0,01;;;;;;
RU000A107J45;СберИОС 001Р-601R 5Г AC MOEXMM;1562,498;18.09.2026;1000;RUB;1000;0,01;0,01;0,01;;;;;;
RU000A107GC2;ДОМ.РФ ПАО 002P-03;40000;18.09.2026;1000;RUB;1000;;;;;;;;;
RU000A107G22;ЗАС КОРПСАН БО-П01;146,771;18.09.2026;1000;RUB;1000;15;37,4;37,4;;;;;;
RU000A107FZ5;АПРИ БО-002Р-04;250;18.09.2026;1000;RUB;1000;24;59,84;59,84;;;;;;
RU000A107464;СберИОС 001Р-590R 5Г AC MOEXFN;823,095;18.09.2026;1000;RUB;1000;0,01;0,01;0,01;;;;;;
RU000A106XM8;Автодор ГК БО-005Р-04;2000;18.09.2026;1000;RUB;1000;13,99;21,46;21,46;;;;;;
RU000A106TT1;СберИОС 001Р-584R IMOEX КС;386,14;18.09.2026;1000;RUB;1000;0,01;0,3;0,3;;;;;;
RU000A105NT6;Магаданская область ГО2022;2000;18.09.2026;1000;RUB;700;10,61;18,52;18,52;;;;;;
RU000A1056S4;ФСК Россети(ПАО) БО-05;10000;18.09.2026;1000;RUB;1000;8,5;21,19;21,19;;;;;;
RU000A104WF9;Славнефть БО 002Р-04;10000;18.09.2026;1000;RUB;1000;18;44,88;44,88;;;;;;
RU000A104DQ6;Банк ВТБ (ПАО) Б-1-304;157,585;18.09.2026;1000;RUB;1000;0,01;0,05;0,05;;;;;;
RU000A104BY4;БН-ТЕЛЕКОМ 001Р-02;2700;18.09.2026;1000;RUB;250;10,8;6,73;6,73;;;;;;
RU000A103VD8;МСБ-Лизинг 002P-05;96,142;18.09.2026;1000;RUB;83,26;12,25;0,28;0,28;;;;;;
RU000A103RL9;ПетроИнжиниринг 001P-01;500;18.09.2026;1000;RUB;1000;9,75;24,31;24,31;;;;;;
RU000A102LF6;Пионер-Лизинг БО-П04;350;18.09.2026;1000;RUB;1000;28;69,81;69,81;;;;;;
RU000A102L79;Минфин Челябинской обл 35003;8000;18.09.2026;1000;RUB;400;6;5,98;5,98;;;;;;
RU000A102L61;Минфин Челябинской обл 35002;8000;18.09.2026;1000;RUB;400;6;5,98;5,98;;;;;;
RU000A1007U3;АРАГОН ООО БО-П01;500;18.09.2026;1000;RUB;1000;21,5;53,6;53,6;;;;;;
XS2230649225;Borets Finance DAC 17/09/26;350;17.09.2026;1000;USD;1000;6;30;2311,83;;;;;;
RU000A10FGE6;ИЭК ХОЛДИНГ 001Р-05;2500;17.09.2026;1000;RUB;1000;15,75;12,95;12,95;;;;;;
RU000A10FGC0;Газпром нефть 005Р-10R;110000;17.09.2026;1000;RUB;1000;;;;;;;;;
RU000A10FEB7;МКПАО ЯНДЕКС 001Р-05;20000;17.09.2026;1000;RUB;1000;13,4;11,01;11,01;;;;;;
RU000A10FEA9;МКПАО ЯНДЕКС 001Р-04;40000;17.09.2026;1000;RUB;1000;;;;;;;;;
RU000A10F728;Газпром капитал ООО БО-003Р-22;3000;17.09.2026;1000;CNY;1000;7,85;6,45;73,12;;;;;;
RU000A10F710;Южноуральский ЛЦ 001Р-02;250;17.09.2026;1000;RUB;1000;23,5;19,32;19,32;;;;;;
RU000A10EWL1;Почта России 003P-05;15000;17.09.2026;1000;RUB;1000;17,15;14,1;14,1;;;;;;
RU000A10EC48;ПКО СЗА БО-06;145;17.09.2026;1000;RUB;1000;25,5;20,96;20,96;;;;;;
RU000A10EC22;Селигдар 001Р-10;3500;17.09.2026;1000;RUB;1000;16,65;13,68;13,68;;;;;;
RU000A10E4G8;МФК ПСБ Финанс 002P-02;500;17.09.2026;1000;RUB;1000;;;;;;;;;
RU000A10E4F0;Ломбард 888 БО-01;200;17.09.2026;1000;RUB;1000;25;20,55;20,55;;;;;;
RU000A10DJV9;Совкомфлот 001Р-02;200;17.09.2026;1000;USD;1000;7,55;6,21;478,55;;;;;;
RU000A10DJS5;ПКО СЗА БО-05;250;17.09.2026;1000;RUB;1000;25,5;20,96;20,96;;;;;;
RU000A10DA74;Эталон-Финанс 002Р-04;10000;17.09.2026;1000;RUB;1000;20;16,44;16,44;;;;;;
RU000A10CTP2;СберИОС 001Р-759R 5Г AC LKOH;48,431;17.09.2026;1000;RUB;1000;0,01;0,01;0,01;;;;;;
RU000A10CST6;СКС ЛОМБАРД БО-02;250;17.09.2026;1000;RUB;1000;27;22,19;22,19;;;;;;
RU000A10CSR0;ГЛАВСНАБ БО-01;200;17.09.2026;1000;RUB;1000;23,5;19,32;19,32;;;;;;
RU000A10CSQ2;НоваБев Групп 003Р-01;7000;17.09.2026;1000;RUB;1000;14,5;11,92;11,92;;;;;;
RU000A10CPH7;АЛЬФА-Б С-1-817 структурные;0;17.09.2026;1000;RUB;1000;0,01;0,1;0,1;;;;;;
RU000A10CPG9;АЛЬФА-Б С-1-816 структурные;0;17.09.2026;1000;RUB;1000;0,01;0,1;0,1;;;;;;
RU000A10CPC8;АЛЬФА-Б С-1-812 структурные;0;17.09.2026;1000;RUB;1000;0,01;0,1;0,1;;;;;;
RU000A10C634;ВИС ФИНАНС БО-П09;2500;17.09.2026;1000;RUB;1000;17;13,97;13,97;;;;;;
RU000A10C626;ЛК Роделен БО 002P-04;350;17.09.2026;1000;RUB;833,5;;;;;;;;;
RU000A10C618;Магнит ПАО БО-004Р-08;75000;17.09.2026;1000;RUB;1000;14,95;12,29;12,29;;;;;;
RU000A10C5Z7;МОНОПОЛИЯ 001P-06;500;17.09.2026;1000;RUB;1000;24,75;20,34;20,34;;;;;;
RU000A10BV89;Арктик Технолоджи Сервис БО-01;150;17.09.2026;1000;RUB;1000;28;23,01;23,01;;;;;;
RU000A10BV71;Полипласт АО П02-БО-07;25;17.09.2026;100;USD;100;13,2;1,08;83,23;;;;;;
RU000A10BV55;НОВАТЭК 001Р-04;350;17.09.2026;1000;USD;1000;7,5;6,16;474,7;;;;;;
RU000A10BV22;Республика Башкортостан 34015;7000;17.09.2026;1000;RUB;1000;16,25;13,36;13,36;;;;;;
RU000A10BUN7;ДиректЛизинг БО 002Р-05;200;17.09.2026;1000;RUB;799,6;27;17;17;;;;;;
RU000A10BUM9;ЭнергоТехСервис 001Р-07;1000;17.09.2026;1000;RUB;1000;21;17,26;17,26;;;;;;
RU000A10BRW4;БанкСинараС01;7000;17.09.2026;100000000;RUB;100000000;;;;;;;;;
RU000A10BGY3;Мобильные ТелеСистемы 002P-10;15000;17.09.2026;1000;RUB;1000;;;;;;;;;
RU000A10BGW7;Первое кол.бюро НАО 001Р-08;2000;17.09.2026;1000;RUB;1000;;;;;;;;;
RU000A10BGU1;Первое кол.бюро НАО 001Р-07;1000;17.09.2026;1000;RUB;1000;24,5;20,14;20,14;;;;;;
RU000A10BFQ1;АЛЬФА-БАНК T2-CR-03;6000;17.09.2026;100000000;RUB;100000000;;;;;;;;;
RU000A10B5M6;Агродом БО-02;80;17.09.2026;1000;RUB;800;15;8,63;8,63;;;;;;
RU000A10B495;РЖД БО 001P-41R;30000;17.09.2026;1000;RUB;1000;17,15;42,76;42,76;;;;;;
RU000A10AYM3;Уралкалий ПАО ПБО-07-P;1000;17.09.2026;1000;RUB;1000;;;;;;;;;
RU000A10AQZ1;СберИОС 001Р-675R 5Г BSKRUS;193,544;17.09.2026;1000;RUB;1000;0,01;0,03;0,03;;;;;;
RU000A10AHE5;Новые технологии 001Р-02;1150;17.09.2026;1000;RUB;1000;27,5;22,6;22,6;;;;;;
RU000A10AHD7;Кокс ПАО 001P-01;1200;17.09.2026;1000;RUB;1000;19,75;16,23;16,23;;;;;;
RU000A10AHC9;РЕСО-Лизинг ООО БО-П-23;5000;17.09.2026;1000;RUB;1000;24,5;20,14;20,14;;;;;;
RU000A10AHB1;Новые технологии 001Р-01;600;17.09.2026;1000;RUB;1000;;;;;;;;;
RU000A10AHA3;ИКС 5 ФИНАНС 003P-07;21000;17.09.2026;1000;RUB;1000;13,25;10,89;10,89;;;;;;
RU000A10A8N9;СФО ПБ Сервис Финанс;225696,702;17.09.2026;999,59;RUB;707,27;17,5;9,4;9,4;;;;;;
RU000A10A554;АПРИ БО-002Р-06;30,95;17.09.2026;1000;RUB;1000;22;18,08;18,08;;;;;;
RU000A10A3W1;Балтийский лизинг ООО БО-П14;9000;17.09.2026;1000;RUB;1000;;;;;;;;;
RU000A109NA8;СОЛИД СпецАвтоТехЛизинг 01;500;17.09.2026;1000;RUB;580;24;10,65;10,65;;;;;;
RU000A109DT9;Росагролизинг 002P-03;5000;17.09.2026;1000;RUB;1000;;;;;;;;;
RU000A109B33;Газпром нефть БО 003P-13R;55000;17.09.2026;1000;RUB;1000;;;;;;;;;
RU000A108Q60;СберИОС 001Р-626R 5Г AC TRNFP;420,267;17.09.2026;1000;RUB;1000;0,01;0,01;0,01;;;;;;
RU000A108KK5;СОБИ-ЛИЗИНГ 001Р-05;82,352;17.09.2026;1000;RUB;516;19,25;7,47;7,47;;;;;;
RU000A1081D4;Банк ВТБ С-1-993 структурные;0;17.09.2026;1000;RUB;1000;0,01;0,05;0,05;;;;;;
RU000A107RW7;СберИОС 001Р-603R 5Г AC CHMF;490,227;17.09.2026;1000;RUB;1000;0,01;0,01;0,01;;;;;;
RU000A107PW1;МФК Быстроденьги 002Р-05;300;17.09.2026;1000;RUB;1000;22;18,08;18,08;;;;;;
RU000A107D25;СФО Оптимум Финанс 01;208400;17.09.2026;1000;RUB;165,41;13,5;1,5;1,5;;;;;;
RU000A1075S4;ИКС 5 ФИНАНС 003Р-02;20000;17.09.2026;1000;RUB;1000;;;;;;;;;
RU000A1075R6;Регион-Продукт БО 001Р-04;100;17.09.2026;1000;RUB;1000;19;15,62;15,62;;;;;;
RU000A106XJ4;БИЗНЕС АЛЬЯНС 001P-02;41,124;17.09.2026;1000;RUB;1000;13,5;33,66;33,66;;;;;;
RU000A106QL4;СберИОС 001Р-580R 5Г AC IMOEX;464,403;17.09.2026;1000;RUB;1000;0,01;0,01;0,01;;;;;;
RU000A105XE7;Вымпел-Коммуникации 001Р-02;14672,878;17.09.2026;1000;RUB;1000;9,3;23,19;23,19;;;;;;
RU000A105WZ4;Лизинг-Трейд 001P-07;150;17.09.2026;1000;RUB;833,6;14,5;8,94;8,94;;;;;;
RU000A105ND0;Калининградская область 35007;500;17.09.2026;1000;RUB;1000;10,3;25,68;25,68;;;;;;
RU000A105GN3;Борец Капитал ЗО-2026;254,111;17.09.2026;1000;USD;1000;6;30;2311,83;;;;;;
RU000A105BZ8;СФО Альта;310;17.09.2026;1000;RUB;64,86;10;1,62;1,62;;;;;;
RU000A104BC0;Калининградская область 35004;2000;17.09.2026;1000;RUB;750;9,5;17,76;17,76;;;;;;
RU000A100VG7;СУЭК-Финанс 001Р-03R;21000;17.09.2026;1000;RUB;1000;2,1;10,47;10,47;;;;;;
RU000A100GW5;АЛЬФА-БАНК С01-01;5000;17.09.2026;10000000;RUB;10000000;15;373972,6;373972,6;;;;;;
RU000A1007H0;Славнефть БО 001Р-02;10000;17.09.2026;1000;RUB;1000;15,5;38,64;38,64;;;;;;
RU000A100725;Брайт Финанс ООО БО-П01;220;17.09.2026;1000;RUB;1000;19,5;48,62;48,62;;;;;;
RU000A0ZZZZ2;ГК Самолет БО-П04;500;17.09.2026;1000;RUB;1000;17;42,38;42,38;;;;;;
RU000A0NNLS9;Банк ВТБ С-1-347 (структурные);0;17.09.2026;1000;RUB;1000;0;;;;;;;;
XS0971721963;ГОВОЗ РФ 12840069V (XS);1500;16.09.2026;200000;USD;200000;5,875;5875;452733,96;;;;;;
US71922LAD10;ФосАгро 16/09/28;500;16.09.2026;1000;USD;1000;2,6;13;1001,79;;;;;;
RU000A1038Z7;ОФЗ-ПД 26237 14/03/2029;518953,119;16.09.2026;1000;RUB;1000;6,7;33,41;33,41;;;;;;
RU000A1028E3;ОФЗ-ПД 26235 12/03/2031;833816,503;16.09.2026;1000;RUB;1000;5,9;29,42;29,42;;;;;;
RU000A0JWM07;ОФЗ-ПД 26219 16/09/26;361974,169;16.09.2026;1000;RUB;1000;7,75;38,64;38,64;;;;;;
RU000A10FG84;АЛИУМ01Р1;4000;16.09.2026;1000;RUB;1000;17,5;14,38;14,38;;;;;;
RU000A10FG76;ОДК 001P-03;11000;16.09.2026;1000;RUB;1000;16,5;13,56;13,56;;;;;;
RU000A10FG68;ОДК 001P-04;1000;16.09.2026;1000;RUB;1000;;;;;;;;;
RU000A10F6U3;РусГидро БО-002Р-13;55000;16.09.2026;1000;RUB;1000;;;;;;;;;
RU000A10EML2;ВТБ Лизинг 001Р-МБ-05;5000;16.09.2026;1000;RUB;915;15,5;11,66;11,66;;;;;;
RU000A10EMJ6;ТЕХНО Лизинг 001Р-08;476;16.09.2026;1000;RUB;1000;24;19,73;19,73;;;;;;
RU000A10EMG2;НоваБев Групп 003Р-03;7000;16.09.2026;1000;RUB;1000;14,5;11,92;11,92;;;;;;
RU000A10EMF4;Первое кол.бюро НАО 001Р-10;1850;16.09.2026;1000;RUB;1000;;;;;;;;;
RU000A10EBE0;Ростелеком ПАО 001P-23R;20000;16.09.2026;1000;RUB;1000;14,55;11,96;11,96;;;;;;
RU000A10EB07;МСБ-Лизинг 003P-07;400;16.09.2026;1000;RUB;1000;21;17,26;17,26;;;;;;
RU000A10DLV5;ГМК Нор.никель БО-001Р-16;4000;16.09.2026;1000;CNY;1000;7;5,75;65,18;;;;;;
RU000A10DJA3;Нижегородская область 34017;15000;16.09.2026;1000;RUB;1000;;;;;;;;;
RU000A10DC15;АВТОБАН-Финанс АО БО-П07;5000;16.09.2026;1000;RUB;1000;;;;;;;;;
RU000A10D541;РЖД БО 001P-47R;20000;16.09.2026;1000;RUB;1000;15,85;13,03;13,03;;;;;;
RU000A10D4W6;Село Зеленое 001Р-01;3000;16.09.2026;1000;RUB;1000;;;;;;;;;
RU000A10D4V8;АйДи Коллект 001P-06;1250;16.09.2026;1000;RUB;1000;22,5;18,49;18,49;;;;;;
RU000A10D4S4;ПЭТ ПЛАСТ 001Р-01;165;16.09.2026;1000;RUB;1000;26;21,37;21,37;;;;;;
RU000A10CL56;СберИОС 001Р-753R 3Y1M ОФЗ;728,362;16.09.2026;1000;RUB;1000;0,01;0,1;0,1;;;;;;
RU000A10CL23;ГПБ (АО) БО 004Р-27;571,45;16.09.2026;1000;RUB;1000;0,01;0,1;0,1;;;;;;
RU000A10CHX1;МГКЛ-G01;47,316;16.09.2026;8602,98;RUB;10068,85;14;112,61;112,61;;;;;;
RU000A10C667;СберИОС 001Р-748R 5Г AC LKOH;129,779;16.09.2026;1000;RUB;1000;0,01;0,01;0,01;;;;;;
RU000A10C5U8;ГИДРОМАШСЕРВИС АО 001Р-05;3000;16.09.2026;1000;RUB;1000;;;;;;;;;
RU000A10C5T0;ГИДРОМАШСЕРВИС АО 001Р-04;1000;16.09.2026;1000;RUB;1000;17;13,97;13,97;;;;;;
RU000A10C5P8;ПИР БО-04-001P;300;16.09.2026;1000;RUB;1000;28,5;23,42;23,42;;;;;;
RU000A10C287;ВЭБ.РФ ПБО-002Р-51;5000;16.09.2026;1000;RUB;1000;;;;;;;;;
RU000A10BM98;СберИОС 001Р-723R 3Г BSKRUS;129;16.09.2026;1000;RUB;1000;0,01;0,03;0,03;;;;;;
RU000A10BGJ4;Аэрофлот П02-БО-01;45000;16.09.2026;1000;RUB;1000;;;;;;;;;
RU000A10BGH8;Акрон (ПАО) БО-001P-08;200;16.09.2026;1000;USD;1000;7,95;6,53;503,21;;;;;;
RU000A10BGF2;РЖД БО 001P-42R;30000;16.09.2026;1000;RUB;1000;17,4;14,3;14,3;;;;;;
RU000A10BGE5;С-ПРИНТ БО-01;150;16.09.2026;1000;RUB;1000;32;26,3;26,3;;;;;;
RU000A10BGC9;МФК Мани Мен БО-02-01;1400;16.09.2026;1000;RUB;1000;25,5;20,96;20,96;;;;;;
RU000A10BG88;СберИОС 001Р-707R 5Г AC FIVE;169,732;16.09.2026;1000;RUB;1000;0,01;0,01;0,01;;;;;;
RU000A10B5C7;ТАЛК002P-01;274,387;16.09.2026;1000;RUB;840;;;;;;;;;
RU000A10B5A1;БИАНКА ПРЕМИУМ БО-02;180;16.09.2026;1000;RUB;1000;28,5;23,42;23,42;;;;;;
RU000A10B1S2;СберИОС 001Р-692R 5Г BSKRUS;156,224;16.09.2026;1000;RUB;1000;0,01;0,01;0,01;;;;;;
RU000A10AGA5;ИНК-Капитал 001Р-02;30000;16.09.2026;1000;RUB;1000;;;;;;;;;
RU000A10AG48;АПРИ БО-002Р-08;625;16.09.2026;1000;RUB;1000;24;19,73;19,73;;;;;;
RU000A10AG22;ЭН+ГИДРО 001РС-06;7000;16.09.2026;1000;RUB;1000;;;;;;;;;
RU000A10AC67;ВОКСИС-01;100;16.09.2026;1000;RUB;1000;;;;;;;;;
RU000A10A877;ОВОЗ РФ 12840118V;701,2;16.09.2026;200000;USD;200000;5,875;5875;452733,96;;;;;;
RU000A10A539;Банк ДОМ.РФ СУБ-T2-2;20000;16.09.2026;10000000;RUB;10000000;15;123287,67;123287,67;;;;;;
RU000A109JK5;СберИОС 001Р-648R 5Г AC IMOEX;47,116;16.09.2026;1000;RUB;1000;0,01;0,01;0,01;;;;;;
RU000A109JJ7;ИОС_PRTACm_LKOH-5Y-001Р-647R;131,96;16.09.2026;1000;RUB;1000;0,01;0,01;0,01;;;;;;
RU000A108U72;Первое кол.бюро НАО 001Р-05;3000;16.09.2026;1000;RUB;1000;;;;;;;;;
RU000A1088L2;СберИОС 001Р-618R 5Г AC TCSG;594,183;16.09.2026;1000;RUB;1000;0,01;0,01;0,01;;;;;;
RU000A1088K4;СберИОС 001Р-617R 5Г AC MAGN;158,524;16.09.2026;1000;RUB;1000;0,01;0,01;0,01;;;;;;
RU000A107F07;Унител БО-П01;150;16.09.2026;1000;RUB;1000;15;37,4;37,4;;;;;;
RU000A107AZ6;МФК Саммит 001Р-02;150;16.09.2026;1000;RUB;209,6;15;1,56;1,56;;;;;;
RU000A106GB6;Лизинг-Трейд 001P-09;300;16.09.2026;1000;RUB;1000;14;10,55;10,55;;;;;;
RU000A106G56;ФосАгро ЗО28-Д;383,47;16.09.2026;1000;USD;1000;2,6;13;1001,79;;;;;;
RU000A103QQ0;Нижнекамскнефтехим об. 001Р-02;17200;16.09.2026;1000;RUB;1000;8,2;40,89;40,89;;;;;;
RU000A103QL1;Росагролизинг 001P-03;9000;16.09.2026;1000;RUB;1000;8,45;42,13;42,13;;;;;;
RU000A103DY2;БЭЛТИ-ГРАНД ООО БО-П04;250;16.09.2026;1000;RUB;280;12,25;2,16;2,16;;;;;;
RU000A102KN2;Калининградская область 35003;2000;16.09.2026;1000;RUB;300;6,1;4,56;4,56;;;;;;
RU000A101RZ3;Республика Казахстан 11;10000;16.09.2026;1000;RUB;1000;7;34,9;34,9;;;;;;
RU000A101RV2;Республика Казахстан 07;10000;16.09.2026;1000;RUB;1000;6,55;32,66;32,66;;;;;;
RU000A0NTY02;Банк ВТБ С-1-703 (структурные);0;16.09.2026;1000;RUB;1000;0,01;0,3;0,3;;;;;;
RU000A0NR3Z4;Сбер CIB-СО-488;269,858;16.09.2026;1000;RUB;1000;0,01;0,3;0,3;;;;;;
RU000A0NR3W1;Сбер CIB-СО-485;41,49;16.09.2026;1000;RUB;1000;0,01;0,3;0,3;;;;;;
XS2384174228;SUEK Securities DAC 15/09/26;500;15.09.2026;1000;USD;1000;3,375;16,875;1300,41;;;;;;
RU000A10FEY9;СмартФакт БО-04-001Р;150;15.09.2026;1000;RUB;1000;;;;;;;;;
RU000A10FEX1;СЕРГИЕВСКОЕ 001Р-01;50;15.09.2026;1000;RUB;1000;23;56,71;56,71;;;;;;
RU000A10FE11;ГК Самолет 002P-05;600;15.09.2026;1000;RUB;1000;;;;;;;;;
RU000A10EVV2;Банк ВТБ (ПАО) Б-1-396;115,915;15.09.2026;1000;RUB;1000;0,01;0,02;0,02;;;;;;
RU000A10EAS2;ТМК 002P-01;19000;15.09.2026;1000;RUB;1000;6,6;5,42;5,42;;;;;;
RU000A10EAQ6;КРОНОС БО-01;200;15.09.2026;1000;RUB;1000;27;22,19;22,19;;;;;;
RU000A10EAM5;ГТЛК БО 001P-22;100;15.09.2026;100;USD;100;9,5;0,78;60,11;;;;;;
RU000A10DX69;СибАвтоТранс 001Р-07;300;15.09.2026;1000;RUB;1000;26;21,37;21,37;;;;;;
RU000A10DHX9;ИНАРКТИКА 002Р-04;700;15.09.2026;1000;RUB;1000;15,75;12,95;12,95;;;;;;
RU000A10DHV3;ИНАРКТИКА 002Р-05;2300;15.09.2026;1000;RUB;1000;;;;;;;;;
RU000A10DHT7;ДельтаЛизинг 001Р-03;5500;15.09.2026;1000;RUB;1000;17,15;14,1;14,1;;;;;;
RU000A10D4P0;Южуралзолото 001P-05;40;15.09.2026;100;USD;100;9;0,74;57,03;;;;;;
RU000A10CL31;СберИОС 001Р-754R 1Г ОФЗДИС;14,493;15.09.2026;1000;RUB;1000;0,01;0,1;0,1;;;;;;
RU000A10CH37;Денум Солюшнз 001Р-02;200;15.09.2026;1000;RUB;1000;24,5;20,14;20,14;;;;;;
RU000A10CH11;Полипласт АО П02-БО-09;36,25;15.09.2026;100;USD;100;11,25;0,92;70,9;;;;;;
RU000A10C5L7;Селигдар 001Р-04;12500;15.09.2026;1000;RUB;1000;19;15,62;15,62;;;;;;
RU000A10C5K9;Селигдар 001Р-05;1000;15.09.2026;1000;RUB;1000;;;;;;;;;
RU000A10C5J1;ТАЛАН-ФИНАНС БО 001Р-04;3000;15.09.2026;1000;RUB;1000;;;;;;;;;
RU000A10C5F9;ГруппаЧеркизово БО-002P-02;10000;15.09.2026;1000;RUB;1000;;;;;;;;;
RU000A10C5B8;Денум Солюшнз 001Р-01;100;15.09.2026;1000;RUB;1000;27;22,19;22,19;;;;;;
RU000A10BNM4;АБЗ-1 002P-03;2500;15.09.2026;1000;RUB;1000;25,5;20,96;20,96;;;;;;
RU000A10BNK8;ЭНЕРГОНИКА 001Р-06;300;15.09.2026;1000;RUB;1000;27;22,19;22,19;;;;;;
RU000A10BNF8;РусГидро (ПАО) БО-П13;15000;15.09.2026;1000;RUB;1000;17,35;14,26;14,26;;;;;;
RU000A10BG62;ГПБ Финанс 001Р-03Р;5000;15.09.2026;1000;RUB;1000;17,5;14,38;14,38;;;;;;
RU000A10B4X6;СИБУР Холдинг 001Р-06;43000;15.09.2026;1000;RUB;1000;;;;;;;;;
RU000A10B4W8;СИБУР Холдинг 001Р-05;50000;15.09.2026;1000;RUB;1000;;;;;;;;;
RU000A10B4V0;ГруппаЧеркизово БО-002Р-01;500;15.09.2026;1000;CNY;1000;10,8;8,88;100,66;;;;;;
RU000A10B4U2;СИБУР Холдинг 001Р-04;50000;15.09.2026;1000;RUB;1000;;;;;;;;;
RU000A10B4T4;Пионер-Лизинг БО7;400;15.09.2026;1000;RUB;1000;21;17,26;17,26;;;;;;
RU000A10AT35;ИКС 5 ФИНАНС 003P-11;15000;15.09.2026;1000;RUB;1000;17,25;14,18;14,18;;;;;;
RU000A10AQF3;СберИОС 001Р-674R 5Г AC LKOH;474,247;15.09.2026;1000;RUB;1000;0,01;0,01;0,01;;;;;;
RU000A10AFW1;ПАО Россети Моск.рег. БО1Р08;15000;15.09.2026;1000;RUB;1000;;;;;;;;;
RU000A10AFT7;ЭР-Телеком Холдинг ПБО-02-07;1200;15.09.2026;1000;RUB;1000;;;;;;;;;
RU000A10ADT2;СФО Оптимум Финанс 02;541521,453;15.09.2026;1000;RUB;339,63;18,5;4,47;4,47;;;;;;
RU000A109VM6;КАМАЗ ПАО БО-П13;5000;15.09.2026;1000;RUB;1000;;;;;;;;;
RU000A109VL8;Совкомбанк БО-П05;20507,209;15.09.2026;1000;RUB;1000;;;;;;;;;
RU000A109VK0;ВсеИнструменты.ру 001Р-03;500;15.09.2026;1000;RUB;1000;21,85;17,96;17,96;;;;;;
RU000A109VJ2;ВсеИнструменты.ру 001Р-02;4500;15.09.2026;1000;RUB;1000;;;;;;;;;
RU000A109PF2;РЖД БО 001P-33R;25000;15.09.2026;1000;RUB;1000;;;;;;;;;
RU000A109JW0;КАМАЗ ПАО БО-П12;8000;15.09.2026;1000;RUB;1000;;;;;;;;;
RU000A1093L2;ВЭБ.РФ ПБО-002Р-46;45000;15.09.2026;1000;RUB;1000;;;;;;;;;
RU000A108QA3;МегаФон ПАО БО-002P-04;10000;15.09.2026;1000;RUB;1000;;;;;;;;;
RU000A108Q94;МегаФон ПАО БО-002P-05;10000;15.09.2026;1000;RUB;1000;;;;;;;;;
RU000A108Q03;Межд.Банк Эк.Сотруд. 002P-03;5000;15.09.2026;1000;RUB;1000;;;;;;;;;
RU000A108KT6;Росагролизинг 002P-01;7000;15.09.2026;1000;RUB;1000;;;;;;;;;
RU000A108JV4;Газпром капитал БО-003Р-02;40000;15.09.2026;1000;RUB;1000;;;;;;;;;
RU000A1084E6;О'КЕЙ ООО БО 001Р-06;3500;15.09.2026;1000;RUB;1000;15,5;12,74;12,74;;;;;;
RU000A1084B2;Сэтл-Групп ООО БО 002P-03;12000;15.09.2026;1000;RUB;1000;17;13,97;13,97;;;;;;
RU000A108462;МФК Джой Мани 001P-02;250;15.09.2026;1000;RUB;1000;;;;;;;;;
RU000A107UW1;Газпром нефть БО 003P-10R;50000;15.09.2026;1000;RUB;1000;;;;;;;;;
RU000A107TL6;СОПФ ДОМ.РФ 9;5000;15.09.2026;1000;RUB;1000;;;;;;;;;
RU000A107ET1;Газпром капитал БО-002Р-11;40000;15.09.2026;1000;RUB;1000;;;;;;;;;
RU000A107EP9;СмартФакт БО-02-001P;200;15.09.2026;1000;RUB;1000;19;47,37;47,37;;;;;;
RU000A107A93;Сибнефтехимтрейд БО-03;223,407;15.09.2026;1000;RUB;1000;;;;;;;;;
RU000A107738;ТБанк TCS-perp1;146,215;15.09.2026;1000;USD;1000;11,262;28,16;2170,04;;;;;;
RU000A106WZ2;АПРИ БО-002Р-03;750;15.09.2026;1000;RUB;1000;24;59,84;59,84;;;;;;
RU000A1064Y6;СУЭК-Финанс 001Р-07R;300;15.09.2026;1000;USD;1000;3,348;16,88;1300,79;;;;;;
RU000A1061K1;ЕвроТранс БО-001Р-03;5000;15.09.2026;1000;RUB;750;13,6;8,38;8,38;;;;;;
RU000A1057S2;ПАО НК Роснефть 002P-12;15000;15.09.2026;1000;CNY;1000;6,5;32,41;367,4;;;;;;
RU000A1057P8;РусГидро (ПАО) БО-П06;20000;15.09.2026;1000;RUB;1000;8,5;42,38;42,38;;;;;;
RU000A103UL3;Татнефтехим 001-P-01;300;15.09.2026;1000;RUB;1000;21,5;17,67;17,67;;;;;;
RU000A103QK3;Мэйл.Ру Финанс 001P-01;15000;15.09.2026;1000;RUB;1000;7,9;39,39;39,39;;;;;;
RU000A103QH9;Эталон-Финанс АО БО-П03;10000;15.09.2026;1000;RUB;120;9,1;2,72;2,72;;;;;;
RU000A102HC1;Сбербанк 002СУБ-02R;56000;15.09.2026;10000000;RUB;10000000;15;747945,21;747945,21;;;;;;
RU000A102556;СЭЗ им. С.Орджоникидзе 001Р-02;500;15.09.2026;1000;RUB;1000;10,75;26,8;26,8;;;;;;
RU000A100UT2;Почта России (АО) БО-001P-08;5000;15.09.2026;1000;RUB;1000;18,2;90,75;90,75;;;;;;
RU000A1001T8;ММЦБ ПАО БО-П01-01;30;15.09.2026;1000;RUB;1000;19;47,37;47,37;;;;;;
RU000A0NR3Y7;Сбер CIB-CO-487;247,879;15.09.2026;1000;RUB;1000;0,01;0,31;0,31;;;;;;
RU000A0NR3M2;Сбер CIB-CO-521 (структурные);0;15.09.2026;1000;RUB;1000;0,01;0,28;0,28;;;;;;
RU000A0JVB27;Российские ЖД ОАО 34 обл.;15000;15.09.2026;1000;RUB;1000;6,59;32,86;32,86;;;;;;
RU000A0JVB19;Российские ЖД ОАО 33 обл.;15000;15.09.2026;1000;RUB;1000;6,59;32,86;32,86;;;;;;
RU000A0JQAM6;ДОМ.РФ (ПАО) обл. сер. А15;7000;15.09.2026;1000;RUB;1000;18;90,74;90,74;?;;;;;
XS1676401414;Republic of Tajikistan 09/27;500;14.09.2026;1000;USD;500;7,125;17,813;1372,65;;;;;;
RU000A10FDZ8;Магнит ПАО БО-005Р-06;61500;14.09.2026;1000;RUB;1000;;;;;;;;;
RU000A10FC62;ГМК Нор.никель БО-001Р-17;3000;14.09.2026;1000;CNY;1000;7,6;6,25;70,85;;;;;;
RU000A10EW51;АБЗ-1 002P-06;4000;14.09.2026;1000;RUB;1000;17,5;14,38;14,38;;;;;;
RU000A10EW44;Полюс ПБО-05;340;14.09.2026;1000;USD;1000;7,75;6,37;490,88;;;;;;
RU000A10ELF6;Мобильные Телесистемы 002Р-17;10000;14.09.2026;1000;RUB;1000;;;;;;;;;
RU000A10EAC6;КАМАЗ ПАО БО-П20;6500;14.09.2026;1000;RUB;1000;15,95;13,11;13,11;;;;;;
RU000A10DWP4;ЦЕНТР-К БО-01;117;14.09.2026;1000;RUB;1000;22,5;18,49;18,49;;;;;;
RU000A10DWF5;Республика Башкортостан 24017;4000;14.09.2026;1000;RUB;1000;;;;;;;;;
RU000A10DSX6;ТАЛЬВЕН БО-П01;563,406;14.09.2026;1000;RUB;1000;22;54,85;54,85;;;;;;
RU000A10DSV0;Совкомбанк Лизинг БО-П14;1750;14.09.2026;1000;RUB;1000;15,7;39,14;39,14;;;;;;
RU000A10DSU2;КЛВЗ КРИСТАЛЛ 001P-04;250;14.09.2026;1000;RUB;1000;23,5;58,59;58,59;;;;;;
RU000A10DG86;ТрансКонтейнер П02-02;9500;14.09.2026;1000;RUB;1000;;;;;;;;;
RU000A10DG78;ЛК АдвансТрак 001Р-01;500;14.09.2026;1000;RUB;1000;25;20,55;20,55;;;;;;
RU000A10DDR0;МКПАО ЯНДЕКС 001Р-03;40000;14.09.2026;1000;RUB;1000;;;;;;;;;
RU000A10CSG3;МЕТАЛЛОИНВЕСТ 002P-02;100;14.09.2026;100;USD;100;6,3;0,52;40,07;;;;;;
RU000A10CSD0;МКПАО ОК РУСАЛ БО-001Р-15;1900;14.09.2026;1000;CNY;1000;7,25;5,96;67,56;;;;;;
RU000A10CSA6;БИЗНЕС АЛЬЯНС 001P-08;119,494;14.09.2026;1000;RUB;1000;22;18,08;18,08;;;;;;
RU000A10CS83;Органик парк БО-П02;100;14.09.2026;1000;RUB;1000;21,75;17,88;17,88;;;;;;
RU000A10CS75;Аэрофлот П02-БО-02;30000;14.09.2026;1000;RUB;1000;;;;;;;;;
RU000A10BZJ4;Балтийский лизинг ООО БО-П18;7500;14.09.2026;1000;RUB;1000;19;10,46;10,46;;;;;;
RU000A10BW05;СберИОС 001Р-732R 5Г AC TATN;78,977;14.09.2026;1000;RUB;1000;0,01;0,01;0,01;;;;;;
RU000A10BNR3;СберИОС 001Р-724R 5Г AC IMOEX;127,529;14.09.2026;1000;RUB;1000;0,01;0,01;0,01;;;;;;
RU000A10BM56;АПРИ БО-002Р-10;500;14.09.2026;1000;RUB;1000;;;;;;;;;
RU000A10BG13;Ростелеком ПАО 001P-16R;15000;14.09.2026;1000;RUB;1000;17,65;14,51;14,51;;;;;;
RU000A10BG05;МегаФон ПАО БО-002Р-08;15000;14.09.2026;1000;RUB;1000;;;;;;;;;
RU000A10BFZ2;МегаФон ПАО БО-002Р-09;15000;14.09.2026;1000;RUB;1000;;;;;;;;;
RU000A10BFX7;ГК Самолет БО-П16;3000;14.09.2026;1000;RUB;1000;25,5;20,96;20,96;;;;;;
RU000A10B4M9;СберИОС 001Р-694R 5Г AC LKOH;577,519;14.09.2026;1000;RUB;1000;0,01;0,01;0,01;;;;;;
RU000A10B3B4;РСГ-Финанс 001Р-01;3000;14.09.2026;1000;RUB;1000;10;49,86;49,86;;;;;;
RU000A10B354;ЭффТех 001P-02;360;14.09.2026;1000;RUB;1000;26,5;66,07;66,07;;;;;;
RU000A10AYB6;А Спэйс 001Р-02;150;14.09.2026;1000;RUB;1000;31;25,48;25,48;;;;;;
RU000A10AH13;АЛЬФА-Б C-1-585 (структурные);0;14.09.2026;1000;RUB;1000;0,01;0,15;0,15;;;;;;
RU000A10AFB5;"ООО ""Мираторг Финанс"" 001Р-02";500;14.09.2026;1000;RUB;1000;;;;;;;;;
RU000A10AC18;ТСГ Асача 001P-01;500;14.09.2026;1000;RUB;1000;14,5;36,15;36,15;;;;;;
RU000A109LC8;РОЛЬФ БО 001Р-03;500;14.09.2026;1000;RUB;1000;;;;;;;;;
RU000A109JS8;Ростелеком ПАО 001P-11R;15000;14.09.2026;1000;RUB;1000;;;;;;;;;
RU000A109692;Банк ВТБ С-1-1211(структурные);0;14.09.2026;1000;RUB;1000;0,01;0,15;0,15;;;;;;
RU000A108PZ2;Газпром нефть БО 003P-12R;2000;14.09.2026;1000;CNY;1000;7,75;19,32;219,01;;;;;;
RU000A108CE5;Ю Ди Пи Авто БО-01;138,858;14.09.2026;1000;RUB;1000;18,25;15;15;;;;;;
RU000A108447;Росагролизинг 001P-05;7000;14.09.2026;1000;RUB;1000;;;;;;;;;
RU000A108405;ХРОМОС Инжиниринг БО-01;500;14.09.2026;1000;RUB;1000;29,5;24,25;24,25;;;;;;
RU000A107E81;Биннофарм Групп 001Р-03;3000;14.09.2026;1000;RUB;1000;;;;;;;;;
RU000A107DC9;СберИОС 001Р-599R 5Г AC MOEXFN;624,306;14.09.2026;1000;RUB;1000;0,01;0,01;0,01;;;;;;
RU000A106T85;КОНТРОЛ лизинг 001Р-01;1000;14.09.2026;1000;RUB;656,3;16,25;8,24;8,24;;;;;;
RU000A106RZ2;СФО БКС Структурные Ноты 07;203,709;14.09.2026;1000;RUB;1000;0,01;0,3;0,3;;;;;;
RU000A105ZC6;ПАО НК Роснефть 002P-13;15000;14.09.2026;1000;CNY;1000;6,5;32,41;367,4;;;;;;
RU000A1057B8;ЕАБР 003P-003;700;14.09.2026;1000;USD;1000;3,75;18,7;1441,04;;;;;;
RU000A104V00;Пионер-Лизинг БР5;400;14.09.2026;1000;RUB;1000;22,54;18,53;18,53;;;;;;
RU000A103J72;Сбер CIB-CO-23 (структурные);0;14.09.2026;1000;RUB;1000;0,01;0,51;0,51;;;;;;
RU000A102VR0;ГТЛК БО 002P-01;10000;14.09.2026;1000;RUB;1000;16,6;41,39;41,39;;;;;;
RU000A0ZYLU6;ДОМ.РФ (ПАО) БО 001P-01R;15000;14.09.2026;1000;RUB;1000;14,05;35,03;35,03;;;;;;
RU000A10FDV7;Почта России 003P-07;7000;13.09.2026;1000;RUB;1000;16,95;13,93;13,93;;;;;;
RU000A10FDT1;Полюс ПБО-08;2100;13.09.2026;1000;CNY;1000;7,65;6,29;71,3;;;;;;
RU000A10FDS3;Полюс ПБО-10;1200;13.09.2026;1000;CNY;1000;7,65;6,29;71,3;;;;;;
RU000A10EVJ7;Газпром нефть 005Р-06R;100000;13.09.2026;1000;RUB;1000;;;;;;;;;
RU000A10EV78;Мобильные Телесистемы 002Р-19;15000;13.09.2026;1000;RUB;1000;13,85;11,38;11,38;;;;;;
RU000A10EL13;ПЭТ ПЛАСТ 001Р-02;150;13.09.2026;1000;RUB;1000;26;21,37;21,37;;;;;;
RU000A10EKZ6;Р-Вижн 001Р-03;500;13.09.2026;1000;RUB;1000;15,25;12,53;12,53;;;;;;
RU000A10EKY9;ЭкоНива 001P-02;6000;13.09.2026;1000;RUB;1000;;;;;;;;;
RU000A10EKX1;ЭнергоТехСервис 001Р-09;1000;13.09.2026;1000;RUB;1000;18;14,79;14,79;;;;;;
RU000A10DTW6;Пионер-Лизинг БО8;200;13.09.2026;1000;RUB;1000;28,5;23,42;23,42;;;;;;
RU000A10DTU0;ГЛАВСНАБ БО-02;106,767;13.09.2026;1000;RUB;1000;26,55;21,82;21,82;;;;;;
RU000A10DTT2;Совкомбанк Лизинг БО-П18;2000;13.09.2026;1000;RUB;1000;;;;;;;;;
RU000A10DTS4;Совкомбанк Лизинг БО-П17;5000;13.09.2026;1000;RUB;1000;16;13,15;13,15;;;;;;
RU000A10DTQ8;МИРРИКО БО-П06;145,756;13.09.2026;1000;RUB;1000;22,5;18,49;18,49;;;;;;
RU000A10DTP0;ПИР БО-05-001P;190;13.09.2026;1000;RUB;1000;27;22,19;22,19;;;;;;
RU000A10DMS9;Деп Финансов ЯНАО 34005;36000;13.09.2026;1000;RUB;1000;;;;;;;;;
RU000A10DFN4;Мобильные ТелеСистемы 002Р-14;17000;13.09.2026;1000;RUB;1000;;;;;;;;;
RU000A10D1H3;РЖД БО 001P-46R;20000;13.09.2026;1000;RUB;1000;;;;;;;;;
RU000A10CG79;МСП Банк 003P-02;5000;13.09.2026;1000;RUB;1000;;;;;;;;;
RU000A10BU31;КАМАЗ ПАО БО-П15;11000;13.09.2026;1000;RUB;1000;18;14,79;14,79;;;;;;
RU000A10BU23;ГМК Нор.никель БО-001Р-11-CNY;3000;13.09.2026;1000;CNY;1000;7;5,75;65,18;;;;;;
RU000A10BU07;Полипласт АО П02-БО-06;17;13.09.2026;100;USD;100;12,95;1,06;81,68;;;;;;
RU000A10BFP3;МВ ФИНАНС 001Р-06;2000;13.09.2026;1000;RUB;1000;26;21,37;21,37;;;;;;
RU000A10BF48;МКПАО ЯНДЕКС 001Р-01;40000;13.09.2026;1000;RUB;1000;;;;;;;;;
RU000A10B024;АФК Система БО 002Р-01;12000;13.09.2026;1000;RUB;1000;17,5;14,86;14,86;;;;;;
RU000A10A4S7;ФосАгро БО-02-01;30371,791;13.09.2026;1000;RUB;1000;;;;;;;;;
RU000A10A4N8;Интерлизинг 001Р-10;4500;13.09.2026;1000;RUB;680;;;;;;;;;
RU000A10A414;Первое кол.бюро НАО 001Р-06;1000;13.09.2026;1000;RUB;1000;;;;;;;;;
RU000A109UE5;Автоассистанс 001-01;16,546;13.09.2026;1000;RUB;1000;23;18,9;18,9;;;;;;
RU000A109UD7;Атомэнергопром АО 001Р-03;20000;13.09.2026;1000;RUB;1000;;;;;;;;;
RU000A109L49;АЛРОСА 001Р-01;45000;13.09.2026;1000;RUB;1000;;;;;;;;;
RU000A1092S9;Элемент Лизинг БО 001P-09;2000;13.09.2026;1000;RUB;362,9;18,5;4,68;4,68;;;;;;
RU000A108TU5;Джи-групп 002P-04;3000;13.09.2026;1000;RUB;1000;;;;;;;;;
RU000A108C74;РЕСО-Лизинг ООО БО-П-25;5000;13.09.2026;1000;RUB;1000;15,5;12,74;12,74;;;;;;
RU000A108C58;Элемент Лизинг БО 001P-08;3000;13.09.2026;1000;RUB;279,8;16;2,95;2,95;;;;;;
RU000A1085A1;СИНАРА-Капитал БО-01;1000;13.09.2026;1000;RUB;1000;15,2;12,49;12,49;;;;;;
RU000A107HG1;Газпром нефть БО 003P-08R;12000;13.09.2026;1000;RUB;1000;;;;;;;;;
RU000A1079G1;Мани Капитал 001P-02;150;13.09.2026;1000;RUB;1000;15;7,4;7,4;;;;;;
RU000A1074N8;Практика ЛК 001Р-02;3000;13.09.2026;1000;RUB;160;15,7;1,33;1,33;;;;;;
RU000A0JV755;ИА АИЖК 2014-2 кл.А3;6459;13.09.2026;1000;RUB;61,13;10,5;1,62;1,62;;;;;;
RU000A10FAP5;ВЭБ.РФ ПБО-002Р-59ПО;3530,03;12.09.2026;1000;RUB;1000;;36,82;36,82;;;;;;
RU000A10F6J6;Кеарли Групп 001Р-02;120;12.09.2026;1000;RUB;1000;25;20,55;20,55;;;;;;
RU000A10F6H0;ПИР БО-06-001P;272,721;12.09.2026;1000;RUB;1000;25,5;20,96;20,96;;;;;;
RU000A10F6G2;Первое кол.бюро НАО 001Р-11;1800;12.09.2026;1000;RUB;1000;;;;;;;;;
RU000A10F6F4;Автодор ГК БО-004Р-08;10200;12.09.2026;1000;RUB;1000;14,9;12,25;12,25;;;;;;
RU000A10EV60;Интел Коллект БО-02;1000;12.09.2026;1000;RUB;1000;23,25;19,11;19,11;;;;;;
RU000A10EV52;ПКО СЗА БО-07;100;12.09.2026;1000;RUB;1000;25,5;20,96;20,96;;;;;;
RU000A10EK71;Борец Капитал 001Р-05;2500;12.09.2026;1000;RUB;1000;18,5;15,21;15,21;;;;;;
RU000A10EK63;АБ РОССИЯ 001P-02;17000;12.09.2026;1000;RUB;1000;;;;;;;;;
RU000A10EK06;Сэтл-Групп ООО БО 002P-07;5500;12.09.2026;1000;RUB;1000;16,5;13,56;13,56;;;;;;
RU000A10EJZ8;ЭкоНива 001P-01;9000;12.09.2026;1000;RUB;1000;16,75;13,77;13,77;;;;;;
RU000A10DTG9;ВТБ Лизинг 001Р-МБ-04;3000;12.09.2026;1000;RUB;840;16,5;11,39;11,39;;;;;;
RU000A10DTF1;Селигдар 001Р-08;5500;12.09.2026;1000;RUB;1000;18;14,79;14,79;;;;;;
RU000A10DTB0;ЭЛТЕРА БО-01;150;12.09.2026;1000;RUB;1000;21;17,26;17,26;;;;;;
RU000A10DTA2;Селигдар 001Р-9;2500;12.09.2026;1000;RUB;1000;;;;;;;;;
RU000A10DS74;Сбербанк ПАО 001Р-SBER51;100000;12.09.2026;1000;RUB;1000;14,85;12,21;12,21;;;;;;
RU000A10DS66;АЛЬФА-БАНК Б2Р30;1184,12;12.09.2026;1000;RUB;1000;14,5;11,92;11,92;;;;;;
RU000A10D4F1;Россети ПАО БО 001P-18R;23500;12.09.2026;1000;RUB;1000;;;;;;;;;
RU000A10D4E4;Векус БО-01;300;12.09.2026;1000;RUB;1000;27;22,19;22,19;;;;;;
RU000A10CRJ9;Центр-резерв БО-05;150;12.09.2026;1000;RUB;1000;25;20,55;20,55;;;;;;
RU000A10CRG5;Феррум БП2;250;12.09.2026;1000;RUB;1000;23;18,9;18,9;;;;;;
RU000A10CQB8;Совкомбанк БО-И05;43,264;12.09.2026;1000;RUB;1000;0,01;0,1;0,1;;;;;;
RU000A10BTU4;ГМК Нор.никель БО-001Р-12;500;12.09.2026;100;USD;100;;;;;;;;;
RU000A10BTT6;УЛК 001Р-01;1000;12.09.2026;1000;RUB;1000;24,5;20,14;20,14;;;;;;
RU000A10BTQ2;Транспортная ЛК 001P-03;200;12.09.2026;1000;RUB;1000;23,5;17,71;17,71;;;;;;
RU000A10BLP1;Регион-Продукт БО-01;70;12.09.2026;1000;RUB;1000;31;25,48;25,48;;;;;;
RU000A10B4L1;ДЕВАР ПЕТРО 001Р-01;150;12.09.2026;1000;RUB;1000;29,5;24,25;24,25;;;;;;
RU000A10B4K3;ГМК Нор.никель БО-001Р-08;1000;12.09.2026;100;USD;100;7,75;0,64;49,32;;;;;;
RU000A10B4J5;Полипласт АО П02-БО-03;58;12.09.2026;100;USD;100;13,7;1,13;87,08;;;;;;
RU000A10B3Q2;Биннофарм Групп 001Р-05;6000;12.09.2026;1000;RUB;1000;23,5;19,32;19,32;;;;;;
RU000A10B2X0;Синара Транспортные Машины 1P5;5000;12.09.2026;1000;RUB;1000;;;;;;;;;
RU000A10AXW4;СИБУР Холдинг 001Р-03;600;12.09.2026;100;USD;100;9,6;0,79;60,88;;;;;;
RU000A10A4C1;ЭНЕРГОНИКА 001Р-05;300;12.09.2026;1000;RUB;800;28;18,41;18,41;;;;;;
RU000A109U06;ДельтаЛизинг 001Р-01;1000;12.09.2026;1000;RUB;730;24,34;13,7;13,7;;;;;;
RU000A109TW9;ГМК Нор.никель БО-10;100000;12.09.2026;1000;RUB;1000;;;;;;;;;
RU000A1099V8;Совкомбанк Лизинг БО-П07;4804,71;12.09.2026;1000;RUB;780;;;;;;;;;
RU000A1092T7;Омега БО-01;470,228;12.09.2026;1000;RUB;1000;;;;;;;;;
RU000A108P46;Балтийский лизинг ООО БО-П11;6000;12.09.2026;1000;RUB;1000;;;;;;;;;
RU000A108C17;ПИР БО-02-001P;43,052;12.09.2026;1000;RUB;1000;24,5;20,14;20,14;;;;;;
RU000A1083A6;ГМК Нор.никель БО-001Р-07;100000;12.09.2026;1000;RUB;1000;;;;;;;;;
RU000A107P47;Центр-резерв БО-03;200;12.09.2026;1000;RUB;750;19;10,93;10,93;;;;;;
RU000A107NJ3;Лизинг-Трейд 001P-11;200;12.09.2026;1000;RUB;1000;16;13,15;13,15;;;;;;
RU000A107CD9;Балтийский лизинг ООО БО-П09;3000;12.09.2026;1000;RUB;250;15,9;2,61;2,61;;;;;;
RU000A106YN4;Группа Продовольствие 001P-03;300;12.09.2026;1000;RUB;1000;16;13,15;13,15;;;;;;
RU000A106B51;МФК Быстроденьги 002Р-02;300;12.09.2026;1000;RUB;800;16;7,89;7,89;;;;;;
RU000A105SK4;ЛК Роделен БО 001Р-04;250;12.09.2026;1000;RUB;633,7;20;9,32;9,32;;;;;;
RU000A104XE0;Лизинг-Трейд 001P-04;100;12.09.2026;1000;RUB;1000;15;12,33;12,33;;;;;;
RU000A101ZU7;ИА Абсолют 5 01;3003;12.09.2026;1000;RUB;122,47;6,35;1,96;1,96;;;;;;
RU000A10AA93;ОФЗ-ПК 29027 11/09/36;1000000;11.09.2026;1000;RUB;1000;;;;;;;;;
RU000A10F5F6;Пионер-Лизинг БО9;250;11.09.2026;1000;RUB;1000;26,5;21,78;21,78;;;;;;
RU000A10ETT0;Промсвязьбанк 004P-04;15000;11.09.2026;1000;RUB;1000;;;;;;;;;
RU000A10ETQ6;Промсвязьбанк 004P-02;40000;11.09.2026;1000;RUB;1000;14,05;11,55;11,55;;;;;;
RU000A10ETM5;ЭнергоТехСервис 001Р-10;1007,2;11.09.2026;1000;RUB;1000;;;;;;;;;
RU000A10ETL7;Ростелеком ПАО 001P-25R;15000;11.09.2026;1000;RUB;1000;13,65;11,22;11,22;;;;;;
RU000A10EKR3;АЛЬФА-Б С-1-920 структурные;0;11.09.2026;1000;RUB;1000;0,01;0,03;0,03;;;;;;
RU000A10EJQ7;Атомэнергопром АО 001Р-11;50000;11.09.2026;1000;RUB;1000;14,7;36,65;36,65;;;;;;
RU000A10EA32;Почта России 003P-04;2300;11.09.2026;1000;RUB;1000;;;;;;;;;
RU000A10EA16;Почта России 003P-03;8700;11.09.2026;1000;RUB;1000;17,75;14,59;14,59;;;;;;
RU000A10EA08;Софтлайн 002Р-02;6600;11.09.2026;1000;RUB;1000;19,5;16,03;16,03;;;;;;
RU000A10E9Z7;МКАО Воксис 001Р-02;500;11.09.2026;1000;RUB;1000;20;16,44;16,44;;;;;;
RU000A10E9Y0;Газпром капитал ООО БО-003Р-18;250;11.09.2026;1000;USD;1000;7,5;6,16;474,7;;;;;;
RU000A10E9V6;ПЕРВОУРАЛЬСКБАНК 001Р-02;300;11.09.2026;1000;RUB;1000;21;16,7;16,7;;;;;;
RU000A10E804;Первое кол.бюро НАО 001Р-09;1250;11.09.2026;1000;RUB;1000;;;;;;;;;
RU000A10DT08;Газпром капитал ООО БО-003Р-20;3000;11.09.2026;1000;CNY;1000;7,4;6,08;68,92;;;;;;
RU000A10DSY4;Совко Капитал 001Р-01;10000;11.09.2026;1000;RUB;1000;19;15,62;15,62;;;;;;
RU000A10D483;Газпром нефть 005P-01R;210;11.09.2026;1000;USD;1000;7,5;6,16;474,7;;;;;;
RU000A10D459;Мобильные ТелеСистемы 002P-13;20000;11.09.2026;1000;RUB;1000;;;;;;;;;
RU000A10CRD2;ГМК Нор.никель БО-001Р-15;9000;11.09.2026;1000;CNY;1000;7,5;6,16;69,83;;;;;;
RU000A10CRC4;ГМК Нор.никель БО-001Р-14;850;11.09.2026;100;USD;100;6,4;0,53;40,84;;;;;;
RU000A10CRB6;Кокс ПАО 001P-06;800;11.09.2026;1000;RUB;1000;20,5;16,85;16,85;;;;;;
RU000A10CRA8;Гланит БО-01;7000;11.09.2026;1000;RUB;1000;;;;;;;;;
RU000A10CR92;КВАЗАРЛ-01;100;11.09.2026;1000;RUB;749,98;25;14,27;14,27;;;;;;
RU000A10C3P3;МИРРИКО БО-П04;55,118;11.09.2026;1000;RUB;1000;;;;;;;;;
RU000A10C3N8;МИРРИКО БО-П03;509,111;11.09.2026;1000;RUB;1000;22,5;18,49;18,49;;;;;;
RU000A10BTC2;Ростелеком ПАО 001P-18R;15000;11.09.2026;1000;RUB;1000;;;;;;;;;
RU000A10BTA6;РЖД БО 001P-43R;40000;11.09.2026;1000;RUB;1000;15,9;13,07;13,07;;;;;;
RU000A10B4F3;АгроЗерноЮгUSD 001Р-01;2;11.09.2026;10;USD;10;15;0,12;9,25;;;;;;
RU000A10B4D8;МЕТАЛЛОИНВЕСТ 001P-13;30000;11.09.2026;1000;RUB;1000;;;;;;;;;
RU000A10B4A4;Интерлизинг 001Р-11;4500;11.09.2026;1000;RUB;892;24;16,53;16,53;;;;;;
RU000A10B487;ДелоПортс ООО БО 001P-04;15000;11.09.2026;1000;RUB;1000;20,75;17,05;17,05;;;;;;
RU000A10B461;НСКАТД БО-03;1700;11.09.2026;1000;RUB;1000;26;21,37;21,37;;;;;;
RU000A10AYH3;СберИОС 001Р-683R 5Г AC MOEX;370,767;11.09.2026;1000;RUB;1000;0,01;0,01;0,01;;;;;;
RU000A10AXH5;Магнит ПАО БО-005Р-02;46500;11.09.2026;1000;RUB;1000;21,5;17,67;17,67;;;;;;
RU000A10AT92;СберИОС 001Р-678R 5Г BSKRUS;1599,334;11.09.2026;1000;RUB;1000;0,01;0,01;0,01;;;;;;
RU000A10AEG7;Полипласт АО П02-БО-01;1000;11.09.2026;1000;RUB;1000;;;;;;;;;
RU000A10ABK5;Селигдар SILV01;248,5;11.09.2026;994;RUB;1473,6;4;14,7;14,7;;;;;;
RU000A10A3Z4;ГТЛК БО 002P-04;10000;11.09.2026;1000;RUB;1000;25;20,55;20,55;;;;;;
RU000A1099P0;МФК Быстроденьги 002Р-07;124,579;11.09.2026;1000;RUB;1000;;;;;;;;;
RU000A108QC9;СФО БКС Структурные Ноты 31;166,952;11.09.2026;1000;RUB;1000;0,01;0,2;0,2;;;;;;
RU000A108BN8;Газпром капитал БО-003Р-01;20000;11.09.2026;1000;RUB;1000;;;;;;;;;
RU000A1086N2;КОНТРОЛ лизинг 001Р-02;1000;11.09.2026;1000;RUB;808,2;18,25;11,63;11,63;;;;;;
RU000A108124;РЖД БО 001P-31R;20000;11.09.2026;1000;RUB;1000;13,39;33,38;33,38;;;;;;
RU000A107GU4;МФК Быстроденьги 002Р-04;366,644;11.09.2026;1000;RUB;1000;22,5;18,49;18,49;;;;;;
RU000A107GT6;СЕЛЛ-Сервис БО-01;250;11.09.2026;1000;RUB;1000;24;19,73;19,73;;;;;;
RU000A106W49;Солид-Лизинг БО-01;700;11.09.2026;1000;RUB;1000;19,5;97,23;97,23;;;;;;
RU000A106SE5;Фордевинд 04;300;11.09.2026;1000;RUB;1000;17;13,97;13,97;;;;;;
RU000A106FN3;СПМК БО-02;300;11.09.2026;1000;RUB;1000;14,4;35,51;35,51;;;;;;
RU000A106AU9;Ультра БО-01;250;11.09.2026;1000;RUB;520;20;7,23;7,23;;;;;;
RU000A105M91;Синара Транспортные Машины 1P3;10000;11.09.2026;1000;RUB;1000;18,5;46,12;46,12;;;;;;
RU000A1057D4;МЕТАЛЛОИНВЕСТ 001P-02;1000;11.09.2026;1000;CNY;1000;3,7;9,22;104,52;;;;;;
RU000A1054X9;СберИОС 001Р-536R 5Г IMOEX;32,813;11.09.2026;1000;RUB;1000;0,01;0,1;0,1;;;;;;
RU000A103PX8;Группа ЛСР ПАО БО 001Р-07;10000;11.09.2026;1000;RUB;400;8,65;8,63;8,63;;;;;;
RU000A101P27;Республика Саха (Якутия) 35014;5500;11.09.2026;1000;RUB;400;6,49;6,47;6,47;;;;;;
RU000A1017J5;Газпром нефть БО 003Р-02R;20000;11.09.2026;1000;RUB;1000;7,15;17,83;17,83;;;;;;
RU000A0ZZAL5;ГТЛК БО 001P-11;150;11.09.2026;1000;USD;1000;0,1;0,25;19,27;;;;;;
RU000A0ZYWB3;АЛЬФА-БАНК АО БО-39;10000;11.09.2026;1000;RUB;1000;18,3;91,75;91,75;;;;;;
RU000A0ZYLK7;Верхбак цемент завод 1P-1R;7600;11.09.2026;1000;RUB;1000;0,75;1,87;1,87;;;;;;
RU000A0NTXN2;Банк ВТБ С-1-689 (структурные);0;11.09.2026;1000;RUB;1000;0,01;0,3;0,3;;;;;;
RU000A0JX2R1;ДОМ.РФ (ПАО) БО-05;5000;11.09.2026;1000;RUB;1000;14,05;35,03;35,03;;;;;;
RU000A0JWTV5;ГосТранспортЛизингКомп 001P-01;4259,08;11.09.2026;1000;RUB;243;15,63;9,47;9,47;;;;;;
RU000A0JWB59;"АКБ ""Держава"" 03";500;11.09.2026;1000;RUB;1000;15;74,79;74,79;;;;;;
RU000A10F595;Транспортная ЛК 001P-05;250;10.09.2026;1000;RUB;1000;26;21,37;21,37;;;;;;
RU000A10ET56;Россети Сибирь 001Р-01;5000;10.09.2026;1000;RUB;1000;;;;;;;;;
RU000A10E9M5;Защита онлайн БО-02;200;10.09.2026;1000;RUB;1000;26;21,37;21,37;;;;;;
RU000A10DEQ0;Полипласт АО П02-БО-12;10;10.09.2026;100;USD;100;12,5;1,03;79,37;1;;7725,99;Tn;;
RU000A10DEM9;СтройДорСервис БО-01;300;10.09.2026;1000;RUB;1000;20,5;16,85;16,85;;;;;;
RU000A10D3X6;Селигдар 001Р-07;4800;10.09.2026;1000;RUB;1000;;;;;;;;;
RU000A10D3T4;ПКО СЗА БО-04;100;10.09.2026;1000;RUB;1000;24,5;20,14;20,14;;;;;;
RU000A10D3S6;Селигдар 001Р-06;2700;10.09.2026;1000;RUB;1000;18,5;15,21;15,21;;;;;;
RU000A10D3P2;Южноуральский ЛЦ 001Р-01;208,151;10.09.2026;1000;RUB;1000;24;19,73;19,73;;;;;;
RU000A10D3G1;Гельтек-Медика БО-01;500;10.09.2026;1000;RUB;1000;22;18,08;18,08;;;;;;
RU000A10CR50;ГТЛК БО 002P-10;30000;10.09.2026;1000;RUB;1000;;;;;;;;;
RU000A10C3B3;МФК Быстроденьги 003Р-01;400;10.09.2026;1000;RUB;1000;27;22,19;22,19;;;;;;
RU000A10C014;Банк ВТБ С-1-1547(структурные);0;10.09.2026;1000;RUB;1000;0,01;0,1;0,1;;;;;;
RU000A10BT34;Россети ПАО БО 001P-17R;15000;10.09.2026;1000;RUB;1000;16;13,15;13,15;;;;;;
RU000A10BT00;СОБИ-ЛИЗИНГ 001Р-06;76,737;10.09.2026;1000;RUB;730;;;;;;;;;
RU000A10BFM0;Газпром капитал БО-003Р-13;350;10.09.2026;1000;USD;1000;7,65;6,29;484,71;;;;;;
RU000A10BFL2;Новые технологии 001Р-06;1000;10.09.2026;1000;RUB;1000;;;;;;;;;
RU000A10BFK4;Новые технологии 001Р-05;400;10.09.2026;1000;RUB;1000;23,25;19,11;19,11;;;;;;
RU000A10BFJ6;Полипласт АО П02-БО-04;2250;10.09.2026;1000;RUB;1000;25,5;20,96;20,96;;;;;;
RU000A10B6Y9;АЛЬФА-БАНК Б1Р22;199,8;10.09.2026;1000;RUB;1000;0,01;0,1;0,1;;;;;;
RU000A10B420;ГруппаЧеркизово БО-001Р-08;10000;10.09.2026;1000;RUB;1000;;;;;;;;;
RU000A10B313;Брусника 002Р-05;3000;10.09.2026;1000;RUB;1000;24,75;20,34;20,34;;;;;;
RU000A10AEF9;"ПАО ""ТГК-14"" 001Р-03";150;10.09.2026;1000;RUB;1000;26,5;21,78;21,78;;;;;;
RU000A10AEE2;"ПАО ""ТГК-14"" 001Р-04";150;10.09.2026;1000;RUB;1000;;;;;;;;;
RU000A10AEB8;РусГидро БО-002Р-05;20500;10.09.2026;1000;RUB;1000;;;;;;;;;
RU000A10A6J1;Адм. г.Томск 34009;1200;10.09.2026;1000;RUB;500;26;11,04;11,04;;;;;;
RU000A109KW8;Нижнекамскнефтехим об. 001Р-03;7500;10.09.2026;1000;RUB;1000;;;;;;;;;
RU000A109KV0;МСП Банк 001P-02;7500;10.09.2026;1000;RUB;1000;;;;;;;;;
RU000A109KT4;МФК Т-Финанс;10000;10.09.2026;1000;RUB;1000;;;;;;;;;
RU000A1090H6;Пионер-Лизинг БО6;400;10.09.2026;1000;RUB;1000;21,59;17,75;17,75;;;;;;
RU000A108GM9;БИЗНЕС АЛЬЯНС 001P-05;38,163;10.09.2026;1000;RUB;1000;17;13,97;13,97;;;;;;
RU000A108777;Балтийский лизинг ООО БО-П10;8000;10.09.2026;1000;RUB;1000;;;;;;;;;
RU000A1084Q0;РЖД ОАО ЗО26-2-Р;14571,4;10.09.2026;100000;RUB;100000;7,675;3837,5;3837,5;;;;;;
RU000A1080Y2;Пушкинское ПЗ 001Р-03;200;10.09.2026;1000;RUB;1000;17,5;43,63;43,63;;;;;;
RU000A107W97;СберИОС 001Р-610R 5Г AC MOEXMM;620,247;10.09.2026;1000;RUB;1000;0,01;0,01;0,01;;;;;;
RU000A107GJ7;ВсеИнструменты.ру 001Р-01;4000;10.09.2026;1000;RUB;1000;;;;;;;;;
RU000A107D33;ВИС ФИНАНС БО-П05;2000;10.09.2026;1000;RUB;1000;19;47,37;47,37;;;;;;
RU000A107B43;ГТЛК ЗО27-Д;346,639;10.09.2026;1000;USD;1000;4,65;23,25;1791,67;;;;;;
RU000A106Y88;МФК ВЭББАНКИР 04;350;10.09.2026;1000;RUB;750,1;15;7,19;7,19;;;;;;
RU000A106Y21;Нафтатранс плюс ООО БО-05;250;10.09.2026;1000;RUB;1000;28;23,01;23,01;;;;;;
RU000A106D59;Межд.Банк Эк.Сотруд. 002P-01;1700;10.09.2026;1000;RUB;1000;13,5;33,66;33,66;;;;;;
RU000A105YB1;Группа компаний Медси 001P-02;3000;10.09.2026;1000;RUB;1000;13;32,41;32,41;;;;;;
RU000A105M67;ГруппаЧеркизово БО-001Р-06;10000;10.09.2026;1000;RUB;1000;11,3;28,17;28,17;;;;;;
RU000A104A05;Интерскол КЛС БО-01;61,46;10.09.2026;1000;RUB;1000;13,5;33,66;33,66;;;;;;
RU000A1040S8;Минфин Ульяновской обл. 34004;3000;10.09.2026;1000;RUB;300;9,55;7,14;7,14;;;;;;
RU000A0JWTN2;Ростелеком ПАО 001P-01R;15000;10.09.2026;1000;RUB;1000;19,25;95,99;95,99;;;;;;
RU000A0JWTL6;Почта России (АО) БО-03;5000;10.09.2026;1000;RUB;1000;15,25;76,04;76,04;;;;;;
RU0002868001;ОФЗ-АД 46012 05/09/29;11,189;09.09.2026;1000;RUB;950;7,673;72,69;72,69;;;;;;
RU000A10FDD5;Электроаппарат БО-04;150;09.09.2026;1000;RUB;1000;17,5;43,15;43,15;;;;;;
RU000A10EJR5;Арлифт 001Р-01;700;09.09.2026;1000;RUB;1000;23,5;19,32;19,32;;;;;;
RU000A10EJ90;Сбербанк ПАО 001Р-SBER54;9000;09.09.2026;1000;RUB;1000;14,2;11,67;11,67;;;;;;
RU000A10EF52;Сбербанк ПАО 001Р-SBER52;71000;09.09.2026;1000;RUB;1000;14,2;11,67;11,67;;;;;;
RU000A10E8P0;РЖД БО 001P-51R;4000;09.09.2026;1000;CNY;1000;7,6;6,25;70,85;;;;;;
RU000A10E8N5;Мобильные ТелеСистемы 002Р-16;20000;09.09.2026;1000;RUB;1000;;;;;;;;;
RU000A10E721;Росагролизинг 002P-06;10000;09.09.2026;1000;RUB;1000;;;;;;;;;
RU000A10DQ92;СИНАРА-Капитал 001К-02;15000;09.09.2026;1000;RUB;1000;16,5;41,14;41,14;;;;;;
RU000A10DBP8;АЛЬФА-БАНК T2-CR-04;10000;09.09.2026;100000000;RUB;100000000;;;;;;;;;
RU000A10D3K3;Почта России 003P-02;3930;09.09.2026;1000;RUB;1000;;;;;;;;;
RU000A10D3J5;Почта России 003P-01;4770;09.09.2026;1000;RUB;1000;17,2;14,14;14,14;;;;;;
RU000A10D3C0;РусГидро БО-002Р-08;30000;09.09.2026;1000;RUB;1000;15,45;12,7;12,7;;;;;;
RU000A10D3B2;РусГидро БО-002Р-09;5000;09.09.2026;1000;RUB;1000;;;;;;;;;
RU000A10D3A4;Элемент Лизинг БО 001P-10;1500;09.09.2026;1000;RUB;903,4;;;;;;;;;
RU000A10CPB0;Электроаппарат БО-03;100;09.09.2026;1000;RUB;1000;21;52,36;52,36;;;;;;
RU000A10CFH8;МОНОПОЛИЯ 001P-07;1375;09.09.2026;1000;RUB;1000;23;18,9;18,9;;;;;;
RU000A10B3Z3;ЕвразХолдинг Финанс 003P-03;450;09.09.2026;100;USD;100;9,5;0,78;60,11;;;;;;
RU000A10B3Y6;ВсеИнструменты.ру 001Р-06;500;09.09.2026;1000;RUB;1000;23,5;19,32;19,32;;;;;;
RU000A10B3X8;ВсеИнструменты.ру 001Р-05;2500;09.09.2026;1000;RUB;1000;;;;;;;;;
RU000A10B271;Банк ВТБ (ПАО) Б-1-374;100000;09.09.2026;1000;RUB;1000;;;;;;;;;
RU000A10ADJ3;ЭнергоТехСервис 001Р-06;1000;09.09.2026;1000;RUB;700;;;;;;;;;
RU000A10ADH7;Нафтатранс плюс ООО БО-06;250;09.09.2026;1000;RUB;1000;30;22,19;22,19;;;;;;
RU000A10ADD6;НСКАТД БО-02;500;09.09.2026;1000;RUB;1000;29;23,84;23,84;;;;;;
RU000A10ACF3;ВЭБ.РФ ПБО-002Р-48;100000;09.09.2026;1000;RUB;1000;;;;;;;;;
RU000A10ABH1;Банк ВТБ (ПАО) Б-1-373;100000;09.09.2026;1000;RUB;1000;;;;;;;;;
RU000A10A6N3;СберИОС 001Р-662R 5Г AC IMOEX;120,655;09.09.2026;1000;RUB;1000;0,01;0,01;0,01;;;;;;
RU000A10A3C3;Брусника 002Р-03;3425;09.09.2026;1000;RUB;1000;;;;;;;;;
RU000A109KG1;Нэппи Клаб БО-01;150;09.09.2026;1000;RUB;1000;25,25;20,75;20,75;;;;;;
RU000A1099E4;Мособлэнерго 001Р-01;3500;09.09.2026;1000;RUB;1000;;;;;;;;;
RU000A1099A2;НоваБев Групп 002P БО-П07;4000;09.09.2026;1000;RUB;1000;;;;;;;;;
RU000A108RM6;МСП Банк 001P-01;5000;09.09.2026;1000;RUB;1000;0,01;0,02;0,02;;;;;;
RU000A108B83;ОилРесурс БО-01;1000;09.09.2026;1000;RUB;1000;17;13,97;13,97;;;;;;
RU000A107U65;МФК ВЭББАНКИР 05;150;09.09.2026;1000;RUB;1000;16;13,15;13,15;;;;;;
RU000A1074S7;СберИОС 001Р-591R 5Г AC MOEXOG;520,483;09.09.2026;1000;RUB;1000;0,01;0,01;0,01;;;;;;
RU000A106XT3;АйДи Коллект 04;600;09.09.2026;1000;RUB;1000;16,5;13,56;13,56;;;;;;
RU000A106A11;Банк ВТБ С-1-527 (структурные);1000;09.09.2026;1000;RUB;1000;0,01;0,3;0,3;;;;;;
RU000A1043T0;Банк ВТБ (ПАО) Б-1-273;59,336;09.09.2026;1000;RUB;1000;0,01;0,02;0,02;;;;;;
RU000A1043P8;Банк ВТБ (ПАО) Б-1-274;30,528;09.09.2026;1000;RUB;1000;0,01;0,02;0,02;;;;;;
RU000A103U51;Банк ВТБ (ПАО) Б-1-250;146,308;09.09.2026;1000;RUB;1000;0,01;0,05;0,05;;;;;;
RU000A1038M5;ГТЛК БО 001P-20;7000;09.09.2026;1000;RUB;1000;16,65;41,51;41,51;;;;;;
RU000A0ZYAP9;ГосТранспортЛизингКомп 001P-06;20000;09.09.2026;1000;RUB;513,59;16;20,49;20,49;;;;;;
RU000A0NR938;Сбер CIB-CO-592;297,95;09.09.2026;1000;RUB;1000;0,01;0,3;0,3;;;;;;
RU000A10FD46;Ред Софт БО 002Р-06;450;08.09.2026;1000;RUB;1000;16,75;13,77;13,77;;;;;;
RU000A10FD04;Сибирское Стекло БО-04;250;08.09.2026;1000;RUB;1000;25,5;20,96;20,96;;;;;;
RU000A10EJA1;Газпром нефть 005P-05R;50000;08.09.2026;1000;RUB;1000;;;;;;;;;
RU000A10EEE4;Балтийский лизинг ООО БО-П24;2200;08.09.2026;1000;RUB;1000;18;14,79;14,79;;;;;;
RU000A10E7U2;ПКФ 001Р-01;300;08.09.2026;1000;RUB;1000;26,5;21,78;21,78;;;;;;
RU000A10DSM9;ПГК 003Р-03;8650;08.09.2026;1000;RUB;1000;;;;;;;;;
RU000A10DSL1;ПГК 003Р-02;23200;08.09.2026;1000;RUB;1000;15,95;13,11;13,11;;;;;;
RU000A10DQK7;АБЗ-1 002P-05;2500;08.09.2026;1000;RUB;1000;;;;;;;;;
RU000A10DDU4;Магнит ПАО БО-005Р-04;20000;08.09.2026;1000;RUB;1000;;;;;;;;;
RU000A10D319;Уралкуз 001Р-02;30,74;08.09.2026;100;CNY;100;13;1,07;12,13;;;;;;
RU000A10D301;ЭН+ГИДРО 001РС-08;1000;08.09.2026;1000;CNY;1000;7,8;6,41;72,66;1;AA-;;;;
RU000A10D2Y6;Уральская Сталь БО-001Р-06;2388,018;08.09.2026;1000;RUB;1000;20,5;16,85;16,85;;;;;;
RU000A10CDZ5;РЖД БО 001P-45R;30000;08.09.2026;1000;RUB;1000;13,85;11,38;11,38;;;;;;
RU000A10CC99;Межд.Банк Эк.Сотруд. 002P-04;6000;08.09.2026;1000;RUB;1000;14,65;12,04;12,04;;;;;;
RU000A10C6C4;ГПБ Финанс 001Р-04Р;10000;08.09.2026;1000;RUB;1000;;;;;;;;;
RU000A10C329;iПРОМОМЕД ДМ 002P-02;5000;08.09.2026;1000;RUB;1000;;;;;;;;;
RU000A10C2L4;Сэтл-Групп ООО БО 002P-06;5000;08.09.2026;1000;RUB;1000;19,5;16,03;16,03;;;;;;
RU000A10BLG0;Интерскол КЛС БО-001Р-01;39,5;08.09.2026;100;CNY;95,83;17;1,22;13,83;;;;;;
RU000A10B3T6;ИЭК ХОЛДИНГ 001P-03;2000;08.09.2026;1000;RUB;1000;23,75;19,52;19,52;;;;;;
RU000A10B3C2;ВЭБ.РФ ПБО-002Р-49;100000;08.09.2026;1000;RUB;1000;;;;;;;;;
RU000A10B3A6;Атомэнергопром АО 001Р-04;20000;08.09.2026;1000;RUB;1000;;;;;;;;;
RU000A10B396;МОНОПОЛИЯ 001P-04;825;08.09.2026;1000;RUB;1000;26,5;21,78;21,78;;;;;;
RU000A10AMY3;ЛКХ-01;50;08.09.2026;1000;RUB;1000;31;25,48;25,48;;;;;;
RU000A10AHN6;Совкомбанк Факторинг 002P-01;20000;08.09.2026;1000;RUB;1000;;;;;;;;;
RU000A10AHM8;Совкомбанк Лизинг БО-П08;5000;08.09.2026;1000;RUB;1000;;;;;;;;;
RU000A10AC91;Республика Башкортостан 34014;10500;08.09.2026;1000;RUB;750;23,75;14,64;14,64;;;;;;
RU000A109TG2;Каршеринг Руссия 001P-04;3314,597;08.09.2026;1000;RUB;1000;;;;;;;;;
RU000A109K65;Газпром капитал БО-003Р-04;20000;08.09.2026;1000;RUB;1000;;;;;;;;;
RU000A109K40;ФосАгро БО-П02;35000;08.09.2026;1000;RUB;1000;;;;;;;;;
RU000A108G05;ЕвразХолдинг Финанс 003P-01;40000;08.09.2026;1000;RUB;1000;;;;;;;;;
RU000A1082X0;Группа ЛСР ПАО БО 001Р-09;3000;08.09.2026;1000;RUB;1000;14,75;12,12;12,12;;;;;;
RU000A1082W2;Новые технологии БO-03;661,752;08.09.2026;1000;RUB;1000;18,1;14,88;14,88;;;;;;
RU000A107YT9;Агрофирма Рубеж 001Р-02;500;08.09.2026;1000;RUB;1000;18,5;46,12;46,12;;;;;;
RU000A107WL0;ИКС 5 ФИНАНС 003P-04;10000;08.09.2026;1000;RUB;1000;15,6;38,89;38,89;;;;;;
RU000A1078X8;ДиректЛизинг БО 002Р-02;300;08.09.2026;1000;RUB;482,3;;;;;;;;;
RU000A1074F4;Мани Капитал 001P-01;150;08.09.2026;1000;RUB;1000;15;12,33;12,33;;;;;;
RU000A106HH1;АЛЬФА-Б C-1-158 (структурные);67;08.09.2026;1000;RUB;1000;0,01;0,3;0,3;;;;;;
RU000A105LS2;Реиннольц 001Р-02;100;08.09.2026;1000;RUB;400;18;17,95;17,95;;;;;;
RU000A104DN3;Банк ВТБ (ПАО) Б-1-302;110,535;08.09.2026;1000;RUB;1000;0,01;0,05;0,05;;;;;;
RU000A103TS0;ТЕХНО Лизинг 001P-05;423,874;08.09.2026;1000;RUB;850;11,5;8,03;8,03;;;;;;
RU000A103PG3;Славнефть БО 002Р-02;10000;08.09.2026;1000;RUB;1000;7,75;19,32;19,32;;;;;;
RU000A103PD0;Славнефть БО 002Р-01;5000;08.09.2026;1000;RUB;1000;7,75;19,32;19,32;;;;;;
RU000A103PC2;АВТОБАН-Финанс АО БО-П03;3000;08.09.2026;1000;RUB;1000;10;49,86;49,86;;;;;;
RU000A103NU9;Автодор ГК БО-004Р-01;4130,562;08.09.2026;1000;RUB;1000;7,95;39,64;39,64;;;;;;
RU000A102H34;Ставропольский край 35004;10000;08.09.2026;1000;RUB;250;6,2;3,86;3,86;;;;;;
RU000A101T64;Славнефть БО 001Р-01;10000;08.09.2026;1000;RUB;1000;18,25;45,5;45,5;;;;;;
RU000A1016N9;Свердловская область 06;5000;08.09.2026;1000;RUB;250;6,7;4,18;4,18;;;;;;
RU000A0P1WY3;Банк ВТБ С-1-907 (структурные);0;08.09.2026;1000;RUB;1000;0,01;0,25;0,25;;;;;;
RU000A0P1VA5;АЛЬФА-Б C-1-292 (структурные);0;08.09.2026;1000;RUB;1000;0,01;0,25;0,25;;;;;;
RU000A0NTXG6;Банк ВТБ С-1-683 (структурные);0;08.09.2026;1000;RUB;1000;0,01;0,3;0,3;;;;;;
RU000A10EST2;Эталон-Финанс 002Р-05;4500;07.09.2026;1000;RUB;1000;20;16,44;16,44;;;;;;
RU000A10ESN5;ПКО Вернём 1Р2;150;07.09.2026;1000;RUB;1000;25,5;20,96;20,96;;;;;;
RU000A10ESM7;Мобильные Телесистемы 002Р-18;15000;07.09.2026;1000;RUB;1000;13,9;11,42;11,42;;;;;;
RU000A10EHJ6;ГК Пионер БО 002P-03;4600;07.09.2026;1000;RUB;1000;;;;;;;;;
RU000A10EHC1;ГИДРОМАШСЕРВИС АО 002Р-01;4000;07.09.2026;1000;RUB;1000;;;;;;;;;
RU000A10EHB3;МФК Лайм-Займ 06;2000;07.09.2026;1000;RUB;1000;23,5;19,32;19,32;;;;;;
RU000A10E7W8;МЕТАЛЛОИНВЕСТ 002P-04;75000;07.09.2026;1000;RUB;1000;;;;;;;;;
RU000A10DRZ3;СОЛИД СпецАвтоТехЛизинг 02;250;07.09.2026;1000;RUB;1000;26;21,37;21,37;;;;;;
RU000A10DRX8;ЗООПТ БО-01;200;07.09.2026;1000;RUB;1000;24;19,73;19,73;;;;;;
RU000A10DDH1;ЭН ПЛЮС ГИДРО 001РС-09;1000;07.09.2026;100000;CNY;100000;7,8;641,1;7267,45;;;;;;
RU000A10DDG3;Динтег БО-01;250;07.09.2026;1000;RUB;1000;28;23,01;23,01;;;;;;
RU000A10CQE2;ВТБ Лизинг 001Р-МБ-03;3000;07.09.2026;1000;RUB;751;15,5;9,57;9,57;;;;;;
RU000A10CQA0;Полипласт АО П02-БО-10;270;07.09.2026;100;CNY;100;11,95;0,98;11,11;;;;;;
RU000A10CQ93;КАМАЗ ПАО БО-П17;6500;07.09.2026;1000;RUB;1000;;;;;;;;;
RU000A10CQ85;Мобильные ТелеСистемы 001P-29;15000;07.09.2026;1000;RUB;1000;14;11,51;11,51;;;;;;
RU000A10CQ77;КАМАЗ ПАО БО-П16;3500;07.09.2026;1000;RUB;1000;14,9;12,25;12,25;;;;;;
RU000A10CCN3;О'КЕЙ ООО БО 001Р-08;3000;07.09.2026;1000;RUB;1000;16,9;13,89;13,89;;;;;;
RU000A10CC32;Балтийский лизинг ООО БО-П19;10000;07.09.2026;1000;RUB;1000;17;13,97;13,97;;;;;;
RU000A10BPV0;Совкомбанк Лизинг БО-П10;10000;07.09.2026;1000;RUB;1000;;;;;;;;;
RU000A10BBW8;Газпром капитал ООО БО-001Р-12;350;07.09.2026;1000;EUR;1000;7,75;6,37;556,76;;;;;;
RU000A10AV98;Мобильные ТелеСистемы 001P-28;20000;07.09.2026;1000;RUB;1000;13,25;10,89;10,89;;;;;;
RU000A109T74;АйДи Коллект 001P-02;300;07.09.2026;1000;RUB;664;;;;;;;;;
RU000A109PT3;АЛЬФА-Б C-1-489 (структурные);0;07.09.2026;1000;RUB;1000;0,01;0,18;0,18;;;;;;
RU000A109L72;Республика Саха (Якутия) 35016;6800;07.09.2026;1000;RUB;800;;;;;;;;;
RU000A109JZ3;МКПАО ОК РУСАЛ БО-001P-10;10000;07.09.2026;1000;RUB;1000;;;;;;;;;
RU000A109JY6;МКПАО ОК РУСАЛ БО-001P-11;10000;07.09.2026;1000;RUB;1000;;;;;;;;;
RU000A109JX8;ЛАЗЕРНЫЕ СИСТЕМЫ-01;200;07.09.2026;1000;RUB;1000;;;;;;;;;
RU000A1090A1;ТАЛКлизинг001P-02;9,526;07.09.2026;1000;RUB;520;18,25;6,6;6,6;;;;;;
RU000A109098;Группа Позитив 001Р-01;5000;07.09.2026;1000;RUB;1000;;;;;;;;;
RU000A109080;Газпром капитал БО-002Р-15;20000;07.09.2026;1000;RUB;1000;;;;;;;;;
RU000A108V71;АЛЬФА-Б C-1-424 (структурные);0;07.09.2026;1000;RUB;1000;0,01;0,21;0,21;;;;;;
RU000A108421;СберИОС 001Р-616R 5Г AC RTKM;214,355;07.09.2026;1000;RUB;1000;0,01;0,01;0,01;;;;;;
RU000A108413;СберИОС 001Р-615R 5Г AC TCSG;898,986;07.09.2026;1000;RUB;1000;0,01;0,01;0,01;;;;;;
RU000A1082M3;Рекорд Трейд БО-01;169,269;07.09.2026;1000;RUB;1000;20;16,44;16,44;;;;;;
RU000A1082K7;МФК ВЭББАНКИР 06;350;07.09.2026;1000;RUB;1000;20;16,44;16,44;;;;;;
RU000A107G63;ДжетЛенд БО-01;80;07.09.2026;1000;RUB;1000;21;17,26;17,26;;;;;;
RU000A107985;СберИОС 001Р-595R 5Г AC MOEXFN;1684,274;07.09.2026;1000;RUB;1000;0,01;0,01;0,01;;;;;;
RU000A107480;Лизинг-Трейд 001P-10;200;07.09.2026;1000;RUB;1000;16;13,15;13,15;;;;;;
RU000A107217;АРЕНЗА-ПРО 001P-03;300;07.09.2026;1000;RUB;1000;20;16,99;16,99;;;;;;
RU000A106M09;СберИОС 001Р-579R 5Г AC MOEX;1642,829;07.09.2026;1000;RUB;1000;0,01;0,02;0,02;;;;;;
RU000A103P33;АФК Система БО 001P-22;15000;07.09.2026;1000;RUB;1000;8,2;20,44;20,44;;;;;;
RU000A101J33;"ПАО ""ПСБ"" обл.16";14080;07.09.2026;10000000;RUB;10000000;2,5;62328,77;62328,77;;;;;;
RU000A1018T2;ДОМ.РФ Ипотечный агент 13-002P;96608,082;07.09.2026;1000;RUB;164,47;;;;;;;;;
RU000A0NX3S1;АЛЬФА-Б C-1-237 (структурные);0;07.09.2026;1000;RUB;1000;0,01;0,27;0,27;;;;;;
RU000A10FC96;Борец Капитал 001Р-07;4200;06.09.2026;1000;RUB;1000;17,75;14,59;14,59;;;;;;
RU000A10FC88;Патриот Групп 001Р-03;300;06.09.2026;1000;RUB;1000;24;19,73;19,73;;;;;;
RU000A10F397;СФО ТБ-8 класс А1;24000;06.09.2026;1000;RUB;1000;16;13,59;13,59;;;;;;
RU000A10ESF1;ФДВ Факторинг 001P-01;300;06.09.2026;1000;RUB;1000;23;18,9;18,9;;;;;;
RU000A10DRV2;Защита онлайн БО-01;200;06.09.2026;1000;RUB;1000;26,5;21,78;21,78;;;;;;
RU000A10DRE8;Бустер.Ру БО-02;200;06.09.2026;1000;RUB;1000;24,25;19,93;19,93;;;;;;
RU000A10CCG7;iКаршеринг Руссия 001P-07;1500;06.09.2026;1000;RUB;1000;18,25;15;15;;;;;;
RU000A10CCB8;ПКО СЗА БО-03;100;06.09.2026;1000;RUB;1000;25;20,55;20,55;;;;;;
RU000A10AV23;РЕСО-Лизинг ООО БО-П-16;5000;06.09.2026;1000;RUB;1000;14,6;12;12;;;;;;
RU000A10A398;СИМПЛ 001Р-01;1000;06.09.2026;1000;RUB;1000;;;;;;;;;
RU000A108Q78;Кеарли Групп 001Р-01;129,456;06.09.2026;1000;RUB;1000;21;17,26;17,26;;;;;;
RU000A107FN1;ТЕХНО Лизинг 001Р-06;300;06.09.2026;1000;RUB;1000;17;13,97;13,97;;;;;;
RU000A107FG5;Транс-Миссия БО-02;300;06.09.2026;1000;RUB;1000;30;24,66;24,66;;;;;;
RU000A1078K5;Ультра БО-02;100;06.09.2026;1000;RUB;1000;18,75;15,41;15,41;;;;;;
RU000A1078H1;СОБИ-ЛИЗИНГ 001Р-03;150;06.09.2026;1000;RUB;160;17,5;1,44;1,44;;;;;;
RU000A106K43;РЖД БО 001Р-26R;30000;06.09.2026;1000;RUB;1000;;;;;;;;;
RU000A10F512;iКаршеринг Руссия 001P-08;1201,521;05.09.2026;1000;RUB;1000;22;18,08;18,08;;;;;;
RU000A10F4Z7;МФК Быстроденьги 003Р-02;300;05.09.2026;1000;RUB;1000;22,25;18,29;18,29;;;;;;
RU000A10ES57;Газпром капитал ООО БО-003Р-24;40000;05.09.2026;1000;RUB;1000;;;;;;;;;
RU000A10DRF5;Газпром нефть 005P-03R;50000;05.09.2026;1000;RUB;1000;;;;;;;;;
RU000A10DF38;СФО ВТБ РКС Эталон 07;42500;05.09.2026;1000;RUB;659,26;17,8;8,39;8,39;;;;;;
RU000A10D2Q2;Газпром капитал БО-003Р-06;25000;05.09.2026;1000;RUB;1000;;;;;;;;;
RU000A10D2N9;Сибирское Стекло БО-03;200;05.09.2026;1000;RUB;1000;24,25;19,93;19,93;;;;;;
RU000A10CC24;РусГидро БО-002Р-07;50000;05.09.2026;1000;RUB;1000;13,85;11,38;11,38;;;;;;
RU000A10CAU2;ГПБ (АО) БО 004Р-25;66,949;05.09.2026;1000;RUB;1000;0,01;0,1;0,1;;;;;;
RU000A10B347;Акрон (ПАО) БО-001P-07;1600;05.09.2026;1000;CNY;1000;10,5;6,04;68,47;;;;;;
RU000A10B2U6;Баррель БО-01;150;05.09.2026;1000;RUB;1000;27;22,19;22,19;;;;;;
RU000A10B2T8;ВИС ФИНАНС БО-П08;1500;05.09.2026;1000;RUB;1000;24;19,73;19,73;;;;;;
RU000A10B2P6;АйДи Коллект 001P-01;1300;05.09.2026;1000;RUB;1000;26;21,37;21,37;;;;;;
RU000A10AYJ9;Росагролизинг 002P-05;8000;05.09.2026;1000;RUB;1000;;;;;;;;;
RU000A10AUX8;НОВАТЭК 001Р-03;500;05.09.2026;100;USD;100;9,4;0,77;59,34;;ruAAA;;;;
RU000A10AUG3;АПРИ БО-002Р-07;305;05.09.2026;1000;RUB;1000;;;;;;;;;
RU000A10A349;РусГидро БО-002Р-01;40000;05.09.2026;1000;RUB;1000;;;;;;;;;
RU000A109SP5;Эталон-Финанс 002Р-02;8000;05.09.2026;1000;RUB;1000;;;;;;;;;
RU000A109981;Джи-групп 002P-05;2000;05.09.2026;1000;RUB;1000;;;;;;;;;
RU000A108ZU2;МГКЛ-001Р-06;500;05.09.2026;1000;RUB;1000;23;18,9;18,9;;;;;;
RU000A108AL4;Интерлизинг 001Р-08;3000;05.09.2026;1000;RUB;560;15,75;5,83;5,83;;;;;;
RU000A108AK6;Фордевинд 05;431,434;05.09.2026;1000;RUB;1000;22;18,08;18,08;;;;;;
RU000A108AJ8;МСБ-Лизинг 003P-03;278,894;05.09.2026;1000;RUB;333,4;18;3,95;3,95;;;;;;
RU000A1082G5;ЕвроТранс 002Р-01;2000;05.09.2026;1000;RUB;1000;15,5;12,74;12,74;;;;;;
RU000A107EW5;МФК Джой Мани 001P-01;250;05.09.2026;1000;RUB;1000;17;13,97;13,97;;;;;;
RU000A106EP1;ПР-Лизинг ООО БО 002Р-02;1500;05.09.2026;1000;RUB;1000;18;14,79;14,79;;;;;;
RU000A106EM8;Балтийский лизинг ООО БО-П08;10000;05.09.2026;1000;RUB;1000;18;14,79;14,79;;;;;;
RU000A102GA7;РЖД 001Б-07;10000;05.09.2026;1000000;RUB;1000000;16,39;81725,48;81725,48;;;;;;
RU000A10A7D2;ОФЗ-ПК 29026 04/09/38;1000000;04.09.2026;1000;RUB;1000;;;;;;;;;
RU000A10FBR9;КЛВЗ КРИСТАЛЛ 001P-05;200;04.09.2026;1000;RUB;1000;21;52,36;52,36;;;;;;
RU000A10F4F9;Газпром нефть 005Р-07R;87000;04.09.2026;1000;RUB;1000;;;;;;;;;
RU000A10ES32;ОДК 001P-01;15000;04.09.2026;1000;RUB;1000;17;13,97;13,97;;;;;;
RU000A10ES24;ООО Л-Старт БО-03;210,5;04.09.2026;1000;RUB;1000;28,5;23,42;23,42;;;;;;
RU000A10ES16;ОДК 001P-02;2000;04.09.2026;1000;RUB;1000;;;;;;;;;
RU000A10ERV0;Магнит ПАО БО-006Р-02;64000;04.09.2026;1000;RUB;1000;;;;;;;;;
RU000A10ERS6;Бустер.Ру БО-03;300;04.09.2026;1000;RUB;1000;23,5;19,32;19,32;;;;;;
RU000A10E7Q0;АЛЬФА-БАНК 002P-31;30000;04.09.2026;1000;RUB;1000;14,93;12,27;12,27;;;;;;
RU000A10E7K3;реСтор 001Р-03;2000;04.09.2026;1000;RUB;1000;18,75;15,41;15,41;;;;;;
RU000A10DSG1;Новосибирская область 34028;17500;04.09.2026;1000;RUB;1000;;;;;;;;;
RU000A10DQM3;Центр-резерв БО-06;130;04.09.2026;1000;RUB;1000;25;20,55;20,55;;;;;;
RU000A10DQL5;МЕТАЛЛОИНВЕСТ 002P-03;20000;04.09.2026;1000;RUB;1000;;;;;;;;;
RU000A10D1W2;МегаФон ПАО БО-002Р-10;30000;04.09.2026;1000;RUB;1000;;;;;;;;;
RU000A10D1U6;Бустер.Ру БО-01;300;04.09.2026;1000;RUB;1000;24,5;20,14;20,14;;;;;;
RU000A10CW87;СФО ВТБ РКС Эталон 06;37500;04.09.2026;1000;RUB;648,03;18;8,64;8,64;;;;;;
RU000A10CP78;"ПАО ""ПСБ"" 004P-01";25000;04.09.2026;1000;RUB;1000;14,25;11,71;11,71;;;;;;
RU000A10CP52;Газпром капитал ООО БО-003Р-19;5000;04.09.2026;1000;CNY;1000;6,4;5,26;59,63;1;AAA;;;;
RU000A10CMT9;МКПАО ЯНДЕКС 001Р-02;25000;04.09.2026;1000;RUB;1000;13,5;11,1;11,1;;;;;;
RU000A10CCL7;ГПБ (АО) БО 004Р-26;862,859;04.09.2026;1000;RUB;1000;0,01;0,1;0,1;;;;;;
RU000A10BSL5;Ростелеком ПАО 001P-17R;15000;04.09.2026;1000;RUB;1000;16,5;13,56;13,56;;;;;;
RU000A10BS76;ВУШ БО 001P-04;5000;04.09.2026;1000;RUB;1000;20,25;16,64;16,64;;;;;;
RU000A10BS68;Уральская Сталь БО-001Р-04;20;04.09.2026;100;USD;100;12,75;1,05;80,91;;;;;;
RU000A10BMV7;АЛЬФА-Б C-1-696 (структурные);0;04.09.2026;1000;RUB;1000;0,01;0,1;0,1;;;;;;
RU000A10B2M3;МФК Быстроденьги 002Р-08;250;04.09.2026;1000;RUB;1000;22;18,08;18,08;;;;;;
RU000A10B2F7;ЛК Роделен БО 002P-03;1000;04.09.2026;1000;RUB;1000;25,5;20,96;20,96;;;;;;
RU000A10B2D2;Патриот Групп 001Р-01;300;04.09.2026;1000;RUB;1000;27;22,19;22,19;;;;;;
RU000A10AUE8;РЖД БО 001P-36R;20000;04.09.2026;1000;RUB;1000;19,95;16,4;16,4;;;;;;
RU000A10ABC2;Новосибирская область 34026;27800;04.09.2026;1000;RUB;700;;;;;;;;;
RU000A10A1U9;СибАвтоТранс 001Р-04;300;04.09.2026;1000;RUB;1000;28;23,01;23,01;;;;;;
RU000A109X03;СберИОС 001Р-656R 5Г AC LKOH;206,835;04.09.2026;1000;RUB;1000;0,01;0,01;0,01;;;;;;
RU000A109LL9;СберИОС 001Р-649R 5Г AC LKOH;186,262;04.09.2026;1000;RUB;1000;0,01;0,01;0,01;;;;;;
RU000A109F05;АСПЭК-Домстрой 02;54,089;04.09.2026;1000;RUB;1000;24,5;61,08;61,08;;;;;;
RU000A109A34;СберИОС 001Р-644R 5Г AC IMOEX;22,486;04.09.2026;1000;RUB;1000;0,01;0,01;0,01;;;;;;
RU000A1093K4;СберИОС 001Р-638R 5Г AC MOEXFN;47,401;04.09.2026;1000;RUB;1000;0,01;0,01;0,01;;;;;;
RU000A108U98;СберИОС 001Р-630R 5Г AC Лукойл;423,767;04.09.2026;1000;RUB;1000;0,01;0,01;0,01;;;;;;
RU000A108U80;СберИОС 001Р-631R 5Г AC MOEXIT;206,54;04.09.2026;1000;RUB;1000;0,01;0,01;0,01;;;;;;
RU000A108LU2;ИКС 5 ФИНАНС 003P-05;10000;04.09.2026;1000;RUB;1000;;;;;;;;;
RU000A108C09;СберИОС 001Р-621R 5Г AC SBER;913,513;04.09.2026;1000;RUB;1000;0,01;0,01;0,01;;;;;;
RU000A108A19;ГК Солтон БО-01;63,758;04.09.2026;1000;RUB;1000;;;;;;;;;
RU000A1081C6;Банк ВТБ С-1-992 структурные;0;04.09.2026;1000;RUB;1000;0,01;0,05;0,05;;;;;;
RU000A107P88;СберИОС 001Р-602R 5Г AC SBER;1146,17;04.09.2026;1000;RUB;1000;0,01;0,01;0,01;;;;;;
RU000A107EE3;СОБИ-ЛИЗИНГ 001Р-04;150;04.09.2026;1000;RUB;190;19;2,03;2,03;;;;;;
RU000A107DB1;СберИОС 001Р-598R 5Г AC TATN;453,695;04.09.2026;1000;RUB;1000;0,01;0,01;0,01;;;;;;
RU000A1072H4;Банк ВТБ С-1-769 (структурные);0;04.09.2026;1000;RUB;1000;0,01;0,28;0,28;;;;;;
RU000A106XR7;СберИОС 001Р-588R 5Г AC MOEXFN;1499,975;04.09.2026;1000;RUB;1000;0,01;0,01;0,01;;;;;;
RU000A106UL6;Электроаппарат БО-02;70,624;04.09.2026;1000;RUB;1000;16;39,89;39,89;;;;;;
RU000A106987;Лизинг-Трейд 001P-08;200;04.09.2026;1000;RUB;958,4;14,5;10,43;10,43;;;;;;
RU000A105XG2;Банк ДОМ.РФ СУБ-T2-1;2000;04.09.2026;10000000;RUB;10000000;13;648219,18;648219,18;;;;;;
RU000A1043S2;Банк ВТБ (ПАО) Б-1-272;4215,772;04.09.2026;1000;RUB;1000;0,01;0,02;0,02;;;;;;
RU000A103JQ5;СберИОС 001Р-402R 5Г ПРОД;218,178;04.09.2026;1000;RUB;1000;0,01;0,5;0,5;;;;;;
RU000A103JK8;Металлинвестбанк С-01;30;04.09.2026;150000;USD;150000;7;5235,62;403462,64;;;;;;
RU000A102TK9;ЮСКДевелопмент 02К;90;04.09.2026;10000;RUB;5500;8,8;36,16;36,16;;;;;;
RU000A1006C3;Пионер-Лизинг БО-П02;300;04.09.2026;1000;RUB;1000;20,75;17,05;17,05;;;;;;
RU000A0ZYYE3;Ростелеком ПАО 001P-04R;10000;04.09.2026;1000;RUB;1000;14;69,81;69,81;;;;;;
RU000A0NRA02;Банк ВТБ С-1-634 (структурные);0;04.09.2026;1000;RUB;1000;0,01;0,3;0,3;;;;;;
RU000A0NR862;Банк ВТБ С-1-599 (структурные);0;04.09.2026;1000;RUB;1000;0,01;0,28;0,28;;;;;;
RU000A10FBK4;Арлифт 001Р-02;630;03.09.2026;1000;RUB;1000;23,25;19,11;19,11;;;;;;
RU000A10F470;ТрансКонтейнер П02-03;10000;03.09.2026;1000;RUB;1000;16,5;13,56;13,56;;;;;;
RU000A10EWA4;СФО ВТБ РКС Олимп A4;6000;03.09.2026;1000;RUB;1000;15,5;13,16;13,16;;;;;;
RU000A10EW93;СФО ВТБ РКС Олимп A3;5850;03.09.2026;1000;RUB;1000;15,3;12,99;12,99;;;;;;
RU000A10EW85;СФО ВТБ РКС Олимп А2;11150;03.09.2026;1000;RUB;1000;16,6;14,1;14,1;;;;;;
RU000A10EW77;СФО ВТБ РКС Олимп A1;8000;03.09.2026;1000;RUB;1000;16;5,89;5,89;;;;;;
RU000A10E7G1;НоваБев Групп 003Р-02;5000;03.09.2026;1000;RUB;1000;15,25;12,53;12,53;;;;;;
RU000A10E7D8;ЛКПРОГР БО-01;200;03.09.2026;1000;RUB;1000;26,5;21,78;21,78;;;;;;
RU000A10E6Q2;ИКС 5 ФИНАНС 003P-16;20000;03.09.2026;1000;RUB;1000;;;;;;;;;
RU000A10DSD8;СФО ТБ-6 класс Б2;4000;03.09.2026;1000;RUB;1000;18;15,29;15,29;;;;;;
RU000A10DSC0;СФО ТБ-6 класс Б1;8000;03.09.2026;1000;RUB;1000;18;15,29;15,29;;;;;;
RU000A10DPY0;Айгенис-Финанс СО-01;50;03.09.2026;1000;RUB;1000;21,5;;;;;;;;
RU000A10DPT0;Реиннольц 001Р-04;250;03.09.2026;1000;RUB;1000;24;59,84;59,84;;;;;;
RU000A10DPS2;Атомэнергопром АО 001Р-09;25000;03.09.2026;1000;RUB;1000;15,1;37,65;37,65;;;;;;
RU000A10BRY0;С-ПРИНТ БО-02;100;03.09.2026;1000;RUB;1000;29;23,84;23,84;;;;;;
RU000A10BBG1;ТЕХНО Лизинг 001Р-07;700;03.09.2026;1000;RUB;1000;27;19,97;19,97;;;;;;
RU000A10BBE6;ХК Новотранс 001P-06;10500;03.09.2026;1000;RUB;1000;18,75;15,41;15,41;;;;;;
RU000A10BBD8;ЯТЭК 001Р-06;5500;03.09.2026;1000;RUB;1000;;;;;;;;;
RU000A10BBC0;АйДи Коллект 001P-03;200;03.09.2026;1000;RUB;1000;19,5;16,03;16,03;;;;;;
RU000A10BAP4;Эталон-Финанс 002Р-03;6750;03.09.2026;1000;RUB;1000;25,5;20,96;20,96;;;;;;
RU000A10B263;АБЗ-1 002P-02;1000;03.09.2026;1000;RUB;1000;;;;;;;;;
RU000A10B255;Михайловский Молочный Завод-02;85;03.09.2026;1000;RUB;880;27;18,86;18,86;;;;;;
RU000A10B214;Ростелеком ПАО 001P-15R;15000;03.09.2026;1000;RUB;1000;18,75;15,41;15,41;;;;;;
RU000A10AZU3;СберИОС 001Р-689R 2Г BSKRUS;100,754;03.09.2026;1000;RUB;1000;0,01;0,01;0,01;;;;;;
RU000A10ANF0;СберИОС 001Р-673R 5Г BSKRUS;465,242;03.09.2026;1000;RUB;1000;0,01;0,01;0,01;;;;;;
RU000A109890;МФК ВЭББАНКИР 07;111,717;03.09.2026;1000;RUB;1000;;;;;;;;;
RU000A109874;ГК Самолет БО-П15;5000;03.09.2026;1000;RUB;1000;;;;;;;;;
RU000A1093H0;СберИОС 001Р-636R 5Г AC Яндекс;103,586;03.09.2026;1000;RUB;1000;0,01;0,01;0,01;;;;;;
RU000A108LP2;ФосАгро БО-П01-USD;100;03.09.2026;100;USD;100;6,25;1,56;120,22;;;;;;
RU000A108LL1;Нижегородец Восток БО-01;1000;03.09.2026;1000;RUB;1000;19;47,37;47,37;;;;;;
RU000A108LF3;Ростелеком ПАО 001P-08R;10000;03.09.2026;1000;RUB;1000;;;;;;;;;
RU000A108K25;СберИОС 001Р-623R 5Г AC MOEXIT;531,029;03.09.2026;1000;RUB;1000;0,01;0,01;0,01;;;;;;
RU000A108F63;МФК Быстроденьги 002Р-06;418,184;03.09.2026;1000;RUB;1000;;;;;;;;;
RU000A107W06;ХК Новотранс 001P-05;10000;03.09.2026;1000;RUB;1000;14,25;35,53;35,53;;;;;;
RU000A107ST1;АРЕНЗА-ПРО 001P-04;400;03.09.2026;1000;RUB;1000;;;;;;;;;
RU000A107EC7;Россети Ленэнерго ПАО 001P-01;10000;03.09.2026;1000;RUB;1000;;;;;;;;;
RU000A107209;Сибирское Стекло БО-П04;300;03.09.2026;1000;RUB;1000;21,5;17,67;17,67;;;;;;
RU000A1071Z8;АйДи Коллект 05;722,94;03.09.2026;1000;RUB;1000;19,5;16,03;16,03;;;;;;
RU000A106ZP6;СФО ВТБ РКС Эталон 03;10000;03.09.2026;1000;RUB;299,97;13,5;2,8;2,8;;;;;;
RU000A106U90;Проект 111 001Р-01;500;03.09.2026;1000;RUB;1000;14,5;36,15;36,15;;;;;;
RU000A1062J1;СФО ВТБ РКС Эталон 02;10000;03.09.2026;1000;RUB;115,36;11;0,67;0,67;;;;;;
RU000A103NE3;Регион-Продукт БО 001Р-02;60;03.09.2026;1000;RUB;125;11,5;3,58;3,58;;;;;;
RU000A103N84;Россельхозбанк БO-14-002P;15000;03.09.2026;1000;RUB;1000;13,4;66,82;66,82;;;;;;
RU000A103JB7;СберИОС 001Р-462R 5Г SBRIF ИНД;96,696;03.09.2026;1000;RUB;1000;0,01;0,5;0,5;;;;;;
RU000A100FE5;ГТЛК БО 001P-14;10000;03.09.2026;1000;RUB;1000;11,39;28,4;28,4;;;;;;
RU000A0ZYKH5;Оренбургская область 35004 об.;4000;03.09.2026;1000;RUB;600;8,18;12,24;12,24;;;;;;
XS2271376498;RZD Capital PLC 6.598 02/03/28;25000;02.09.2026;100000;RUB;100000;6,598;;;;;;;;
RU000A105L19;ОФЗ-ПК 29023 23/08/34;1000000;02.09.2026;1000;RUB;1000;;;;;;;;;
RU000A105B11;ОФЗ-ПК 29021 27/11/30;500000;02.09.2026;1000;RUB;1000;;;;;;;;;
RU000A102A31;ОФЗ-ПК 29018 26/11/2031;427747,115;02.09.2026;1000;RUB;1000;;;;;;;;;
RU000A1028D5;ОФЗ-ПК 29017 25/08/2032;350607,135;02.09.2026;1000;RUB;1000;;;;;;;;;
RU000A0JV4M0;ОФЗ-ПК 29007 03/03/27;190287,001;02.09.2026;1000;RUB;1000;17,48;87,16;87,16;;;;;;
RU000A10CKT3;ОФЗ-ПД 26251 28/08/2030;600000;02.09.2026;1000;RUB;1000;9,5;47,37;47,37;;;;;;
RU000A105RV3;ОФЗ-ПД 26242 29/08/29;529356,615;02.09.2026;1000;RUB;1000;9;44,88;44,88;;;;;;
RU000A10FBH0;Ростелеком ПАО 001P-26R;20000;02.09.2026;1000;RUB;1000;;;;;;;;;
RU000A10FBG2;Трансмашхолдинг АО ПБО-08;20000;02.09.2026;1000;RUB;1000;;;;;;;;;
RU000A10FBB3;ЛЕГЕНДА БО 002P-07;1250;02.09.2026;1000;RUB;1000;19;15,62;15,62;;;;;;
RU000A10EG44;ИЛОН 001Р-01;1250;02.09.2026;1000;RUB;1000;17,7;14,55;14,55;;;;;;
RU000A10EG28;Группа компаний Медси 001P-04;5500;02.09.2026;1000;RUB;1000;;;;;;;;;
RU000A10E747;ГК Сегежа 003P-10R;2903,888;02.09.2026;1000;RUB;1000;25;20,55;20,55;;;;;;
RU000A10E739;Ростелеком ПАО 001P-22R;15000;02.09.2026;1000;RUB;1000;14,75;12,12;12,12;;;;;;
RU000A10DQB6;ОФЗ-ПД 12156120V 28/02/29;12000;02.09.2026;10000;CNY;10000;6;299,18;3391,47;;;;;;
RU000A10D1J9;ЭЛЕКТРОРЕШЕНИЯ 001Р-02;1000;02.09.2026;1000;RUB;1000;22,5;18,49;18,49;;BBB(ru);;;;
RU000A10CB66;ГК Сегежа 003P-06R;7000;02.09.2026;1000;RUB;1000;23,5;19,32;19,32;;ruBB-;;;;
RU000A10C8F3;Брусника 002Р-04;7500;02.09.2026;1000;RUB;1000;21,5;17,67;17,67;;;;;;
RU000A10C0X3;ЭН+ГИДРО 001РС-07;1950;02.09.2026;1000;CNY;1000;;;;;;;;;
RU000A10BRR4;РусГидро БО-002Р-06;50000;02.09.2026;1000;RUB;1000;;;;;;;;;
RU000A10BRN3;Сибирский КХП 001P-04;150;02.09.2026;1000;RUB;1000;;;;;;;;;
RU000A10BQK1;СФО ВТБ РКС Эталон 05;12500;02.09.2026;1000;RUB;477,23;21,7;7,42;7,42;;;;;;
RU000A10BB83;Роял Капитал БО-02;150;02.09.2026;1000;RUB;1000;31;25,48;25,48;;D;;;;
RU000A10BB75;ЕвроТранс БО-001Р-07;4300;02.09.2026;1000;RUB;1000;24,5;20,14;20,14;;;;;;
RU000A10B1X2;Селигдар 001Р-02;3500;02.09.2026;1000;RUB;1000;24;19,73;19,73;1;AA-;;;;
RU000A10AYZ5;СберИОС 001Р-686R 5Г BSKRUS;154,066;02.09.2026;1000;RUB;1000;0,01;0,01;0,01;;;;;;
RU000A10A794;Автомое БО-01-CNY;17;02.09.2026;100;CNY;100;21;5,24;59,4;;;;;;
RU000A10A141;ЕвроТранс БО-001Р-05;2000;02.09.2026;1000;RUB;1000;25;20,55;20,55;;;;;;
RU000A10A133;ЕвроТранс БО-001Р-04;57,323;02.09.2026;1000;RUB;1000;14;11,51;11,51;;;;;;
RU000A109HX2;ВУШ БО 001P-03;4000;02.09.2026;1000;RUB;1000;;;;;;;;;
RU000A109841;СберИОС 001Р-640R 3Y IMOEX;200,356;02.09.2026;1000;RUB;1000;0,01;0,1;0,1;;;;;;
RU000A109833;СберИОС 001Р-639R 3Г TW IMOEX;200,53;02.09.2026;1000;RUB;1000;0,01;0,1;0,1;;;;;;
RU000A109825;АЗБУКА ВКУСА БОП3;1050;02.09.2026;1000;RUB;1000;;;;;;;;;
RU000A1097X8;БИАНКА ПРЕМИУМ БО-01;200;02.09.2026;1000;RUB;1000;23;18,9;18,9;;BB;;;;
RU000A108P61;ПАО Россети Моск.рег. БО1Р06;20000;02.09.2026;1000;RUB;1000;;;;;;;;;
RU000A1089X5;РЖД ОАО ЗО28-1-Р;17350,6;02.09.2026;100000;RUB;100000;6,598;3299;3299;;;;;;
RU000A107SG8;СИМПЛ СОЛЮШНЗ КЭПИТЛ 001Р-01;500;02.09.2026;1000;RUB;1000;;;;;;;;;
RU000A107KR2;МигКредит БО-04;300;02.09.2026;1000;RUB;280;21;3,45;3,45;;;;;;
RU000A107BP5;ГК Сегежа 003P-03R;4544,179;02.09.2026;1000;RUB;1000;;;;;;;;;
RU000A107720;МК Лизинг БO-01;350;02.09.2026;1000;RUB;278,5;17,65;2,51;2,51;;;;;;
RU000A1071U9;Элемент Лизинг БО 001P-06;2500;02.09.2026;1000;RUB;113,6;15,5;0,74;0,74;;;;;;
RU000A106VV3;РЖД БО 001Р-27R;30000;02.09.2026;1000;RUB;1000;;;;;;;;;
RU000A106LL5;ВЭБ.РФ ПБО-002Р-37;40000;02.09.2026;1000;RUB;1000;;;;;;;;;
RU000A106HW0;Банк ВТБ С-1-609 (структурные);0;02.09.2026;1000;RUB;1000;0,01;0,3;0,3;;;;;;
RU000A106HV2;Банк ВТБ С-1-608 (структурные);0;02.09.2026;1000;RUB;1000;0,01;0,3;0,3;;;;;;
RU000A105L27;АФК Система БО 001Р-24;10000;02.09.2026;1000;RUB;1000;18;44,88;44,88;;;;;;
RU000A1055Y4;Почта России БО-002P-04;20000;02.09.2026;1000;RUB;1000;9,25;46,12;46,12;;;;;;
RU000A1036S6;ФСК Россети ПАО БО 001P-03R;10000;02.09.2026;1000;RUB;1000;7,5;18,7;18,7;;;;;;
RU000A101SF3;ПАО НК Роснефть 002P-10;15000;02.09.2026;1000;RUB;1000;8;19,95;19,95;;;;;;
RU000A101SD8;ГТЛК БО 001P-19;5000;02.09.2026;1000;RUB;1000;7,97;19,87;19,87;;;;;;
RU000A101SC0;ГТЛК БО 001P-18;5000;02.09.2026;1000;RUB;1000;7,84;19,55;19,55;;;;;;
RU000A0NR3V3;Сбер CIB-СО-484;162,07;02.09.2026;1000;RUB;1000;0,01;0,31;0,31;;;;;;
RU000A10FAN0;АЛРОСА 002Р-02;30000;01.09.2026;1000;RUB;1000;;;;;;;;;
RU000A10FAL4;ИСП 001Р-01;300;01.09.2026;1000;RUB;1000;21;17,26;17,26;;;;;;
RU000A10EVS8;Банк ВТБ (ПАО) Б-1-393;212,936;01.09.2026;1000;RUB;1000;0,01;0,02;0,02;;;;;;
RU000A10ENP1;СФО Альфа Фабрика ПК-3 класс А;20000;01.09.2026;1000;RUB;1000;16,3;11,21;11,21;;;;;;
RU000A10EFX1;Газпром капитал ООО БО-003Р-27;20000;01.09.2026;1000;RUB;1000;;;;;;;;;
RU000A10EFW3;ЛАЗЕРНЫЕ СИСТЕМЫ-02;200;01.09.2026;1000;RUB;1000;20,75;17,05;17,05;;;;;;
RU000A10EER6;ФосАгро БО-02-05;1500;01.09.2026;1000;CNY;1000;8;19,95;226,15;;;;;;
RU000A10E6V2;ИКС 5 ФИНАНС 003P-17;15000;01.09.2026;1000;RUB;1000;14,5;11,92;11,92;;;;;;
RU000A10E6U4;ГК Самолет БО-П19;5000;01.09.2026;1000;RUB;1000;21;17,26;17,26;;;;;;
RU000A10E6T6;Акрон (ПАО) БО-002P-02;1500;01.09.2026;1000;CNY;1000;6,8;5,59;63,37;;;;;;
RU000A10E6S8;ТД РКС 002Р-07;400;01.09.2026;1000;RUB;1000;26;21,37;21,37;;;;;;
RU000A10DXE6;СФО Альфа Фабрика ПК-2 класс А;10000;01.09.2026;1000;RUB;882,24;16,8;10,08;10,08;;;;;;
RU000A10DQ68;СелоЗеленое 001Р-02;3500;01.09.2026;1000;RUB;1000;17,25;14,18;14,18;;;;;;
RU000A10CM71;Айдеко БО-01;500;01.09.2026;1000;RUB;1000;27;67,32;67,32;;;;;;
RU000A10CKS5;СФО Альфа Фабрика ПК-1 класс А;10000;01.09.2026;1000;RUB;622,35;16;6,43;6,43;;;;;;
RU000A10CAQ0;АЛЬФА ДОН ТРАНС БО-01;300;01.09.2026;1000;RUB;1000;28;23,01;23,01;;;;;;
RU000A10C0V7;ЭР-Телеком Холдинг ПБО-02-10;11000;01.09.2026;1000;RUB;1000;;;;;;;;;
RU000A10BZT3;Биннофарм Групп 001Р-06;2000;01.09.2026;1000;RUB;1000;19,5;16,03;16,03;;;;;;
RU000A10B9Q9;ГЛОРАКС 001Р-04;2200;01.09.2026;1000;RUB;1000;25,5;20,96;20,96;?;BBB+;;;;
RU000A10B1Q6;Джи-групп 002P-06;1500;01.09.2026;1000;RUB;1000;24,75;20,34;20,34;;;;;;
RU000A10B1N3;Мобильные ТелеСистемы 002P-07;20000;01.09.2026;1000;RUB;1000;14,6;12;12;;;;;;
RU000A10B1M5;Нафтатранс плюс ООО БО-07;250;01.09.2026;1000;RUB;1000;28;23,01;23,01;;;;;;
RU000A10A7N1;СберИОС 001Р-666R 5Г BSKRUS;1136,755;01.09.2026;1000;RUB;1000;0,01;0,01;0,01;;;;;;
RU000A10A7A8;ВЗВТ-01;100;01.09.2026;1000;RUB;1000;30;74,79;74,79;;;;;;
RU000A109S91;ПАО Россети Моск.рег. БО1Р07;5000;01.09.2026;1000;RUB;1000;;;;;;;;;
RU000A109S83;МОНОПОЛИЯ 001P-01;289,707;01.09.2026;1000;RUB;1000;;;;;;;;;
RU000A109NC4;СФО ВТБ РКС Эталон 04;20000;01.09.2026;1000;RUB;303,67;21,5;4,59;4,59;;;;;;
RU000A109DY9;ПАО НК Роснефть 004P-02;15000;01.09.2026;1000;CNY;1000;6,5;32,41;367,4;;;;;;
RU000A1093L2;ВЭБ.РФ ПБО-002Р-46;45000;01.09.2026;1000;RUB;1000;;;;;;;;;
RU000A108VL0;ГПБ (АО) БО 005Р-12Р;537,366;01.09.2026;1000;RUB;1000;;;;;;;;;
RU000A107W55;Банк ВТБ (ПАО) Б-1-351;5361,517;01.09.2026;1000;RUB;1000;14,75;12,53;12,53;;;;;;
RU000A107UA7;ГПБ (АО) БО 005Р-03Р;22208,714;01.09.2026;1000;RUB;1000;13,7;34,16;34,16;;;;;;
RU000A107B35;Банк ВТБ (ПАО) Б-1-346;3269,736;01.09.2026;1000;RUB;1000;14,5;12,32;12,32;;;;;;
RU000A1077X0;Интерлизинг 001Р-07;4500;01.09.2026;1000;RUB;200;16;1,58;1,58;;;;;;
RU000A106TM6;Банк ВТБ (ПАО) Б-1-343;14901,802;01.09.2026;1000;RUB;1000;14,5;12,32;12,32;;;;;;
RU000A106CB5;СибАвтоТранс 001Р-02;200;01.09.2026;1000;RUB;900;14,5;32,54;32,54;;;;;;
RU000A105KB0;ГТЛК БО 002P-02;5000;01.09.2026;1000;RUB;1000;11,7;29,17;29,17;;;;;;
RU000A1032P1;ООО «СФО ВТБ РКС-1 »;35000;01.09.2026;1000;RUB;103,96;8;0,41;0,41;;;;;;
RU000A102G35;МЭФ Московской области 35016;30000;01.09.2026;1000;RUB;150;5,95;2,23;2,23;;;;;;
RU000A102FV5;Минфин Челябинской обл 35001;7000;01.09.2026;1000;RUB;400;6;5,98;5,98;;;;;;
RU000A100TB2;ПНППК 001P-01;250;01.09.2026;1000;RUB;1000;18;44,88;44,88;;;;;;
RU000A0NR3L4;Сбер CIB-CO-520 (структурные);0;01.09.2026;1000;RUB;1000;0,01;0,28;0,28;;;;;;
RU000A0JWST1;ГосТранспортЛизингКомп БО-08;5000;01.09.2026;1000;RUB;1000;0,1;0,5;0,5;;;;;;
RU000A0JV0T3;Ситиматик АО обл.02;1700;01.09.2026;1000;RUB;142;22;31,24;31,24;;;;;;
RU000A0JUKX4;ДОМ.РФ (ПАО) обл. сер. А30;6000;01.09.2026;1000;RUB;1000;13,6;34,28;34,28;;;;;;
RU000A10FA72;АФК Система БО 002Р-14;10000;31.08.2026;1000;RUB;1000;17,5;14,38;14,38;;;;;;
RU000A10FA64;ИНАРКТИКА 002Р-06;3000;31.08.2026;1000;RUB;1000;;;;;;;;;
RU000A10F7R7;Сбербанк ПАО 001Р-SBER56;75000;31.08.2026;1000;RUB;1000;13,4;11,01;11,01;;;;;;
RU000A10ERH9;АВТОБАН-Финанс АО БО-П09;5000;31.08.2026;1000;RUB;1000;1;A+;;;;;;;
RU000A10ERE6;АВТОБАН-Финанс АО БО-П08;8500;31.08.2026;1000;RUB;1000;16,9;13,89;13,89;1;A+;;;;
RU000A10ERD8;УПТК-65 001Р-02;300;31.08.2026;1000;RUB;1000;22;18,08;18,08;;;;;;
RU000A10ERC0;АПРИ БО-002Р-14;5000;31.08.2026;1000;RUB;1000;24,75;20,34;20,34;;;;;;
RU000A10ER41;ФЛИТ 001Р-03;1000;31.08.2026;1000;RUB;1000;16;12,06;12,06;;;;;;
RU000A10EF11;iПРОМОМЕД ДМ 002P-03;6800;31.08.2026;1000;RUB;1000;;;;;;;;;
RU000A10EEZ9;Селектел 001P-07R;7000;31.08.2026;1000;RUB;1000;15;12,33;12,33;;;;;;
RU000A10EEP0;ВЭБ.РФ ПБО-002Р-57;40000;31.08.2026;1000;RUB;1000;;;;;;;;;
RU000A10EED6;ПАО НК Роснефть 005P-01;40000;31.08.2026;1000;RUB;1000;;;;;;;;;
RU000A10DPW4;АФК Система БО 002Р-06;3750;31.08.2026;1000;RUB;1000;17,75;14,59;14,59;;;;;;
RU000A10DPV6;АФК Система БО 002Р-07;2750;31.08.2026;1000;RUB;1000;;;;;;;;;
RU000A10CN62;ПКО ЮСВ 1Р1;500;31.08.2026;1000;RUB;1000;;;;;;;;;
RU000A10CN47;Роял Капитал БО-03;100;31.08.2026;1000;RUB;1000;29;23,84;23,84;;;;;;
RU000A10BZQ9;Сэтл-Групп ООО БО 002P-05;7000;31.08.2026;1000;RUB;1000;;;;;;;;;
RU000A10BMY1;АЛЬФА-Б C-1-699 (структурные);0;31.08.2026;1000;RUB;1000;0,01;0,1;0,1;;;;;;
RU000A10B933;Селигдар 001Р-03;9500;31.08.2026;1000;RUB;1000;23,25;19,11;19,11;;;;;;
RU000A10B925;ЕнисейАгроСоюз БО 001P-02;200;31.08.2026;1000;RUB;1000;;;;;;;;;
RU000A10B8X7;ДАРС-Девелопмент 001Р-03;1000;31.08.2026;1000;RUB;1000;26;21,37;21,37;;;;;;
RU000A10ATS0;ЕвроТранс БО-001Р-06;1930;31.08.2026;1000;RUB;1000;25;20,55;20,55;;;;;;
RU000A10AHP1;ВТБ Факторинг БО-01;677,096;31.08.2026;1000;RUB;1000;;;;;;;;;
RU000A10AA28;Акрон (ПАО) БО-001P-06;11500;31.08.2026;1000;RUB;1000;;;;;;;;;
RU000A10AA10;ПСБ Лизинг БО-П01;1000;31.08.2026;1000;RUB;1000;25;20,55;20,55;;;;;;
RU000A10A9Z1;Магнит ПАО БО-004Р-05;12500;31.08.2026;1000;RUB;1000;;;;;;;;;
RU000A109TJ6;"ПАО ""ПСБ"" 003P-09";17000;31.08.2026;1000;RUB;1000;;;;;;;;;
RU000A107UR1;СберИОС 001Р-609R 5Г AC TRNFP;366,355;31.08.2026;1000;RUB;1000;0,01;0,01;0,01;;;;;;
RU000A107SA1;ЛК Роделен БО 002P-02;1000;31.08.2026;1000;RUB;1000;16;11,84;11,84;;;;;;
RU000A107S85;МФК Саммит 001Р-03;150;31.08.2026;1000;RUB;334,4;;;;;;;;;
RU000A107795;МФК Лайм-Займ 04;500;31.08.2026;1000;RUB;500;16;6,58;6,58;;;;;;
RU000A1070X5;АБЗ-1 001P-05;2000;31.08.2026;1000;RUB;340;12;1,73;1,73;;;;;;
RU000A106SD7;СберИОС 001Р-582R 5Г AC IMOEX;1494,811;31.08.2026;1000;RUB;1000;0,01;0,01;0,01;;;;;;
RU000A105RF6;Лизинг-Трейд 001P-06;150;31.08.2026;1000;RUB;792;14,5;8,45;8,45;;;;;;
RU000A105591;Новая концесс. компания 13;52000;31.08.2026;1000;RUB;1382,74;4;56;56;;;;;;
RU000A1043R4;Банк ВТБ (ПАО) Б-1-271;177,657;31.08.2026;1000;RUB;1000;0,01;0,02;0,02;;;;;;
RU000A103EP8;Сбер CIB-CO-22 (структурные);0;31.08.2026;1000;RUB;1000;0,01;0,51;0,51;;;;;;
RU000A102FS1;АФК Система БО 001P-16;5000;31.08.2026;1000;RUB;1000;10,3;25,68;25,68;;;;;;
RU000A1023K1;АФК Система БО 001P-15;10000;31.08.2026;1000;RUB;1000;16,5;82,27;82,27;;;;;;
RU000A0JXT58;Международн.инвест.банк БО1P-1;10000;31.08.2026;1000;RUB;1000;0,01;0,05;0,05;;;;;;
RU000A0JX199;ГосТранспортЛизингКомп 001P-02;7780;31.08.2026;1000;RUB;492;9;11,04;11,04;;;;;;
RU000A10ER66;ФосАгро БО-02-06;70000;30.08.2026;1000;RUB;1000;13,75;11,3;11,3;;;;;;
RU000A10EQV2;БиоВитрум 001Р-02;250;30.08.2026;1000;RUB;1000;23,25;19,11;19,11;;;;;;
RU000A10EES4;ВИС ФИНАНС БО-П11;2500;30.08.2026;1000;RUB;1000;17;13,97;13,97;;;;;;
RU000A10DPM5;Магнит ПАО БО-005Р-05;26650;30.08.2026;1000;RUB;1000;;;;;;;;;
RU000A10DPJ1;Группа Продовольствие БО-02;200;30.08.2026;1000;RUB;1000;25;20,55;20,55;;;;;;
RU000A10DNX7;СФО Сплит Финанс ПВ-2;4500;30.08.2026;1000;RUB;1000;17,3;14,69;14,69;;;;;;
RU000A10DLP7;Депфин Югры 34002;10000;30.08.2026;1000;RUB;1000;14,8;36,9;36,9;;;;;;
RU000A10DE54;Лид Капитал 001Р-01;6,652;30.08.2026;100;USD;100;13,5;1,11;85,54;;;;;;
RU000A10C9Z9;УПТК-65 001Р-01;200;30.08.2026;1000;RUB;1000;23;18,9;18,9;;;;;;
RU000A10C9Y2;НОВАТЭК 001Р-05;750;30.08.2026;1000;USD;1000;7;5,75;443,1;;;;;;
RU000A10BRM5;Акрон (ПАО) БО-001P-09;200;30.08.2026;1000;USD;1000;7,75;6,37;490,88;;;;;;
RU000A10BR02;Нео-Пак БО-01;130;30.08.2026;1000;RUB;1000;35;28,77;28,77;;;;;;
RU000A10BK17;Газпром нефть БО 003P-15R;120000;30.08.2026;1000;RUB;1000;2;1,64;1,64;;;;;;
RU000A10BK09;Газпром нефть БО 003P-14R;42500;30.08.2026;1000;RUB;1000;;;;;;;;;
RU000A10B8P3;ИНАРКТИКА 002Р-03;2000;30.08.2026;1000;RUB;1000;;;;;;;;;
RU000A10B8M0;Сэтл-Групп ООО БО 002P-04;6000;30.08.2026;1000;RUB;1000;23,9;19,64;19,64;;;;;;
RU000A10ATR2;ГЛОРАКС 001P-03;1400;30.08.2026;1000;RUB;1000;28;23,01;23,01;;;;;;
RU000A10ATC4;МГКЛ-001Р-07;1000;30.08.2026;1000;RUB;1000;30;24,66;24,66;;;;;;
RU000A10AS28;Биннофарм Групп 001Р-04;4000;30.08.2026;1000;RUB;1000;;;;;;;;;
RU000A109PP1;АБЗ-1 002Р-01;1000;30.08.2026;1000;RUB;1000;;;;;;;;;
RU000A109551;Балтийский лизинг ООО БО-П12;7500;30.08.2026;1000;RUB;1000;;;;;;;;;
RU000A1094P1;ГПБ (АО) БО 004Р-10;348,72;30.08.2026;1000;RUB;1000;0,01;0,1;0,1;;;;;;
RU000A108YZ4;Михайловский Молочный Завод-01;70;30.08.2026;1000;RUB;375;20;5,18;5,18;;;;;;
RU000A1089G0;ГИДРОМАШСЕРВИС АО 001Р-02;3000;30.08.2026;1000;RUB;1000;15,25;12,53;12,53;;;;;;
RU000A107DP1;ПАО Россети Моск.рег. БО1Р05;8000;30.08.2026;1000;RUB;1000;;;;;;;;;
RU000A106S03;СФО БКС Структурные Ноты 06;205,423;30.08.2026;1000;RUB;1000;0,01;0,3;0,3;;;;;;
RU000A106E33;АЛЬФА-БАНК Б1Р04;131,834;30.08.2026;1000;RUB;1000;0,01;0,1;0,1;;;;;;
RU000A10DPB8;КАМАЗ ПАО БО-П19;3100;29.08.2026;1000;RUB;1000;;;;;;;;;
RU000A10DP93;КАМАЗ ПАО БО-П18;3650;29.08.2026;1000;RUB;1000;16,5;13,56;13,56;;;;;;
RU000A10DP51;ГТЛК БО 002P-11;12500;29.08.2026;1000;RUB;1000;;;;;;;;;
RU000A10CZB9;ЕвроТранс БО-001Р-08;4500;29.08.2026;1000;RUB;1000;21;17,26;17,26;;;;;;
RU000A10CZA1;ГК Самолет БО-П20;2500;29.08.2026;1000;RUB;1000;21,25;17,47;17,47;;;;;;
RU000A10CMR3;СИБУР Холдинг 001Р-08;400;29.08.2026;100;USD;100;6,65;0,55;42,38;;AAA;;;;
RU000A10CMQ5;Новые технологии 001Р-08;1500;29.08.2026;1000;RUB;1000;17;13,97;13,97;;;;;;
RU000A10C3F4;СФО Сплит Финанс ПВ-1;9000;29.08.2026;1000;RUB;1000;16,5;14,01;14,01;;;;;;
RU000A10BQX4;Россети Северо-Запад 001Р-01;5000;29.08.2026;1000;RUB;1000;;;;;;;;;
RU000A10BQV8;Инвест КЦ 001P-01;62;29.08.2026;100;USD;100;12;0,99;76,29;;;;;;
RU000A10BQU0;ГМК Нор.никель БО-001Р-10;500;29.08.2026;100;USD;100;7,5;0,62;47,78;1;AAA;;;;
RU000A10BQM7;ТД РКС 002Р-05;300;29.08.2026;1000;RUB;1000;28;23,01;23,01;;;;;;
RU000A10BJL4;Транспортная ЛК 001P-02;200;29.08.2026;1000;RUB;958,4;24;17,26;17,26;;;;;;
RU000A10B115;РЖД БО 001P-40R;40000;29.08.2026;1000;RUB;1000;17,65;14,51;14,51;;;;;;
RU000A10B0Z9;ЭР-Телеком Холдинг ПБО-02-09;3500;29.08.2026;1000;RUB;1000;24;19,73;19,73;;;;;;
RU000A109RF8;Транспортная ЛК 001P-01;36,847;29.08.2026;1000;RUB;890;23;14,75;14,75;;;;;;
RU000A109R50;Самокат БО-02;94,28;29.08.2026;1000;RUB;1000;23;18,9;18,9;;;;;;
RU000A108Z85;РЖД БО 001P-32R;45000;29.08.2026;1000;RUB;1000;;;;;;;;;
RU000A108MZ9;Газпром капитал БО-003Р-03;15000;29.08.2026;1000;RUB;1000;;;;;;;;;
RU000A1089A3;А Спэйс 001Р-01;200;29.08.2026;1000;RUB;889;17;10,87;10,87;;;;;;
RU000A0ZYU21;АЛЬФА-БАНК АО БО-40;10000;29.08.2026;1000;RUB;1000;13,2;66,18;66,18;;;;;;
XS1760804184;Republic of Belarus 28/02/30;600;28.08.2026;1000;USD;1000;6,2;31;2388,89;;;;;;
RU000A10FJ24;ДОМ.РФ Ипотечный агент БО 1P66;55015,777;28.08.2026;1000;RUB;1000;;;;;;;;;
RU000A10F7W7;ДОМ.РФ Ипотечный агент БО 1P63;60465,044;28.08.2026;1000;RUB;1000;;;;;;;;;
RU000A10F108;Акрон (ПАО) БО-002P-03;1000;28.08.2026;1000;CNY;1000;7,85;6,45;73,12;;;;;;
RU000A10EVY6;Банк ВТБ (ПАО) Б-1-399;58,391;28.08.2026;1000;RUB;1000;0,01;0,02;0,02;;;;;;
RU000A10EQG3;ДОМ.РФ Ипотечный агент БО 1P62;26237,442;28.08.2026;1000;RUB;987,41;;;;;;;;;
RU000A10EQE8;Первый ЮвелирЛомб БО-02;75;28.08.2026;1000;RUB;1000;23;18,9;18,9;;;;;;
RU000A10EQD0;ЛК Роделен БО 002P-05;500;28.08.2026;1000;RUB;1000;22;18,08;18,08;;;;;;
RU000A10EL21;ДОМ.РФ Ипотечный агент БО 1P61;10462,932;28.08.2026;1000;RUB;979,83;;;;;;;;;
RU000A10E6J7;Страна Девелопмент 002Р-02;1000;28.08.2026;1000;RUB;1000;25,25;20,75;20,75;;;;;;
RU000A10E6G3;ООО Л-Старт 001Р-1;175;28.08.2026;1000;RUB;1000;31;25,48;25,48;;;;;;
RU000A10DYJ3;ДОМ.РФ Ипотечный агент БО 1P35;18249,859;28.08.2026;1000;RUB;961,4;;;;;;;;;
RU000A10DX10;ДОМ.РФ Ипотечный агент БО 1P59;47563,269;28.08.2026;1000;RUB;796,29;;;;;;;;;
RU000A10DMN0;реСтор 001Р-02;1000;28.08.2026;1000;RUB;1000;18,85;15,49;15,49;;;;;;
RU000A10DJY3;ПР-Лизинг 003Р-01;14,27;28.08.2026;100;USD;89;14;1,06;81,68;;;;;;
RU000A10DEA4;ДОМ.РФ Ипотечный агент БО 1P58;66026,901;28.08.2026;1000;RUB;932,78;;;;;;;;;
RU000A10DCM3;ГК Самолет БО-П21;1000;28.08.2026;50000;RUB;50000;13;534,25;534,25;;;;;;
RU000A10DCK7;АБЗ-1 002P-04;3000;28.08.2026;1000;RUB;1000;19,5;16,03;16,03;;;;;;
RU000A10DCJ9;Ростелеком ПАО 001P-21R;30000;28.08.2026;1000;RUB;1000;;;;;;;;;
RU000A10DCG5;ХК Новотранс 002P-02;13500;28.08.2026;1000;RUB;1000;;;;;;;;;
RU000A10DCF7;ХК Новотранс 002P-01;8500;28.08.2026;1000;RUB;1000;16;13,15;13,15;;;;;;
RU000A10DCE0;МКАО Воксис 001Р-01;300;28.08.2026;1000;RUB;1000;21;17,26;17,26;;;;;;
RU000A10D5C5;РЖД БО 001P-48R;20000;28.08.2026;1000;RUB;1000;;;;;;;;;
RU000A10CZ68;ФосАгро БО-02-04;250;28.08.2026;1000;USD;1000;7;5,75;443,1;;;;;;
RU000A10CZ43;ИЭК ХОЛДИНГ 001Р-04;3000;28.08.2026;1000;RUB;1000;;;;;;;;;
RU000A10CZ35;Транспортная ЛК 001P-04;58,834;28.08.2026;1000;RUB;1000;24;19,73;19,73;;;;;;
RU000A10CMD3;Ростелеком ПАО 001P-19R;20000;28.08.2026;1000;RUB;1000;13,3;10,93;10,93;;;;;;
RU000A10CM89;КИФА БО-01;50;28.08.2026;100;CNY;100;14,5;1,19;13,49;;;;;;
RU000A10CM22;ДОМ.РФ ПАО 002P-06;40000;28.08.2026;1000;RUB;1000;;;;;;;;;
RU000A10CM14;Росинтер Холдинг БО-01;500;28.08.2026;1000;RUB;1000;25,5;63,58;63,58;;;;;;
RU000A10CLZ8;ООО Л-Старт БО-01;500;28.08.2026;1000;RUB;1000;30;74,79;74,79;;;;;;
RU000A10CC08;СберИОС 001Р-750R 3Y1M ОФЗ;538,308;28.08.2026;1000;RUB;1000;0,01;0,1;0,1;;;;;;
RU000A10C931;СберИОС 001Р-747R 1Г СБЕРДИС;57,358;28.08.2026;1000;RUB;1000;0,01;0,1;0,1;;;;;;
RU000A10C8J5;ДОМ.РФ Ипотечный агент БО 1P56;90002,663;28.08.2026;1000;RUB;836,69;8,4;;;;;;;;
RU000A10BYZ3;Медскан 001Р-01;3000;28.08.2026;1000;RUB;1000;18,5;15,21;15,21;;;;;;
RU000A10BVS4;ДОМ.РФ Ипотечный агент БО 1P54;35376,105;28.08.2026;1000;RUB;905,71;;;;;;;;;
RU000A10BQH7;АйДи Коллект 001P-04;500;28.08.2026;1000;RUB;1000;25,25;20,75;20,75;;;;;;
RU000A10BQG9;ФЛИТ 001P-01;500;28.08.2026;1000;RUB;1000;20,8;17,1;17,1;;;;;;
RU000A10BQF1;ГИДРОМАШСЕРВИС АО 001Р-03;5000;28.08.2026;1000;RUB;1000;;;;;;;;;
RU000A10BP53;ДОМ.РФ Ипотечный агент БО 1P53;6399,481;28.08.2026;1000;RUB;928,42;;;;;;;;;
RU000A10B0U0;АО Авто Финанс Банк БО-001Р-14;5000;28.08.2026;1000;RUB;1000;23;18,9;18,9;;;;;;
RU000A10B0T2;РЖД БО 001P-39R;20000;28.08.2026;1000;RUB;1000;17,9;14,71;14,71;;;;;;
RU000A10B0S4;Кокс ПАО 001P-03;300;28.08.2026;1000;RUB;1000;;;;;;;;;
RU000A10B0R6;Кокс ПАО 001P-02;1000;28.08.2026;1000;RUB;1000;25,5;20,96;20,96;;;;;;
RU000A10B0J3;ДельтаЛизинг 001P-02;4500;28.08.2026;1000;RUB;800;24;14,99;14,99;;;;;;
RU000A10AT01;ЛКХ-02;50;28.08.2026;1000;RUB;1000;31;25,48;25,48;;;;;;
RU000A10ASZ7;РЖД БО 001P-35R;17000;28.08.2026;1000;RUB;1000;20,1;16,52;16,52;;;;;;
RU000A10ASY0;РЖД БО 001P-34R;20000;28.08.2026;1000;RUB;1000;20,1;16,52;16,52;;;;;;
RU000A10ASW4;КАМАЗ ПАО БО-П14;10000;28.08.2026;1000;RUB;1000;;;;;;;;;
RU000A10AQE6;ДОМ.РФ Ипотечный агент БО 1P52;63453,691;28.08.2026;1000;RUB;882,56;;;;;;;;;
RU000A10AQC0;ДОМ.РФ Ипотечный агент БО 1P51;1998,949;28.08.2026;1000;RUB;815,11;9,6;;;;;;;;
RU000A109NJ9;ДОМ.РФ Ипотечный агент БО 1P48;99999,577;28.08.2026;1000;RUB;750,34;8,5;;;;;;;;
RU000A109NH3;ДОМ.РФ Ипотечный агент БО 1P47;50019,391;28.08.2026;1000;RUB;806,21;;;;;;;;;
RU000A109NG5;ДОМ.РФ Ипотечный агент БО 1P49;80066,912;28.08.2026;1000;RUB;682,27;;;;;;;;;
RU000A109L98;ДОМ.РФ Ипотечный агент БО 1P45;3944,115;28.08.2026;1000;RUB;855,23;;;;;;;;;
RU000A1093J6;СберИОС 001Р-637R 5Г AC СБЕР;326,65;28.08.2026;1000;RUB;1000;0,01;0,01;0,01;;;;;;
RU000A1093G2;ДОМ.РФ Ипотечный агент БО 1P46;171016,532;28.08.2026;1000;RUB;609,68;;;;;;;;;
RU000A108Y86;ПАО ЛК Европлан 001P-07;12000;28.08.2026;1000;RUB;1000;;;;;;;;;
RU000A108Y60;ПЕРВОУРАЛЬСКБАНК 001Р-01;300;28.08.2026;1000;RUB;502;22;8,33;8,33;;;;;;
RU000A108KV2;НПП Моторные технологии001Р-05;70;28.08.2026;1000;RUB;1000;20;49,86;49,86;;;;;;
RU000A107W71;Солид-Лизинг БО-02;500;28.08.2026;1000;RUB;550;18,5;25,37;25,37;;;;;;
RU000A107W48;ИНАРКТИКА 002Р-01;3000;28.08.2026;1000;RUB;1000;14,25;35,53;35,53;;;;;;
RU000A107SY1;ДОМ.РФ Ипотечный агент БО 1P43;45499,876;28.08.2026;1000;RUB;746,32;;;;;;;;;
RU000A107GL3;ДОМ.РФ Ипотечный агент БО 1P40;109723,714;28.08.2026;1000;RUB;654,02;9;;;;;;;;
RU000A107G55;ДОМ.РФ Ипотечный агент БО 1P39;49927,769;28.08.2026;1000;RUB;715,7;;;;;;;;;
RU000A107D17;Россети ПАО БО 001P-12R;5000;28.08.2026;1000;RUB;1000;12,8;10,52;10,52;;;;;;
RU000A107CG2;Россети ПАО БО 001P-11R;10000;28.08.2026;1000;RUB;1000;;;;;;;;;
RU000A107AW3;Аэрофьюэлз-002Р-02;1400;28.08.2026;1000;RUB;500;16;19,95;19,95;;;;;;
RU000A107A28;ГПБ (АО) БО 005Р-01Р;15000;28.08.2026;1000;RUB;1000;12,75;32,14;32,14;;;;;;
RU000A1074A5;ДОМ.РФ Ипотечный агент БО 1P38;6111,769;28.08.2026;1000;RUB;707,1;7,85;;;;;;;;
RU000A106FM5;ДОМ.РФ Ипотечный агент БО 1P34;17391,177;28.08.2026;1000;RUB;747,48;;;;;;;;;
RU000A106DJ6;Мосрегионлифт БО-02;200;28.08.2026;1000;RUB;550;15,25;6,27;6,27;;;;;;
RU000A1065R7;ДОМ.РФ Ипотечный агент БО 1P33;16515,643;28.08.2026;1000;RUB;597,82;8,6;;;;;;;;
RU000A105NZ3;ДОМ.РФ Ипотечный агент БО 1P32;6128,78;28.08.2026;1000;RUB;667,53;;;;;;;;;
RU000A105NN9;ДОМ.РФ Ипотечный агент БО 1P29;54789,504;28.08.2026;1000;RUB;580,41;;;;;;;;;
RU000A105LN3;ДОМ.РФ Ипотечный агент БО 1P27;20597,323;28.08.2026;1000;RUB;552,7;7,4;;;;;;;;
RU000A105JF3;ДОМ.РФ Ипотечный агент БО 1P26;5477,816;28.08.2026;1000;RUB;688,09;;;;;;;;;
RU000A105H23;ДОМ.РФ Ипотечный агент БО 1P25;5527,918;28.08.2026;1000;RUB;480,93;9,35;;;;;;;;
RU000A1058R2;ДОМ.РФ Ипотечный агент БО 1P22;6638,733;28.08.2026;1000;RUB;646,43;;;;;;;;;
RU000A105179;СберИОС 001Р-533R 5Г IMOEX;179,668;28.08.2026;1000;RUB;1000;0,01;0,1;0,1;;;;;;
RU000A104X32;ДОМ.РФ Ипотечный агент БО 1P19;6704,238;28.08.2026;1000;RUB;584,19;;;;;;;;;
RU000A104UV0;ДОМ.РФ Ипотечный агент БО 1P18;6183,696;28.08.2026;1000;RUB;582,1;;;;;;;;;
RU000A104B79;ДОМ.РФ Ипотечный агент БО 1P16;207605,03;28.08.2026;1000;RUB;444,21;7,65;;;;;;;;
RU000A104B04;Петербургснаб 001Р-01;8,014;28.08.2026;1000;RUB;119;13,25;1,05;1,05;;;;;;
RU000A104AM1;ДОМ.РФ Ипотечный агент БО 1P17;31410,336;28.08.2026;1000;RUB;449,77;6,8;;;;;;;;
RU000A104693;АФК Система БО 001P-23;5000;28.08.2026;1000;RUB;1000;17,5;43,63;43,63;;;;;;
RU000A104511;ДОМ.РФ Ипотечный агент БО 1P14;69302,783;28.08.2026;1000;RUB;432,55;;;;;;;;;
RU000A1041Q0;ДОМ.РФ Ипотечный агент БО 1P13;5353,129;28.08.2026;1000;RUB;469,37;8,15;;;;;;;;
RU000A103YK7;ДОМ.РФ Ипотечный агент БО 1P12;1857,26;28.08.2026;1000;RUB;406,18;5,5;5,63;5,63;;;;;;
RU000A103N43;ДОМ.РФ Ипотечный агент БО 1P9;9749,207;28.08.2026;1000;RUB;398,06;7,65;7,68;7,68;;;;;;
RU000A102SM7;СДЭК Глобал БО-П01;500;28.08.2026;1000;RUB;300;9,5;2,34;2,34;;;;;;
RU000A102L53;ДОМ.РФ Ипотечный агент БО 1P6;45718,936;28.08.2026;1000;RUB;298,62;;;;;;;;;
RU000A102JB9;ДОМ.РФ Ипотечный агент БО 1P2;10206,258;28.08.2026;1000;RUB;289,38;6,05;4,41;4,41;;;;;;
RU000A102D46;ДОМ.РФ Ипотечный агент 18-002P;14018,879;28.08.2026;1000;RUB;270,88;5,85;3,99;3,99;;;;;;
RU000A102AP8;ДОМ.РФ Ипотечный агент 17-002P;7244,692;28.08.2026;1000;RUB;257,27;5,2;3,37;3,37;;;;;;
RU000A101U95;ДОМ.РФ Ипотечный агент 14-002P;6652,643;28.08.2026;1000;RUB;204,84;5,75;2,97;2,97;;;;;;
RU000A101TD6;ДОМ.РФ Ипотечный агент 15-002P;16252,739;28.08.2026;1000;RUB;175,26;5,9;2,61;2,61;;;;;;
RU000A1019A0;ДОМ.РФ Ипотечный агент 04-001P;2663,462;28.08.2026;1000;RUB;172,89;6,5;2,83;2,83;;;;;;
RU000A100ZB9;ДОМ.РФ Ипотечный агент 10-002P;95652,798;28.08.2026;1000;RUB;153,57;;;;;;;;;
RU000A0ZZV86;ДОМ.РФ Ипотечный агент 06-002P;74263,788;28.08.2026;1000;RUB;88,84;9,95;2,23;2,23;;;;;;
RU000A0ZZ984;ГТЛК БО 001P-10;10000;28.08.2026;1000;RUB;1000;0,1;0,25;0,25;;;;;;
RU000A0JUCA9;ФСК Россети(ПАО)-обл. сер.34;14000;28.08.2026;1000;RUB;1000;6,58;16,4;16,4;;;;;;
RU000A0JUC92;ФСК Россети(ПАО)-обл. сер.30;10000;28.08.2026;1000;RUB;1000;6,58;16,4;16,4;;;;;;
BYM000002469;РесБел 346 28.02.2030;16,592;28.08.2026;1000;USD;1000;6,2;30,75;2369,63;;;;;;
BYM000001941;РесБел 336 28.02.2030;149,007;28.08.2026;1000;USD;1000;6,2;30,75;2369,63;;;;;;
RU000A10F9N2;ЛКПРОГР БО-02;100;27.08.2026;1000;RUB;1000;25;20,55;20,55;;;;;;
RU000A10F9B7;Мобильные Телесистемы 003Р-03;20000;27.08.2026;1000;RUB;1000;13,55;11,14;11,14;;;;;;
RU000A10F8T1;Ростелеком ПАО 003P-01;20000;27.08.2026;1000;RUB;1000;3,85;9,6;9,6;;;;;;
RU000A10F0X0;ТД РКС 002Р-08;600;27.08.2026;1000;RUB;1000;25,5;20,96;20,96;;;;;;
RU000A10F0W2;АйДи Коллект 001P-08;1300;27.08.2026;1000;RUB;1000;20,25;16,64;16,64;;;;;;
RU000A10EQ83;ГК Самолет 002P-03;1000;27.08.2026;1000;RUB;1000;21,5;17,67;17,67;;;;;;
RU000A10EQ75;ЕвразХолдинг Финанс 003P-06;50000;27.08.2026;1000;RUB;1000;;;;;;;;;
RU000A10EQ42;ЭР-Телеком Холдинг ПБО-02-11;11000;27.08.2026;1000;RUB;1000;;;;;;;;;
RU000A10EQ34;АО Авто Финанс Банк БО-001Р-18;7000;27.08.2026;1000;RUB;1000;14,75;12,12;12,12;;;;;;
RU000A10EDB2;Аквилон-Лизинг БО-05-001P;82,318;27.08.2026;1000;RUB;920;21;48,17;48,17;;;;;;
RU000A10E6D0;ВУШ БО 001P-05;1000;27.08.2026;1000;RUB;1000;22;18,08;18,08;;;;;;
RU000A10DLY9;ООО Л-Старт БО-02;325;27.08.2026;1000;RUB;1000;31;77,29;77,29;;;;;;
RU000A10DJR7;РЖД БО 001P-49R;45000;27.08.2026;1000;RUB;1000;;;;;;;;;
RU000A10DBZ7;Акрон (ПАО) БО-002P-01;150;27.08.2026;1000;USD;1000;7,7;6,33;487,8;;;;;;
RU000A10DBV6;Уралкуз 001Р-03;1486,071;27.08.2026;1000;RUB;1000;20;16,44;16,44;;;;;;
RU000A10DBS2;ЭНЕРГОНИКА 001Р-07;300;27.08.2026;1000;RUB;1000;23;18,9;18,9;;;;;;
RU000A10C9W6;ИА ТБ-2 класс Б1;1500;27.08.2026;100;RUB;100;;;;;;;;;
RU000A10C949;ИА ТБ-2 класс А1;8500;27.08.2026;100;RUB;100;19;1,61;1,61;;;;;;
RU000A10BYR0;Самокат БО-03;300;27.08.2026;1000;RUB;1000;27;22,19;22,19;;;;;;
RU000A10BQD6;МЕТАЛЛОИНВЕСТ 001P-14;45000;27.08.2026;1000;RUB;1000;;;;;;;;;
RU000A10BQC8;ХЭНДЕРСОН 001P-01;1800;27.08.2026;1000;RUB;1000;19,5;16,03;16,03;;;;;;
RU000A10BQB0;ГТЛК БО 002P-08;15000;27.08.2026;1000;RUB;1000;19,5;16,03;16,03;;;;;;
RU000A10BPQ0;СОПФ ДОМ.РФ 13;10000;27.08.2026;1000;RUB;1000;17,95;44,75;44,75;;;;;;
RU000A10BPF3;ТГК-14 001Р-07;6500;27.08.2026;1000;RUB;1000;21,5;53,6;53,6;;;;;;
RU000A10B8C1;МФК Лайм-Займ 05;400;27.08.2026;1000;RUB;800;27,5;18,08;18,08;;;;;;
RU000A10B3W0;Совкомбанк Лизинг БО-П09;10750;27.08.2026;1000;RUB;504,7;;;;;;;;;
RU000A10B0C8;МЕТАЛЛОИНВЕСТ 001P-12;1500;27.08.2026;1000;CNY;1000;10,2;8,38;94,99;;;;;;
RU000A10B0B0;Группа ЛСР ПАО БО 001Р-10;4000;27.08.2026;1000;RUB;1000;24;19,73;19,73;;;;;;
RU000A10B0A2;Магнит ПАО БО-005Р-03;84800;27.08.2026;1000;RUB;1000;;;;;;;;;
RU000A10B081;ЭкономЛизинг 001Р-08;100;27.08.2026;1000;RUB;1000;27;22,19;22,19;;;;;;
RU000A10ASF9;Сибирское Стекло БО-01;350;27.08.2026;1000;RUB;900;29;19,07;19,07;;;;;;
RU000A10AAQ4;СФО Сплит Финанс 1 01;7700;27.08.2026;1000;RUB;345,13;25;6,05;6,05;;;;;;
RU000A1087J8;Газпром капитал БО-002Р-14;20000;27.08.2026;1000;RUB;1000;;;;;;;;;
RU000A1087G4;МФК ПСБ Финанс 002Р-01;500;27.08.2026;1000;RUB;300;;;;;;;;;
RU000A1087A7;ЭР-Телеком Холдинг ПБО-02-06;8000;27.08.2026;1000;RUB;1000;15;12,33;12,33;;;;;;
RU000A107S10;Россельхозбанк БO-03-002P;42000;27.08.2026;1000;RUB;1000;;;;;;;;;
RU000A107RZ0;ГК Самолет БО-П13;24500;27.08.2026;1000;RUB;1000;21;17,26;17,26;;;;;;
RU000A107D58;ГТЛК ЗО29-Д;141,112;27.08.2026;1000;USD;1000;4,349;21,75;1676,08;;;;;;
RU000A107AU7;ВЭБ.РФ ПБО-002Р-39;40000;27.08.2026;1000;RUB;1000;;;;;;;;;
RU000A107AM4;АЛЬФА-БАНК Б2Р25;11000;27.08.2026;1000;RUB;1000;13,25;33,03;33,03;;;;;;
RU000A1070P1;ЧИСТАЯ ПЛАНЕТА БО-01;100;27.08.2026;1000;RUB;1000;28;23,01;23,01;;;;;;
RU000A106VN0;ТРЕЙДБЕРРИ БО-01;100;27.08.2026;1000;RUB;1000;18;14,79;14,79;;;;;;
RU000A106T93;Ростелеком ПАО 002P-11;10000;27.08.2026;1000;RUB;1000;11,2;27,92;27,92;;;;;;
RU000A106P97;СОПФ ДОМ.РФ 6;30000;27.08.2026;1000;RUB;1000;;;;;;;;;
RU000A100SZ3;Почта России (АО) БО-001P-06;5000;27.08.2026;1000;RUB;1000;15,25;76,04;76,04;;;;;;
RU000A106Z61;ОФЗ-ПК 29025 12/08/37;655460,338;26.08.2026;1000;RUB;1000;;;;;;;;;
RU000A10F8V7;Газпром нефть 005Р-08R;100000;26.08.2026;1000;RUB;1000;;;;;;;;;
RU000A10F8U9;ЭР-Телеком Холдинг ПБО-02-08;10000;26.08.2026;1000;RUB;1000;;;;;;;;;
RU000A10F8R5;СКС ЛОМБАРД БО-03;200;26.08.2026;1000;RUB;1000;21,5;17,67;17,67;;;;;;
RU000A10F8Q7;Ростовская область 34001;7500;26.08.2026;1000;RUB;1000;;;;;;;;;
RU000A10F8P9;РЖД БО 001P-53R;45000;26.08.2026;1000;RUB;1000;10,75;8,84;8,84;;;;;;
RU000A10F8N4;Мобильные Телесистемы 003Р-02;40000;26.08.2026;1000;RUB;1000;;;;;;;;;
RU000A10F793;ИА ТБ-7 класс Б;1014,579;26.08.2026;1000;RUB;1000;;;;;;;;;
RU000A10F785;ИА ТБ-7 класс А;9131,208;26.08.2026;1000;RUB;1000;16;37,26;37,26;;;;;;
RU000A10EYZ7;МегаФон ПАО БО-002Р-12;30000;26.08.2026;1000;RUB;1000;;;;;;;;;
RU000A10EYY0;Медскан 001Р-02;3500;26.08.2026;1000;RUB;1000;15,35;12,62;12,62;;;;;;
RU000A10EYX2;МегаФон ПАО БО-002Р-11;25000;26.08.2026;1000;RUB;1000;;;;;;;;;
RU000A10EYW4;ПГК 003Р-05;2200;26.08.2026;1000;RUB;1000;;;;;;;;;
RU000A10EYV6;ПГК 003Р-04;20000;26.08.2026;1000;RUB;1000;15,4;12,66;12,66;;;;;;
RU000A10EYU8;ВУШ БО 001P-06;666,653;26.08.2026;1000;RUB;1000;22;18,08;18,08;;;;;;
RU000A10EYT0;Идель Нефтемаш 001Р-01;250;26.08.2026;1000;RUB;1000;27;22,19;22,19;;;;;;
RU000A10EYJ1;ВИС ФИНАНС БО-П12;2500;26.08.2026;1000;RUB;1000;16,5;13,56;13,56;;;;;;
RU000A10EYH5;Группа ЛСР ПАО БО 002Р-01;10000;26.08.2026;1000;RUB;1000;15,65;12,86;12,86;;;;;;
RU000A10EK48;СФО СБ Секьюритизация 4 кл.АС;22700;26.08.2026;1000;RUB;875,15;15,5;11,16;11,16;;;;;;
RU000A10EK30;СФО СБ Секьюритизация 4 кл.АР;10000;26.08.2026;1000;RUB;817,5;15,37;9,48;9,48;;;;;;
RU000A10EE87;АФК Система БО 002Р-12;5500;26.08.2026;1000;RUB;1000;17,5;14,38;14,38;;;;;;
RU000A10EDW8;Магнит ПАО БО-006Р-01;85000;26.08.2026;1000;RUB;1000;;;;;;;;;
RU000A10EDV0;АйДи Коллект 001P-07;1700;26.08.2026;1000;RUB;1000;20,75;17,05;17,05;;;;;;
RU000A10E655;ГЛОРАКС 001Р-05;5000;26.08.2026;1000;RUB;1000;20,5;16,85;16,85;;;;;;
RU000A10E630;Газпром нефть 005P-04R;138000;26.08.2026;1000;RUB;1000;;;;;;;;;
RU000A10E2B3;Совком Экспресс 001P-01;500;26.08.2026;1000;RUB;1000;19,5;16,03;16,03;;;;;;
RU000A10E291;ГК Азот 001Р-01;1000;26.08.2026;1000;RUB;1000;17,4;14,3;14,3;;;;;;
RU000A10E283;ХРОМОС Инжиниринг БО-04;260;26.08.2026;1000;RUB;1000;24,5;20,14;20,14;;;;;;
RU000A10DD30;СФО СБ Секьюритизация 3 кл.А1;17700;26.08.2026;1000;RUB;685,36;16,5;8,95;8,95;;;;;;
RU000A10DBH5;ВОСТОК-ОЙЛ БО-01;175;26.08.2026;1000;RUB;1000;27;22,19;22,19;;;;;;
RU000A10DBE2;СОПФ ДОМ.РФ 12;35000;26.08.2026;1000;RUB;1000;;;;;;;;;
RU000A10DBB8;СФО ГПБ-СПК Б2;500;26.08.2026;1000;RUB;1000;;;;;;;;;
RU000A10DBA0;СФО ГПБ-СПК А2;2000;26.08.2026;1000;RUB;732,55;16,5;9,55;9,55;;;;;;
RU000A10D5H4;СинараСекьюр_А;7200;26.08.2026;1000;RUB;1000;16,5;;;;;;;;
RU000A10D4A2;СФО Эльтон класс А;158;26.08.2026;1000;RUB;730,07;18;32,76;32,76;;;;;;
RU000A10CWF7;ПГК 003Р-01;12000;26.08.2026;1000;RUB;1000;15,75;12,95;12,95;;;;;;
RU000A10CSP4;Республика Башкортостан 34016;5000;26.08.2026;1000;RUB;1000;14;11,51;11,51;;;;;;
RU000A10CS91;Росагролизинг 002P-04;7000;26.08.2026;1000;RUB;1000;;;;;;;;;
RU000A10C8T4;СИБУР Холдинг 001Р-07;40000;26.08.2026;1000;RUB;1000;13,95;11,47;11,47;;;;;;
RU000A10C8Q0;ГМК Нор.никель БО-001Р-13;975;26.08.2026;100;USD;100;7,75;0,64;49,32;;;;;;
RU000A10C8M9;Михайловский Молочный Завод-03;55;26.08.2026;1000;RUB;1000;22,5;18,49;18,49;;;;;;
RU000A10C8K3;ВОКСИС-04;200;26.08.2026;1000;RUB;1000;20;16,44;16,44;;;;;;
RU000A10C8H9;Оил Ресурс 001P-02;3000;26.08.2026;1000;RUB;1000;28;23,01;23,01;;;;;;
RU000A10BY94;АФК Система БО 002Р-03;12000;26.08.2026;1000;RUB;1000;21,5;17,67;17,67;;;;;;
RU000A10BY45;Новые технологии 001Р-07;1300;26.08.2026;1000;RUB;1000;20,25;16,64;16,64;;;;;;
RU000A10BQR6;СФО СБ Секьюритизация 2 классА;10900;26.08.2026;1000;RUB;423,15;20,3;6,67;6,67;;;;;;
RU000A10BQ78;СИМПЛ 001Р-04;1500;26.08.2026;1000;RUB;1000;;;;;;;;;
RU000A10BQ60;РОЛЬФ БО 001Р-08;1500;26.08.2026;1000;RUB;1000;25,5;20,96;20,96;;;;;;
RU000A10B7W1;Р-Вижн 001Р-02;500;26.08.2026;1000;RUB;1000;24,5;20,14;20,14;;;;;;
RU000A10B7T7;СФО ТБ-3 класс А;4500;26.08.2026;1000;RUB;175,46;25;2,89;2,89;;;;;;
RU000A10B008;Южуралзолото 001P-04;200;26.08.2026;100;USD;100;10,6;0,87;67,04;;;;;;
RU000A10AZY5;АПРИ БО-002Р-09;1000;26.08.2026;1000;RUB;1000;24;19,73;19,73;;;;;;
RU000A10A7S0;Селектел 001P-05R;4000;26.08.2026;1000;RUB;1000;;;;;;;;;
RU000A1097T6;СФО СБ Секьюритизация класс А;9500;26.08.2026;1000;RUB;265,17;20;4,06;4,06;;;;;;
RU000A1095L7;ГК Самолет БО-П14;20000;26.08.2026;1000;RUB;1000;;;;;;;;;
RU000A108Z77;Практика ЛК 001Р-03;1500;26.08.2026;1000;RUB;362,9;17,1;4,87;4,87;;;;;;
RU000A107UX9;Газпром нефть БО 003P-11R;20000;26.08.2026;1000;RUB;1000;;;;;;;;;
RU000A107TK8;СОПФ ДОМ.РФ 8;15000;26.08.2026;1000;RUB;1000;;;;;;;;;
RU000A107KB6;СФО БКС Структурные Ноты 25;124,268;26.08.2026;1000;RUB;1000;0,01;0,2;0,2;;;;;;
RU000A107DR7;СФО МОС МСП 6 02;4000;26.08.2026;1000;RUB;296,33;15,6;;;;;;;;
RU000A107CX7;ГТЛК ЗО28-Д;167,099;26.08.2026;1000;USD;1000;4,8;24;1849,47;;;;;;
RU000A1070G0;МФК Быстроденьги 002Р-03;333,356;26.08.2026;1000;RUB;1000;15;12,33;12,33;;;;;;
RU000A1069H0;Банк ВТБ (ПАО) С-1-518;573,231;26.08.2026;1000;RUB;1000;0,01;0,3;0,3;;;;;;
RU000A105M59;ЛК Роделен БО 001Р-03;250;26.08.2026;1000;RUB;473,7;19;6,96;6,96;;;;;;
RU000A105559;ФСК Россети ПАО БО 001P-06R;15000;26.08.2026;1000;RUB;1000;8,7;21,69;21,69;;;;;;
RU000A1053H4;Лизинг-Трейд 001P-05;100;26.08.2026;1000;RUB;1000;15;12,33;12,33;;;;;;
RU000A104DL7;Банк ВТБ (ПАО) Б-1-300;175,021;26.08.2026;1000;RUB;1000;0,01;0,05;0,05;;;;;;
RU000A103FM2;СберИОС 001Р-460R 5Г ПРОД;221,576;26.08.2026;1000;RUB;1000;0,01;0,5;0,5;;;;;;
RU000A102E37;РЖД 001Б-05;33000;26.08.2026;1000000;RUB;1000000;16,18;80678,36;80678,36;;;;;;
RU000A1022E6;ПР-Лизинг ООО БО 002Р-01;1750;26.08.2026;1000;RUB;1000;19;15,62;15,62;;;;;;
RU000A101H92;"ПАО ""ПСБ"" обл.15";6750;26.08.2026;10000000;RUB;10000000;2,5;62328,77;62328,77;;;;;;
RU000A101H84;РЖД ОАО БО 001Р-18R;15000;26.08.2026;1000;RUB;1000;15,05;75,04;75,04;;;;;;
RU000A1014U9;ТП Кировский 001P-01R;1200;26.08.2026;1000;RUB;1000;19,5;48,62;48,62;;;;;;
RU000A1005L6;АФК Система БО 001P-09;10000;26.08.2026;1000;RUB;1000;17,5;87,26;87,26;;;;;;
RU000A0ZYX28;Совкомбанк ПАО обл. 1В02;100;26.08.2026;100;USD;100;10;4,99;384,53;;;;;;
RU000A0ZYWZ2;Совкомбанк ПАО обл. 2В03;150;26.08.2026;100;USD;100;8,25;4,11;316,72;;;;;;
RU000A0ZYWU3;АФК Система БО 001P-08;15000;26.08.2026;1000;RUB;1000;12;59,84;59,84;;;;;;
RU000A0ZYJ91;ФСК Россети(ПАО) БО-04;7000;26.08.2026;1000;RUB;1000;12;29,92;29,92;;;;;;
RU000A0NRCB5;Банк ВТБ С-1-625 (структурные);0;26.08.2026;1000;RUB;1000;0,01;0,3;0,3;;;;;;
RU000A0JX132;ПАО НК Роснефть 001P-01;600000;26.08.2026;1000;RUB;1000;8;19,95;19,95;;;;;;
RU000A10FJ65;ЛК Роделен БО 002P-06;500;25.08.2026;1000;RUB;1000;21;17,26;17,26;;;;;;
RU000A10FJ16;ВИС ФИНАНС БО-П13;1250;25.08.2026;1000;RUB;1000;16,5;13,56;13,56;;;;;;
RU000A10FJ08;ПРОГРЕСС БО-01;100;25.08.2026;1000;RUB;1000;24;19,73;19,73;;;;;;
RU000A10FHY2;ЭкоНива 001P-03;3000;25.08.2026;1000;RUB;1000;15,75;12,95;12,95;;;;;;
RU000A10FGG1;Джи-групп 002P-08;2000;25.08.2026;1000;RUB;1000;;;;;;;;;
RU000A10F8G8;СПМК БО-03;500;25.08.2026;1000;RUB;1000;18;14,79;14,79;;;;;;
RU000A10F8F0;Газпром нефть 005Р-09R;200;25.08.2026;1000;USD;1000;7,5;6,16;474,7;;;;;;
RU000A10F827;МегаФон ПАО БО-002Р-13;15000;25.08.2026;1000;RUB;1000;13,3;10,93;10,93;;;;;;
RU000A10EYN3;Совком Ипотечный агент-1;8032;25.08.2026;1000;RUB;1000;;;;;;;;;
RU000A10EYG7;Полюс ПБО-06;2600;25.08.2026;1000;CNY;1000;7,65;6,29;71,3;;;;;;
RU000A10EXM7;Ипотечный агент РТБ-1;8365,6;25.08.2026;1000;RUB;989,17;15,8;13,15;13,15;;;;;;
RU000A10EVQ2;Банк ВТБ (ПАО) Б-1-391;69,35;25.08.2026;1000;RUB;1000;0,01;0,02;0,02;;;;;;
RU000A10ED70;Первый ЮвелирЛомб БО-01;75;25.08.2026;1000;RUB;1000;25;20,55;20,55;;;;;;
RU000A10ED62;ПКО Вернём 001Р-01;150;25.08.2026;1000;RUB;1000;26,5;21,78;21,78;;;;;;
RU000A10ECH1;Мобильные ТелеСистемы 002Р-15;65000;25.08.2026;1000;RUB;1000;14;69,81;69,81;;;;;;
RU000A10EC63;Брусника 002Р-06;1500;25.08.2026;1000;RUB;1000;22,75;18,7;18,7;;;;;;
RU000A10E5X0;РусГидро БО-002Р-11;30000;25.08.2026;1000;RUB;1000;;;;;;;;;
RU000A10DUR4;Балтийский лизинг ООО БО-П23;500;25.08.2026;1000;RUB;1000;;;;;;;;;
RU000A10DM96;Россети ПАО БО 001P-19R;35000;25.08.2026;1000;RUB;1000;;;;;;;;;
RU000A10DB16;Оил Ресурс 001P-03;3755,298;25.08.2026;1000;RUB;1000;29;23,84;23,84;;;;;;
RU000A10D616;Балтийский лизинг ООО БО-П20;1500;25.08.2026;1000;RUB;1000;18,75;15,41;15,41;;;;;;
RU000A10CUF1;ТАЛК002P-03;200;25.08.2026;1000;RUB;1000;20;16,44;16,44;;;;;;
RU000A10C8C0;РЖД БО 001P-44R;40000;25.08.2026;1000;RUB;1000;13,95;11,47;11,47;;;;;;
RU000A10C8B2;СОБИ-ЛИЗИНГ 001Р-07;86,529;25.08.2026;1000;RUB;760;22;13,2;13,2;;;;;;
RU000A10C8A4;Полипласт АО П02-БО-08;500;25.08.2026;100;CNY;100;13,95;1,15;13,04;;;;;;
RU000A10C873;СКС ЛОМБАРД БО-01;100;25.08.2026;1000;RUB;1000;28,5;23,42;23,42;;;;;;
RU000A10BY52;iКаршеринг Руссия 001P-06;2000;25.08.2026;1000;RUB;1000;20;16,44;16,44;;;;;;
RU000A10BXQ4;ДиректЛизинг БО 002Р-04;100;25.08.2026;1000;RUB;799,6;;;;;;;;;
RU000A10B7S9;ПКО СЗА БО-02;100;25.08.2026;1000;RUB;1000;28,5;23,42;23,42;;;;;;
RU000A10B7N0;БиоВитрум 001Р-01;100;25.08.2026;1000;RUB;1000;28;23,01;23,01;;;;;;
RU000A10AST0;СовкомСекьюр_А;8000;25.08.2026;1000;RUB;816;23;15,2;15,2;;;;;;
RU000A10A7H3;СИБУР Холдинг 001Р-02;9900;25.08.2026;1000;RUB;1000;;;;;;;;;
RU000A10A7F7;ВЭБ.РФ ПБО-002Р-47;20000;25.08.2026;1000;RUB;1000;;;;;;;;;
RU000A10A7C4;ПАО ЛК Европлан 001P-08;8500;25.08.2026;1000;RUB;1000;;;;;;;;;
RU000A109QN4;Экспобанк 001P-02;5000;25.08.2026;1000;RUB;1000;;;;;;;;;
RU000A109E71;ТрансКонтейнер П02-01;27000;25.08.2026;1000;RUB;1000;;;;;;;;;
RU000A109AU3;Агродом БО-01;88,646;25.08.2026;1000;RUB;1000;;;;;;;;;
RU000A108ZH9;Славнефть БО 002Р-05;10000;25.08.2026;1000;RUB;1000;;;;;;;;;
RU000A108LN7;СмартФакт БО-03-001P;200;25.08.2026;1000;RUB;1000;;;;;;;;;
RU000A107UB5;МГКЛ 001Р-05;500;25.08.2026;1000;RUB;1000;20;49,86;49,86;;;;;;
RU000A1079S6;МЕТАЛЛОИНВЕСТ 001P-06;15000;25.08.2026;1000;RUB;1000;;;;;;;;;
RU000A1079H9;Роял Капитал БО-П10;150;25.08.2026;1000;RUB;1000;16;39,89;39,89;;;;;;
RU000A107076;ЛК Роделен БО 002P-01;750;25.08.2026;1000;RUB;1000;22,5;18,49;18,49;;;;;;
RU000A106SQ9;Газпром капитал БО-002Р-08;20000;25.08.2026;1000;RUB;1000;;;;;;;;;
RU000A106SP1;ХК Новотранс 001P-04;6500;25.08.2026;1000;RUB;500;12,25;15,27;15,27;;;;;;
RU000A106SM8;Газпром капитал БО-002Р-07;40000;25.08.2026;1000;RUB;1000;;;;;;;;;
RU000A106EZ0;ВИС ФИНАНС БО-П04;2000;25.08.2026;1000;RUB;1000;12,9;34,28;34,28;;;;;;
RU000A106AT1;Газпром капитал ООО БО-001Р-06;45000;25.08.2026;1000;RUB;1000;10;24,93;24,93;;;;;;
RU000A105SG2;Газпром капитал ООО ЗО30-1-Д;1463,726;25.08.2026;1000;USD;1000;3,25;16,25;1252,24;;;;;;
RU000A1056T2;Центр-резерв БО-02;100;25.08.2026;1000;RUB;450;18;6,66;6,66;;;;;;
RU000A1054W1;Полюс ПБО-02;4600;25.08.2026;1000;CNY;1000;3,8;18,95;214,82;;;;;;
RU000A0NTXP7;Банк ВТБ С-1-690 (структурные);0;25.08.2026;1000;RUB;1000;0,01;0,29;0,29;;;;;;
RU000A0JS4Z7;ВЭБ.РФ об. сер. 21;15000;25.08.2026;1000;RUB;1000;19,15;95,49;95,49;;;;;;
XS2120882183;Republic of Belarus 24/02/31;750;24.08.2026;1000;USD;1000;6,378;31,89;2457,48;;;;;;
RU000A10FHT2;Стеллар Груп Рус 001Р-02;200;24.08.2026;1000;RUB;1000;17;13,97;13,97;;;;;;
RU000A10FHS4;Ростелеком ПАО 001P-27R;20000;24.08.2026;1000;RUB;1000;;;;;;;;;
RU000A10FHQ8;Т Плюс 002Р-02;20000;24.08.2026;1000;RUB;1000;;;;;;;;;
RU000A10F850;РОЛЬФ БО 001Р-09;2000;24.08.2026;1000;RUB;1000;19,5;16,03;16,03;;;;;;
RU000A10F801;ГТЛК БО 002P-13;35000;24.08.2026;1000;RUB;1000;15,95;13,11;13,11;;;;;;
RU000A10EPX0;РусГидро БО-002Р-12;35000;24.08.2026;1000;RUB;1000;;;;;;;;;
RU000A10EPW2;Брусника 002Р-07;6000;24.08.2026;1000;RUB;1000;;;;;;;;;
RU000A10EPV4;СИМПЛ СОЛЮШНЗ КЭПИТЛ 001Р-02;700;24.08.2026;1000;RUB;1000;21;17,26;17,26;;;;;;
RU000A10EPU6;АВТОАССИСТАНС 001P-01;500;24.08.2026;1000;RUB;1000;24,5;20,14;20,14;;;;;;
RU000A10EPT8;ДиректЛизинг БО 002Р-06;200;24.08.2026;1000;RUB;949,9;24,5;18,79;18,79;;;;;;
RU000A10EPR2;Автодор ГК БО-005Р-15;500;24.08.2026;1000;RUB;1000;15,35;12,62;12,62;;;;;;
RU000A10EPQ4;Автодор ГК БО-005Р-16;3500;24.08.2026;1000;RUB;1000;15,4;12,66;12,66;;;;;;
RU000A10EMX7;АЛЬФА-БАНК T2-CR-10;2300;24.08.2026;100000000;RUB;100000000;;;;;;;;;
RU000A10ECY6;ЭЛЕКТРОРЕШЕНИЯ 001Р-03;1000;24.08.2026;1000;RUB;1000;23,5;19,32;19,32;;;;;;
RU000A10ECX8;Полипласт АО П02-БО-14;18;24.08.2026;100;USD;100;12,75;1,05;80,91;;;;;;
RU000A10ECW0;Полипласт АО П02-БО-15;45;24.08.2026;100;CNY;100;12,25;1,01;11,45;;;;;;
RU000A10E5S0;ТАЛК002P-04;300;24.08.2026;1000;RUB;1000;24;19,73;19,73;;;;;;
RU000A10DUQ6;Балтийский лизинг ООО БО-П22;3500;24.08.2026;1000;RUB;1000;20;16,44;16,44;;;;;;
RU000A10DLN2;ПКО Финэква 001Р-01;600;24.08.2026;1000;RUB;1000;24;19,73;19,73;;;;;;
RU000A10DBM5;СФО ТБ-5 класс А;12000;24.08.2026;1000;RUB;1000;17,3;14,69;14,69;;;;;;
RU000A10DA66;Газпром нефть 005P-02R;57000;24.08.2026;1000;RUB;1000;;;;;;;;;
RU000A10DA58;ВЕРАТЕК-02;55,377;24.08.2026;1000;RUB;1000;26;21,37;21,37;;;;;;
RU000A10DA41;ВИС ФИНАНС БО-П10;2500;24.08.2026;1000;RUB;1000;;;;;;;;;
RU000A10D9M6;РусГидро БО-002Р-10;15000;24.08.2026;1000;RUB;1000;;;;;;;;;
RU000A10CM06;АПРИ БО-002Р-11;2500;24.08.2026;1000;RUB;1000;25;20,55;20,55;;;;;;
RU000A10CLX3;Уральская Сталь БО-001Р-05;4000;24.08.2026;1000;RUB;1000;18,5;15,21;15,21;;;;;;
RU000A10C7C2;Алтимейт Эдьюкейшн БО-П01;600;24.08.2026;1000;RUB;1000;19,75;16,23;16,23;;;;;;
RU000A10BWN3;ТАЛК002P-02;200;24.08.2026;1000;RUB;1000;;;;;;;;;
RU000A10BWL7;МОНОПОЛИЯ 001P-05;500;24.08.2026;1000;RUB;1000;25,5;20,96;20,96;;;;;;
RU000A10B7J8;ФосАгро БО-02-03;642,2;24.08.2026;1000;USD;1000;7,5;6,16;474,7;;;;;;
RU000A10B7H2;Аптечная сеть 36,6 002P-02;1250;24.08.2026;1000;RUB;1000;24,5;20,14;20,14;;;;;;
RU000A10B6W3;АЛЬФА-БАНК Б1Р21;262,351;24.08.2026;1000;RUB;1000;0,01;0,1;0,1;;;;;;
RU000A10ASE2;РОЛЬФ БО 001Р-07;1600;24.08.2026;1000;RUB;1000;26;21,37;21,37;;;;;;
RU000A10ASD4;РОЛЬФ БО 001Р-06;400;24.08.2026;1000;RUB;1000;;;;;;;;;
RU000A10ASC6;ПАО ЛК Европлан 001P-09;16000;24.08.2026;1000;RUB;900;24;15,78;15,78;;;;;;
RU000A10AAU6;Минфин Амурской обл. 24001;2935,217;24.08.2026;1000;RUB;1000;;;;;;;;;
RU000A10A505;Виллина 001P-01;60;24.08.2026;1000;RUB;1000;28;69,81;69,81;;;;;;
RU000A109DV5;Интерлизинг 001Р-09;4700;24.08.2026;1000;RUB;560;;;;;;;;;
RU000A108WV7;Фордевинд 06;37,909;24.08.2026;1000;RUB;1000;19;15,62;15,62;;;;;;
RU000A108B59;АЛЬФА-Б C-1-378 (структурные);0;24.08.2026;1000;RUB;1000;0,01;0,2;0,2;;;;;;
RU000A107C91;МСБ-Лизинг 003P-02;300;24.08.2026;1000;RUB;166,75;16;1,75;1,75;;;;;;
RU000A1076A0;БЭЛТИ-ГРАНД ООО БО-П06;185;24.08.2026;1000;RUB;950;14;10,93;10,93;;;;;;
RU000A106ZL5;РЖД БО 001P-28R;45000;24.08.2026;1000;RUB;1000;;;;;;;;;
RU000A106SF2;Интерлизинг 001Р-06;4500;24.08.2026;1000;RUB;175;13,5;5,89;5,89;;;;;;
RU000A106Q47;Фордевинд 03;500;24.08.2026;1000;RUB;1000;16;13,15;13,15;;;;;;
RU000A104UA4;ГК Сегежа 002P-04R;8200;24.08.2026;1000;RUB;1000;9,85;24,56;24,56;;;;;;
RU000A104EP6;НЗРМ ООО БО-01;160;24.08.2026;1000;RUB;325;;;;;;;;;
RU000A103M36;ТрансФин-М ПАО 001P-07;6300;24.08.2026;1000;RUB;1000;18;44,88;44,88;;;;;;
RU000A103F92;СберИОС 001Р-457R 5Г SBRIF ИНД;109,422;24.08.2026;1000;RUB;1000;0,01;0,5;0,5;;;;;;
RU000A102SX4;АФК Система БО 001P-19;12500;24.08.2026;1000;RUB;1000;17,5;43,63;43,63;;;;;;
RU000A102SV8;АФК Система БО 001P-18;5000;24.08.2026;1000;RUB;1000;10;24,93;24,93;;;;;;
RU000A101QL5;ГТЛК БО 001P-17;10000;24.08.2026;1000;RUB;1000;16;39,89;39,89;;;;;;
RU000A0ZYHW0;Левенгук ПАО БО-01;100;24.08.2026;1000;RUB;1000;14,5;36,15;36,15;;;;;;
RU000A0JXK99;ТрансФин-М ПАО 001P-02;689,874;24.08.2026;1000;RUB;1000;19;94,74;94,74;;;;;;
RU000A0JTYK4;ФСК Россети(ПАО)-обл. сер.28;20000;24.08.2026;1000;RUB;1000;6,86;17,1;17,1;;;;;;
RU000A0JTYJ6;ФСК Россети (ПАО)-обл. сер.23;10000;24.08.2026;1000;RUB;1000;6,86;17,1;17,1;;;;;;
BYM000002410;РесБел 344 24.02.2031;11,234;24.08.2026;1000;USD;1000;6,378;31,63;2437,44;;;;;;
BYM000001925;РесБел 335 24.02.2031;244,136;24.08.2026;1000;USD;1000;6,378;31,63;2437,44;;;;;;
RU000A10FHH7;ЭН ПЛЮС ГИДРО 001РС-10;1000;23.08.2026;1000;CNY;1000;8,5;6,99;79,24;;;;;;
RU000A10F7V9;Полипласт АО П02-БО-16;5000;23.08.2026;1000;RUB;1000;17,45;14,34;14,34;;;;;;
RU000A10F7T3;Атомэнергопром АО 001Р-14;15000;23.08.2026;1000;RUB;1000;;;;;;;;;
RU000A10ENT3;ПКО Финэква 001Р-02;1000;23.08.2026;1000;RUB;1000;23;18,9;18,9;;;;;;
RU000A10ENS5;МЕТАЛЛОИНВЕСТ 002P-05;60000;23.08.2026;1000;RUB;1000;;;;;;;;;
RU000A10ECR0;ФЛИТ 001Р-02;500;23.08.2026;1000;RUB;916,7;17,52;13,2;13,2;;;;;;
RU000A10ECM1;Газпром капитал ООО БО-003Р-21;50000;23.08.2026;1000;RUB;1000;;;;;;;;;
RU000A10E1Z4;РЕСО-Лизинг ООО БО-П-29;5800;23.08.2026;1000;RUB;1000;14,5;11,92;11,92;;;;;;
RU000A10DZW3;РЖД БО 001P-50R;25000;23.08.2026;1000;RUB;1000;15,35;12,62;12,62;;;;;;
RU000A10DZU7;А101 БО-001Р-02;4150;23.08.2026;1000;RUB;1000;17;13,97;13,97;;;;;;
RU000A10DZT9;А101 БО-001Р-03;6350;23.08.2026;1000;RUB;1000;;;;;;;;;
RU000A10DZK8;Полипласт АО П02-БО-13;2750;23.08.2026;1000;RUB;1000;19,45;15,99;15,99;;;;;;
RU000A10DZJ0;Т Плюс 002Р-01;500;23.08.2026;1000;RUB;1000;;;;;;;;;
RU000A10DZH4;АПРИ БО-002Р-12;600;23.08.2026;1000;RUB;1000;25;20,55;20,55;;;;;;
RU000A10DY01;ГК Пионер БО 002P-02;2300;23.08.2026;1000;RUB;1000;;;;;;;;;
RU000A10DLE1;Газпром капитал БО-003Р-07;70000;23.08.2026;1000;RUB;1000;;;;;;;;;
RU000A10DLC5;ООО АСВ БО-04-001P;200;23.08.2026;1000;RUB;1000;25;20,55;20,55;;;;;;
RU000A10D9L8;АО Авто Финанс Банк БО-001Р-17;4000;23.08.2026;1000;RUB;1000;;;;;;;;;
RU000A10D9K0;АО Авто Финанс Банк БО-001Р-16;6000;23.08.2026;1000;RUB;1000;16,65;13,68;13,68;;;;;;
RU000A10CLD5;МСБ-Лизинг 003P-06;300;23.08.2026;1000;RUB;1000;23;18,9;18,9;;;;;;
RU000A10C758;ТД РКС 002Р-06;700;23.08.2026;1000;RUB;1000;25;20,55;20,55;;;;;;
RU000A10C741;Кокс ПАО 001P-04;1500;23.08.2026;1000;RUB;1000;21;17,26;17,26;;;;;;
RU000A10BQ03;Спектр БО-02;300;23.08.2026;1000;RUB;1000;27,5;22,6;22,6;;;;;;
RU000A10BPZ1;АФК Система БО 002Р-02;12000;23.08.2026;1000;RUB;1000;22,75;18,7;18,7;;;;;;
RU000A10BPX6;Спектр БО-01;115,544;23.08.2026;1000;RUB;1000;;;;;;;;;
RU000A10BJX9;Балтийский лизинг ООО БО-П16;4500;23.08.2026;1000;RUB;890;22,25;16,28;16,28;;;;;;
RU000A10BJ93;ГК Сегежа 003P-05R;10000;23.08.2026;1000;RUB;1000;;;;;;;;;
RU000A10B7D1;Центр-резерв БО-04;200;23.08.2026;1000;RUB;950;29,5;23,03;23,03;;;;;;
RU000A10AS02;ТГК-14 001Р-05;4500;23.08.2026;1000;RUB;1000;24,75;20,34;20,34;;;;;;
RU000A10ARZ9;ТГК-14 001Р-06;350;23.08.2026;1000;RUB;1000;;;;;;;;;
RU000A109ZQ8;Россети ПАО БО 001P-14R;23000;23.08.2026;1000;RUB;1000;;;;;;;;;
RU000A109RX1;ГазТрансСнаб БО-01;112,47;23.08.2026;1000;RUB;900;20,5;46;46;;;;;;
RU000A109NF7;ЯТЭК 001Р-04;1500;23.08.2026;1000;RUB;1000;;;;;;;;;
RU000A109MG7;ДОМ.РФ Ипотечный агент БО 1P50;29990,754;23.08.2026;1000;RUB;852,08;;;;;;;;;
RU000A109KC0;ИКС 5 ФИНАНС 003P-06;26000;23.08.2026;1000;RUB;1000;14,4;11,84;11,84;;;;;;
RU000A109DP7;ТАЛКлизинг001P-03;309,924;23.08.2026;1000;RUB;560;;;;;;;;;
RU000A1097C2;АРЕНЗА-ПРО 001P-05;300;23.08.2026;1000;RUB;700;;;;;;;;;
RU000A108L81;Полюс ПБО-04;150;23.08.2026;100;USD;100;6,2;0,51;39,3;;;;;;
RU000A108L65;АйДи Коллект 07;499,51;23.08.2026;1000;RUB;917;19;13,02;13,02;;;;;;
RU000A108GC0;ДОМ.РФ Ипотечный агент БО 1P44;59689,796;23.08.2026;1000;RUB;807,3;;;;;;;;;
RU000A108BD9;АЛЬФА-БАНК ЗО-400;262,414;23.08.2026;1000;USD;1000;5,9;14,75;1136,65;;;;;;
RU000A1082Y8;Синара Транспортные Машины 1P4;10000;23.08.2026;1000;RUB;1000;17,85;14,67;14,67;;;;;;
RU000A107UU5;Брусника 002Р-02;7500;23.08.2026;1000;RUB;750;21;13,38;13,38;;;;;;
RU000A107QM0;БИЗНЕС АЛЬЯНС 001P-04;444,321;23.08.2026;1000;RUB;1000;16;13,15;13,15;;;;;;
RU000A107QL2;БИЗНЕС АЛЬЯНС 001P-03;362,271;23.08.2026;1000;RUB;1000;;;;;;;;;
RU000A107C34;АйДи Коллект 06;2207,113;23.08.2026;1000;RUB;419;18;4,97;4,97;;;;;;
RU000A107C00;ИСТРИНСКАЯ СЫРОВАРНЯ БО-03;150;23.08.2026;1000;RUB;1000;;;;;;;;;
RU000A106YR5;ДОМ.РФ Ипотечный агент БО 1P37;29839,165;23.08.2026;1000;RUB;731,31;;;;;;;;;
RU000A106UW3;Каршеринг Руссия 001P-03;4500;23.08.2026;1000;RUB;1000;13,7;11,26;11,26;;;;;;
RU000A10FGZ1;ГПБ Финанс 001Р-06Р;35000;22.08.2026;1000;RUB;1000;;;;;;;;;
RU000A10FGX6;АО Авто Финанс Банк БО-001Р-19;10000;22.08.2026;1000;RUB;1000;14,2;11,67;11,67;;;;;;
RU000A10FGV0;Полюс ПБО-11;1600;22.08.2026;1000;CNY;1000;7,8;6,41;72,66;;;;;;
RU000A10FGU2;ВУШ БО 001P-07;1000;22.08.2026;1000;RUB;1000;22,5;18,49;18,49;;;;;;
RU000A10EY26;ФЛИТ 001Р-04;2000;22.08.2026;1000;RUB;919,3;16;11,56;11,56;;;;;;
RU000A10EXZ9;Озон 1P-02;15000;22.08.2026;1000;RUB;1000;;;;;;;;;
RU000A10ENA3;Йуми БО-01;250;22.08.2026;1000;RUB;1000;25;20,55;20,55;;;;;;
RU000A10EN78;БИЗНЕС АЛЬЯНС 001P-09;500;22.08.2026;1000;RUB;1000;23,5;19,32;19,32;;;;;;
RU000A10EN60;Ростелеком ПАО 001P-24R;15000;22.08.2026;1000;RUB;1000;13,9;11,42;11,42;;;;;;
RU000A10EN52;ВОСТОКОЙЛ-02;100;22.08.2026;1000;RUB;1000;26;21,37;21,37;;;;;;
RU000A10DYZ9;АСГ ТРАНСФОРМАТОРЕН БО-01;100;22.08.2026;1000;RUB;1000;24;19,73;19,73;;;;;;
RU000A10DYP0;ИКС 5 ФИНАНС 003P-15;20000;22.08.2026;1000;RUB;1000;14,5;11,92;11,92;;;;;;
RU000A10DK98;Балтийский лизинг ООО БО-П21;2500;22.08.2026;1000;RUB;1000;;;;;;;;;
RU000A10DK80;СОБИ-ЛИЗИНГ 001Р-08;1,657;22.08.2026;1000;RUB;880;;;;;;;;;
RU000A10CUB0;Биннофарм Групп 002Р-01;3500;22.08.2026;1000;RUB;1000;;;;;;;;;
RU000A10CU97;Лизинг-Трейд 001P-12;400;22.08.2026;1000;RUB;1000;23;18,9;18,9;;;;;;
RU000A10CU89;Селектел 001P-06R;6000;22.08.2026;1000;RUB;1000;15,4;12,66;12,66;;;;;;
RU000A10CU55;АФК Система БО 002Р-05;3000;22.08.2026;1000;RUB;1000;;;;;;;;;
RU000A10CU48;АФК Система БО 002Р-04;2000;22.08.2026;1000;RUB;1000;17;13,97;13,97;;;;;;
RU000A10CU30;Патриот Групп 001Р-02;300;22.08.2026;1000;RUB;1000;22;18,08;18,08;;;;;;
RU000A10CTX6;ВЭБ.РФ ПБО-002Р-54В;600;22.08.2026;1000;USD;1000;7,15;5,88;453,12;;;;;;
RU000A10CP11;СИНАРА-Капитал 001К-01;3000;22.08.2026;1000;RUB;1000;17;13,97;13,97;;;;;;
RU000A10CL64;ГК Сегежа 003P-07R;650;22.08.2026;100;CNY;100;13;1,07;12,13;;;;;;
RU000A10CL07;Магнит ПАО БО-004Р-09;13900;22.08.2026;1000;RUB;1000;13,3;10,93;10,93;;;;;;
RU000A10CKZ0;ЕвразХолдинг Финанс 003P-04;60000;22.08.2026;1000;RUB;1000;13,9;11,42;11,42;;;;;;
RU000A10CKY3;Группа ЛСР ПАО БО 001Р-11;5000;22.08.2026;1000;RUB;1000;16;13,15;13,15;;;;;;
RU000A10C725;МЕТАЛЛОИНВЕСТ 002P-01;55000;22.08.2026;1000;RUB;1000;;;;;;;;;
RU000A10C6Z5;ЛЕГЕНДА БО 002Р-04;2000;22.08.2026;1000;RUB;1000;20,25;16,64;16,64;;;;;;
RU000A10C6Y8;ЛЕГЕНДА БО 002Р-05;1500;22.08.2026;1000;RUB;1000;;;;;;;;;
RU000A10C6W2;ПАО Абрау – Дюрсо 002P-01;500;22.08.2026;1000;RUB;1000;15,5;12,74;12,74;;;;;;
RU000A10C6U6;МГКЛ-001Р-08;1000;22.08.2026;1000;RUB;1000;25,5;20,96;20,96;;;;;;
RU000A10C5Y0;ИКС 5 ФИНАНС 003P-13;11000;22.08.2026;1000;RUB;1000;14,1;11,59;11,59;;;;;;
RU000A10BPP2;Газпром капитал БО-003Р-14;650;22.08.2026;1000;USD;1000;7,25;5,96;459,28;;;;;;
RU000A10BPN7;Полипласт АО П02-БО-05;7700;22.08.2026;1000;RUB;1000;25,5;20,96;20,96;;;;;;
RU000A10BHX3;Сибирский КХП 001P-03;150;22.08.2026;1000;RUB;1000;25,5;20,96;20,96;;;;;;
RU000A10AZN8;Органик парк БО-П01;100;22.08.2026;1000;RUB;1000;29,5;24,25;24,25;;BB+;;;;
RU000A10ATW2;Балтийский лизинг ООО БО-П15;6000;22.08.2026;1000;RUB;875;23,7;17,04;17,04;;;;;;
RU000A10AT27;ИКС 5 ФИНАНС 003P-10;10000;22.08.2026;1000;RUB;1000;19,95;16,4;16,4;;;;;;
RU000A109NR2;БИЗНЕС АЛЬЯНС 001P-07;63,548;22.08.2026;1000;RUB;1000;24;19,73;19,73;;;;;;
RU000A109528;Россети ПАО БО 001P-13R;65000;22.08.2026;1000;RUB;1000;;;;;;;;;
RU000A107WF2;ПИР БО-01-001P;150;22.08.2026;1000;RUB;375;18,5;5,7;5,7;;;;;;
RU000A107WD7;Мани Капитал 001P-03;300;22.08.2026;1000;RUB;1000;15;12,33;12,33;;;;;;
RU000A106UK8;МигКредит БО-03;200;22.08.2026;1000;RUB;80;22,5;0,74;0,74;;;;;;
RU000A106UB7;Кириллица БО-03;300;22.08.2026;1000;RUB;1000;16,5;13,56;13,56;;;;;;
RU000A106UA9;СМАК БО-П02;60;22.08.2026;1000;RUB;900;15;11,1;11,1;;;;;;
RU000A10FGN7;ВТБ Лизинг 001Р-МБ-06;5000;21.08.2026;1000;RUB;1000;14,5;11,92;11,92;;;;;;
RU000A10F7L0;Атомэнергопром АО 001Р-12;80000;21.08.2026;1000;RUB;1000;13,7;34,16;34,16;;;;;;
RU000A10EXW6;Селигдар 001Р-11;3600;21.08.2026;1000;RUB;1000;15,75;12,95;12,95;;;;;;
RU000A10EXU0;ЛК АдвансТрак 001Р-03;500;21.08.2026;1000;RUB;1000;24;19,73;19,73;;;;;;
RU000A10EXS4;АГРОКЛУБ БО-01;200;21.08.2026;1000;RUB;1000;25;20,55;20,55;;;;;;
RU000A10EN37;КАМАЗ ПАО БО-П21;500;21.08.2026;1000;RUB;1000;;;;;;;;;
RU000A10EN29;КАМАЗ ПАО БО-П22;1000;21.08.2026;1000;RUB;1000;16;13,15;13,15;;;;;;
RU000A10EN11;РЖД БО 001P-52R;35000;21.08.2026;1000;RUB;1000;14,5;11,92;11,92;;;;;;
RU000A10EFL6;АЛЬФА-БАНК T2-CR-06;10000;21.08.2026;100000000;RUB;100000000;;;;;;;;;
RU000A10EDA4;ГПБ Финанс 001Р-10Р;26000;21.08.2026;1000;RUB;1000;;;;;;;;;
RU000A10ECG3;ТрансФин-М 003P-03;1000;21.08.2026;1000;RUB;1000;;;;;;;;;
RU000A10EAB8;АРЕНЗА-ПРО 001P-07;400;21.08.2026;1000;RUB;1000;19;16,14;16,14;;;;;;
RU000A10E5C4;АПРИ БО-002Р-13;2700;21.08.2026;1000;RUB;1000;24,5;20,14;20,14;;;;;;
RU000A10DYH7;ГПБ Финанс 001Р-07Р;20000;21.08.2026;1000;RUB;1000;;;;;;;;;
RU000A10DJP1;Банк ВТБ (ПАО) Б-1-385;2000;21.08.2026;1000;RUB;1000;;;;;;;;;
RU000A10DJM8;Аквилон-Лизинг БО-04-001P;100;21.08.2026;1000;RUB;840;22;46,07;46,07;;;;;;
RU000A10DJ18;Борец Капитал 001Р-03;1000;21.08.2026;1000;RUB;1000;18;14,79;14,79;;;;;;
RU000A10DJ00;Борец Капитал 001Р-04;5000;21.08.2026;1000;RUB;1000;;;;;;;;;
RU000A10DCN1;АЛЬФА-БАНК T2-CR-05;10000;21.08.2026;100000000;RUB;100000000;;;;;;;;;
RU000A10CTK3;АБ РОССИЯ 001P-01;15000;21.08.2026;1000;RUB;1000;;;;;;;;;
RU000A10CTJ5;БЭЛТИ-ГРАНД ООО БО-П08;250;21.08.2026;1000;RUB;1000;24;19,73;19,73;;;;;;
RU000A10CTH9;Полипласт АО П02-БО-11;220;21.08.2026;100;CNY;100;11,45;0,94;10,66;;;;;;
RU000A10CTG1;МИРРИКО БО-П05;435;21.08.2026;1000;RUB;1000;22,5;18,49;18,49;;;;;;
RU000A10CJ92;ПР-Лизинг ООО БО 002Р-03;2000;21.08.2026;1000;RUB;1000;20;16,44;16,44;;;;;;
RU000A10CFK2;СФО ТБ-4 класс А1;10000;21.08.2026;1000;RUB;1000;16;13,59;13,59;;;;;;
RU000A10BWC6;Группа Позитив 001Р-03;10000;21.08.2026;1000;RUB;1000;18;14,79;14,79;;;;;;
RU000A10BWA0;ВТБ Факторинг 001P-02;49000;21.08.2026;1000;RUB;1000;;;;;;;;;
RU000A10BW96;ГК Самолет БО-П18;15000;21.08.2026;1000;RUB;1000;24;19,73;19,73;;;;;;
RU000A10BW88;АйДи Коллект 001P-05;750;21.08.2026;1000;RUB;1000;25,25;20,75;20,75;;;;;;
RU000A10BW62;Мобильные ТелеСистемы 002P-12;15000;21.08.2026;1000;RUB;1000;13,25;10,89;10,89;;;;;;
RU000A10BW39;ВОКСИС-03;500;21.08.2026;1000;RUB;1000;24;19,73;19,73;;;;;;
RU000A10BNJ0;ЭН+ГИДРО 001РС-02;4575,799;21.08.2026;1000;CNY;1000;10;24,93;282,6;;;;;;
RU000A10AZG2;КЛВЗ КРИСТАЛЛ 001P-02;350;21.08.2026;1000;RUB;1000;28;23,01;23,01;;;;;;
RU000A10AZF4;КЛВЗ КРИСТАЛЛ 001P-03;42,689;21.08.2026;1000;RUB;1000;;;;;;;;;
RU000A10AYF7;Новые технологии 001Р-04;1100;21.08.2026;1000;RUB;1000;24,25;60,46;60,46;;;;;;
RU000A10AYD2;Новые технологии 001Р-03;700;21.08.2026;1000;RUB;1000;;;;;;;;;
RU000A10A6V6;Роял Капитал БО-01;50,367;21.08.2026;1000;RUB;1000;;;;;;;;;
RU000A109NM3;РЕГИНСПЕЦТРАНС-01;237,434;21.08.2026;1000;RUB;1000;23,5;19,32;19,32;;;;;;
RU000A1099W6;ПРОСТАЯ ЕДА 001Р-01;200;21.08.2026;1000;RUB;1000;23;57,34;57,34;;;;;;
RU000A1094X5;Газпром капитал БО-002Р-16;10000;21.08.2026;1000;RUB;1000;;;;;;;;;
RU000A1094W7;ХРОМОС Инжиниринг БО-02;250;21.08.2026;1000;RUB;1000;;;;;;;;;
RU000A1094T3;ДиректЛизинг БО 002Р-03;250;21.08.2026;1000;RUB;615,9;;;;;;;;;
RU000A108VW7;МКПАО ОК РУСАЛ БО-001P-09;30000;21.08.2026;1000;RUB;1000;;;;;;;;;
RU000A108FC2;ДОМ.РФ ПАО 002P-04;90000;21.08.2026;1000;RUB;1000;;;;;;;;;
RU000A107BH2;ИЛС БО-01-001P;300;21.08.2026;1000;RUB;1000;19;15,62;15,62;;;;;;
RU000A107AG6;Россети Центр ПАО 001Р-03;5000;21.08.2026;1000;RUB;1000;;;;;;;;;
RU000A107936;РЖД БО 001P-29R;45000;21.08.2026;1000;RUB;1000;12,55;31,29;31,29;;;;;;
RU000A106LZ5;СберИОС 001Р-578R 3Г AC SBER;123,694;21.08.2026;1000;RUB;1000;0,01;0,1;0,1;;;;;;
RU000A104DZ7;Сибнефтехимтрейд БО-02;350;21.08.2026;1000;RUB;857,2;;;;;;;;;
RU000A1043Q6;Банк ВТБ (ПАО) Б-1-270;6130,438;21.08.2026;1000;RUB;1000;0,01;0,02;0,02;;;;;;
RU000A1013N6;Пионер-Лизинг БО-П03;400;21.08.2026;1000;RUB;1000;20,25;16,64;16,64;;;;;;
RU000A1004W6;ДОМ.РФ ПАО 001Р-05R;10000;21.08.2026;1000;RUB;1000;15,4;76,79;76,79;;;;;;
RU000A0ZYVU5;ПАО НК Роснефть 002P-05;20000;21.08.2026;1000;RUB;1000;9;44,88;44,88;;;;;;
RU000A0NR9X6;Банк ВТБ С-1-631 (структурные);550,24;21.08.2026;1000;RUB;1000;0,01;0,3;0,3;;;;;;
RU000A0NR854;Банк ВТБ С-1-598 (структурные);0;21.08.2026;1000;RUB;1000;0,01;0,28;0,28;;;;;;
RU000A0NR7Z5;Банк ВТБ С-1-592 (структурные);0;21.08.2026;1000;RUB;1000;0,01;0,3;0,3;;;;;;
RU000A0JWRV9;Мобильные ТелеСистемы ПАО БО-2;10000;21.08.2026;1000;RUB;1000;15;74,79;74,79;;;;;;
RU000A10F7N6;Атомэнергопром АО 001Р-13;25000;20.08.2026;1000;RUB;1000;;;;;;;;;
RU000A10F7K2;ООО Л-Старт 002Р-01;100;20.08.2026;1000;RUB;1000;28,5;23,42;23,42;;;;;;
RU000A10F7J4;Республика Саха (Якутия) 34006;8700;20.08.2026;1000;RUB;1000;13,7;11,26;11,26;;;;;;
RU000A10F6Y5;Брусника 002Р-08;3250;20.08.2026;1000;RUB;1000;21,25;17,47;17,47;;;;;;
RU000A10EXK1;Мэйл.Ру Финанс 001P-03;7500;20.08.2026;1000;RUB;1000;;;;;;;;;
RU000A10EXJ3;Мэйл.Ру Финанс 001P-02;2500;20.08.2026;1000;RUB;1000;14,15;11,63;11,63;;;;;;
RU000A10EXG9;ПРОГРЕСС 001Р-01;250;20.08.2026;1000;RUB;1000;25;20,55;20,55;;;;;;
RU000A10EXF1;Группа Продовольствие БО-03;150;20.08.2026;1000;RUB;1000;23;18,9;18,9;;;;;;
RU000A10EMU3;ГТЛК БО 002P-12;30000;20.08.2026;1000;RUB;1000;16,25;13,36;13,36;;;;;;
RU000A10EMT5;ИЛИМ 001P-01;500;20.08.2026;1000;RUB;1000;;;;;;;;;
RU000A10EMS7;СелоЗеленое 001Р-03;6500;20.08.2026;1000;RUB;1000;;;;;;;;;
RU000A10EL88;ИКС 5 ФИНАНС 003P-19;20000;20.08.2026;1000;RUB;1000;;;;;;;;;
RU000A10EC14;Банк ВТБ (ПАО) Б-1-381;520,521;20.08.2026;1000;RUB;1000;13,9;34,65;34,65;;;;;;
RU000A10E4X3;ЕвроТранс БО-001Р-09;2500;20.08.2026;1000;RUB;1000;20;16,44;16,44;;;;;;
RU000A10E4U9;БЭЛТИ-ГРАНД ООО БО-П09;150;20.08.2026;1000;RUB;1000;19;15,62;15,62;;;;;;
RU000A10DYC8;ФПК 002Р-01;30000;20.08.2026;1000;RUB;1000;15,4;12,66;12,66;;;;;;
RU000A10DYB0;Россети Волга 001Р-01;2500;20.08.2026;1000;RUB;1000;;;;;;;;;
RU000A10DY92;АЛРОСА 002Р-01;20000;20.08.2026;1000;RUB;1000;;;;;;;;;
RU000A10DY84;МКООО Содружество Рус 001Р-01;500;20.08.2026;1000;RUB;1000;;;;;;;;;
RU000A10DY76;ГК Сегежа 003P-09R;20,902;20.08.2026;100;CNY;100;15;1,23;13,94;;;;;;
RU000A10DY50;ГК Сегежа 003P-08R;669,658;20.08.2026;1000;RUB;1000;24;19,73;19,73;;;;;;
RU000A10DY27;Артген БО-02;300;20.08.2026;1000;RUB;1000;21;17,26;17,26;;;;;;
RU000A10DJH8;АО ПКТ 002P-01;7500;20.08.2026;1000;RUB;1000;15,99;39,87;39,87;;;;;;
RU000A10DFJ2;Россельхозбанк БО-31-002Р;2470,719;20.08.2026;1000;RUB;1000;;;;;;;;;
RU000A10D806;ЕвразХолдинг Финанс 003P-05;225;20.08.2026;100;USD;100;8,25;0,68;52,4;;;;;;
RU000A10D7Z2;МСП Факторинг 001Р-01;1000;20.08.2026;1000;RUB;1000;;;;;;;;;
RU000A10CSX8;ИКС 5 ФИНАНС 003P-14;15000;20.08.2026;1000;RUB;1000;;;;;;;;;
RU000A10CJ84;Сибирское Стекло БО-02;300;20.08.2026;1000;RUB;1000;24,5;20,14;20,14;;;;;;
RU000A10CH03;Эфферон 001Р-01;300;20.08.2026;1000;RUB;1000;22;54,85;54,85;;;;;;
RU000A10BVY2;ВТБ Факторинг 001P-01;50000;20.08.2026;1000;RUB;1000;;;;;;;;;
RU000A10BVW6;ЕвроТранс 01;4000;20.08.2026;1000;RUB;1000;23;18,9;18,9;;;;;;
RU000A10BVT2;ЭнергоТехСервис 001Р-08;1000;20.08.2026;1000;RUB;1000;;;;;;;;;
RU000A10BUK3;ИКС 5 ФИНАНС 003P-12;15000;20.08.2026;1000;RUB;1000;15,55;12,78;12,78;;;;;;
RU000A10BP87;ПИР БО-03-001P;500;20.08.2026;1000;RUB;1000;30;24,66;24,66;;;;;;
RU000A10BP79;Мобильные ТелеСистемы 002P-11;15000;20.08.2026;1000;RUB;1000;19;15,62;15,62;;;;;;
RU000A10BP46;Страна Девелопмент 03;1000;20.08.2026;1000;RUB;1000;26,5;21,78;21,78;;;;;;
RU000A10BP38;Республика Саха (Якутия) 34005;7700;20.08.2026;1000;RUB;1000;;;;;;;;;
RU000A10B750;СибАвтоТранс 001Р-05;120;20.08.2026;1000;RUB;1000;26,5;21,78;21,78;;;;;;
RU000A10AZ60;РЖД БО 001P-38R;30000;20.08.2026;1000;RUB;1000;17,9;14,71;14,71;;;;;;
RU000A10AZ45;РЖД БО 001P-37R;28000;20.08.2026;1000;RUB;1000;19,5;16,03;16,03;;;;;;
RU000A10AQD8;БЭЛТИ-ГРАНД ООО БО-П07;100;20.08.2026;1000;RUB;633,7;25;12,34;12,34;;;;;;
RU000A10AND5;СберИОС 001Р-672R 3Г BSKRUS;535,663;20.08.2026;1000;RUB;1000;0,01;0,01;0,01;;;;;;
RU000A10AHU1;ОилРесурс 001P-01;2500;20.08.2026;1000;RUB;1000;33;27,12;27,12;;;;;;
RU000A10AGS7;АЛЬФА-Б C-1-576 (структурные);0;20.08.2026;1000;RUB;1000;0,01;0,15;0,15;;;;;;
RU000A10AGG2;АЛЬФА-Б C-1-566 (структурные);0;20.08.2026;1000;RUB;1000;0,01;0,15;0,15;;;;;;
RU000A109XR1;Акрон (ПАО) БО-001P-05;12000;20.08.2026;1000;RUB;900;;;;;;;;;
RU000A108GR8;Ростелеком ПАО 001P-07R;15000;20.08.2026;1000;RUB;1000;;;;;;;;;
RU000A108GN7;АФК Система БО 001Р-30;12000;20.08.2026;1000;RUB;1000;;;;;;;;;
RU000A108GL1;АФК Система БО 001Р-29;12000;20.08.2026;1000;RUB;1000;;;;;;;;;
RU000A108D81;ЕвроТранс 002Р-02;800;20.08.2026;1000;RUB;1000;15,5;12,74;12,74;;;;;;
RU000A107F49;ГПБ (АО) БО 005Р-02Р;12696,723;20.08.2026;1000;RUB;1000;;;;;;;;;
RU000A1078Y6;ЭкономЛизинг 001Р-06;100;20.08.2026;1000;RUB;1000;16;39,89;39,89;;;;;;
RU000A107464;СберИОС 001Р-590R 5Г AC MOEXFN;823,095;20.08.2026;1000;RUB;1000;0,01;0,01;0,01;;;;;;
RU000A106ZQ4;Феррум БП1;102,313;20.08.2026;1000;RUB;1000;21,5;17,67;17,67;;;;;;
RU000A106S52;Газпром капитал БО-002Р-06;40000;20.08.2026;1000;RUB;1000;;;;;;;;;
RU000A106S37;Газпром капитал БО-002Р-05;40000;20.08.2026;1000;RUB;1000;;;;;;;;;
RU000A106S29;Газпром капитал БО-002Р-04;40000;20.08.2026;1000;RUB;1000;;;;;;;;;
RU000A105H98;Эфферон 01;150;20.08.2026;1000;RUB;750;12,5;23,37;23,37;;;;;;
RU000A104DK9;Банк ВТБ (ПАО) Б-1-299;1002,136;20.08.2026;1000;RUB;1000;0,01;0,05;0,05;;;;;;
RU000A104DJ1;Банк ВТБ (ПАО) Б-1-298;65,694;20.08.2026;1000;RUB;1000;0,01;0,05;0,05;;;;;;
RU000A101GD3;ГТЛК БО 001P-16;10000;20.08.2026;1000;RUB;250;6,95;4,33;4,33;;;;;;
RU000A1013U1;Славнефть БО 001Р-03;10000;20.08.2026;1000;RUB;1000;15,95;39,77;39,77;;;;;;
RU000A100DZ5;ИКБ Совкомбанк ПАО обл. БО-П01;9924,036;20.08.2026;1000;RUB;1000;15;37,4;37,4;;;;;;
RU000A10F751;Минфин Ульяновской обл. 34013;6000;19.08.2026;1000;RUB;1000;14,25;11,71;11,71;;;;;;
RU000A10EX68;Элемент Лизинг БО 001Р-11;2000;19.08.2026;1000;RUB;958,4;;;;;;;;;
RU000A10EX35;ИНТЕРФУД-БО-01;50;19.08.2026;1000;RUB;1000;26;21,37;21,37;;;;;;
RU000A10EL70;ИКС 5 ФИНАНС 003P-18;11000;19.08.2026;1000;RUB;1000;13,5;11,1;11,1;;;;;;
RU000A10ECK5;СИБУР Холдинг 001Р-09;250;19.08.2026;100;USD;100;7,5;0,62;47,78;;;;;;
RU000A10ECC2;Промсвязьбанк 004P-03;15000;19.08.2026;1000;RUB;1000;;;;;;;;;
RU000A10ECA6;ЛК АдвансТрак 001Р-02;500;19.08.2026;1000;RUB;1000;24;19,73;19,73;;;;;;
RU000A10EA40;ГК Азот 001Р-02;17000;19.08.2026;1000;RUB;1000;16,5;13,56;13,56;;;;;;
RU000A10DXM9;ТЕХНОЛОГИЯ БО-03;42,382;19.08.2026;1000;RUB;1000;23,5;19,32;19,32;;;;;;
RU000A10DEN7;Томская область 34075;8000;19.08.2026;1000;RUB;1000;16,2;13,32;13,32;;;;;;
RU000A10CT74;ФЕРА 001Р-01;100;19.08.2026;1000;RUB;820;21;13,64;13,64;;;;;;
RU000A10CT41;Ростелеком ПАО 001P-20R;15000;19.08.2026;1000;RUB;1000;;;;;;;;;
RU000A10CT25;Газпром капитал БО-003Р-17;20000;19.08.2026;1000;RUB;1000;;;;;;;;;
RU000A10CT09;Интел Коллект БО-01;500;19.08.2026;1000;RUB;900;25;18,49;18,49;;;;;;
RU000A10CSZ3;Газпром капитал ООО БО-003Р-16;20000;19.08.2026;1000;RUB;1000;;;;;;;;;
RU000A10CCJ1;Славянск ЭКО 001Р-04;10;19.08.2026;100;USD;100;13;1,1;84,77;;;;;;
RU000A10C6P6;АО Авто Финанс Банк БО-001Р-15;10000;19.08.2026;1000;RUB;1000;16,75;13,77;13,77;;;;;;
RU000A10C6M3;Уралкуз 001Р-01;1000;19.08.2026;1000;RUB;1000;20;16,44;16,44;;;;;;
RU000A10C6F7;ГТЛК БО 002P-09;20000;19.08.2026;1000;RUB;1000;16,75;13,77;13,77;;;;;;
RU000A10BW70;Томская область 34074;5000;19.08.2026;1000;RUB;1000;18,25;15;15;;;;;;
RU000A10BVF1;СибАвтоТранс 001Р-06;230;19.08.2026;1000;RUB;1000;26;21,37;21,37;;;;;;
RU000A10BB26;АЛЬФА-Б C-1-661 (структурные);0;19.08.2026;1000;RUB;1000;0,01;0,1;0,1;;;;;;
RU000A10B735;МСБ-Лизинг 003P-04;200;19.08.2026;1000;RUB;1000;26,5;21,78;21,78;;;;;;
RU000A10B727;МСБ-Лизинг 003P-05;200;19.08.2026;1000;RUB;1000;;;;;;;;;
RU000A10B6K8;ТЕХНОЛОГИЯ БО-02;200;19.08.2026;1000;RUB;1000;28;23,01;23,01;;;;;;
RU000A10AYW2;Полипласт АО П02-БО-02;2100;19.08.2026;1000;RUB;1000;;;;;;;;;
RU000A10AYU6;МФК Мани Мен БО-01;500;19.08.2026;1000;RUB;1000;26,5;21,78;21,78;;;;;;
RU000A10AHJ4;Группа Позитив 001Р-02;4800;19.08.2026;1000;RUB;1000;;;;;;;;;
RU000A10AC75;Томская область 34072;10000;19.08.2026;1000;RUB;750;26;16,03;16,03;;;;;;
RU000A10A5H7;ГТЛК БО 002P-06;4000;19.08.2026;1000;RUB;1000;;;;;;;;;
RU000A109U97;ДОМ.РФ ПАО 002P-05;101000;19.08.2026;1000;RUB;1000;;;;;;;;;
RU000A109KL1;Банк ВТБ (ПАО) Б-1-359;2052,377;19.08.2026;1000;RUB;1000;14,5;12,32;12,32;;;;;;
RU000A109B82;БИЗНЕС АЛЬЯНС 001P-06;211,995;19.08.2026;1000;RUB;1000;;;;;;;;;
RU000A1097R0;СберИОС 001Р-642R 5Г AC СБЕР;409,534;19.08.2026;1000;RUB;1000;0,01;0,01;0,01;;;;;;
RU000A1094F2;ГруппаЧеркизово БО-001Р-07;7000;19.08.2026;1000;RUB;1000;;;;;;;;;
RU000A108Z10;СберИОС 001Р-634R 5Г AC MOEXIT;133,947;19.08.2026;1000;RUB;1000;0,01;0,01;0,01;;;;;;
RU000A108Z02;СберИОС 001Р-633R 5Г AC СБЕР;751,821;19.08.2026;1000;RUB;1000;0,01;0,01;0,01;;;;;;
RU000A108KU4;А101 БО-001Р-01;500;19.08.2026;1000;RUB;1000;17;13,97;13,97;;;;;;
RU000A108G70;НОВАТЭК 001P-02;750;19.08.2026;100;USD;100;6,25;1,56;120,22;;;;;;
RU000A108DG8;СберИОС 001Р-620R 5Г AC TCSG;474,64;19.08.2026;1000;RUB;1000;0,01;0,01;0,01;;;;;;
RU000A107TT9;ГТЛК БО 002P-03;7500;19.08.2026;1000;RUB;1000;16,8;41,88;41,88;;;;;;
RU000A107TH4;АЛЬФА-БАНК Б2Р26;11000;19.08.2026;1000;RUB;1000;13,8;34,41;34,41;;;;;;
RU000A107J45;СберИОС 001Р-601R 5Г AC MOEXMM;1562,498;19.08.2026;1000;RUB;1000;0,01;0,01;0,01;;;;;;
RU000A1078S8;Мобильные ТелеСистемы 002P-02;13500;19.08.2026;1000;RUB;1000;;;;;;;;;
RU000A106QL4;СберИОС 001Р-580R 5Г AC IMOEX;464,403;19.08.2026;1000;RUB;1000;0,01;0,01;0,01;;;;;;
RU000A106L18;СберИОС 001Р-577R 5Г AC MOEXOG;364,256;19.08.2026;1000;RUB;1000;0,01;0,01;0,01;;;;;;
RU000A1069N8;ГМК Нор.никель БО-09;60000;19.08.2026;1000;RUB;1000;;;;;;;;;
RU000A105W08;МЕТАЛЛОИНВЕСТ 001P-04;7000;19.08.2026;1000;RUB;1000;;;;;;;;;
RU000A105VU7;Эталон-Финанс 002Р-01;10000;19.08.2026;1000;RUB;1000;21;52,36;52,36;;;;;;
RU000A1043Z7;Биннофарм Групп 001Р-01;3000;19.08.2026;1000;RUB;1000;15;37,4;37,4;;;;;;
RU000A103VD8;МСБ-Лизинг 002P-05;96,142;19.08.2026;1000;RUB;83,26;12,25;0,56;0,56;;;;;;
RU000A10FGE6;ИЭК ХОЛДИНГ 001Р-05;2500;18.08.2026;1000;RUB;1000;15,75;12,95;12,95;;;;;;
RU000A10FGC0;Газпром нефть 005Р-10R;110000;18.08.2026;1000;RUB;1000;;;;;;;;;
RU000A10FEB7;МКПАО ЯНДЕКС 001Р-05;20000;18.08.2026;1000;RUB;1000;13,4;11,01;11,01;;;;;;
RU000A10FEA9;МКПАО ЯНДЕКС 001Р-04;40000;18.08.2026;1000;RUB;1000;;;;;;;;;
RU000A10F728;Газпром капитал ООО БО-003Р-22;3000;18.08.2026;1000;CNY;1000;7,85;6,45;73,12;;;;;;
RU000A10F710;Южноуральский ЛЦ 001Р-02;250;18.08.2026;1000;RUB;1000;23,5;19,32;19,32;;;;;;
RU000A10F6V1;Реиннольц 001Р-05;300;18.08.2026;1000;RUB;1000;25,5;63,58;63,58;;;;;;
RU000A10EWL1;Почта России 003P-05;15000;18.08.2026;1000;RUB;1000;17,15;14,1;14,1;;;;;;
RU000A10EC48;ПКО СЗА БО-06;145;18.08.2026;1000;RUB;1000;25,5;20,96;20,96;;;;;;
RU000A10EC22;Селигдар 001Р-10;3500;18.08.2026;1000;RUB;1000;16,65;13,68;13,68;;;;;;
RU000A10E4G8;МФК ПСБ Финанс 002P-02;500;18.08.2026;1000;RUB;1000;;;;;;;;;
RU000A10E4F0;Ломбард 888 БО-01;200;18.08.2026;1000;RUB;1000;25;20,55;20,55;;;;;;
RU000A10DJV9;Совкомфлот 001Р-02;200;18.08.2026;1000;USD;1000;7,55;6,21;478,55;;;;;;
RU000A10DJS5;ПКО СЗА БО-05;250;18.08.2026;1000;RUB;1000;25,5;20,96;20,96;;;;;;
RU000A10DG52;Моторные технологии БО-01-002P;300;18.08.2026;1000;RUB;1000;25;62,33;62,33;;;;;;
RU000A10DA74;Эталон-Финанс 002Р-04;10000;18.08.2026;1000;RUB;1000;20;16,44;16,44;;;;;;
RU000A10CST6;СКС ЛОМБАРД БО-02;250;18.08.2026;1000;RUB;1000;27;22,19;22,19;;;;;;
RU000A10CSR0;ГЛАВСНАБ БО-01;200;18.08.2026;1000;RUB;1000;23,5;19,32;19,32;;;;;;
RU000A10CSQ2;НоваБев Групп 003Р-01;7000;18.08.2026;1000;RUB;1000;14,5;11,92;11,92;;;;;;
RU000A10C6Q4;СберИОС 001Р-749R 3Y1M ОФЗ;996,86;18.08.2026;1000;RUB;1000;0,01;0,1;0,1;;;;;;
RU000A10C634;ВИС ФИНАНС БО-П09;2500;18.08.2026;1000;RUB;1000;17;13,97;13,97;;;;;;
RU000A10C626;ЛК Роделен БО 002P-04;350;18.08.2026;1000;RUB;833,5;;;;;;;;;
RU000A10C618;Магнит ПАО БО-004Р-08;75000;18.08.2026;1000;RUB;1000;14,95;12,29;12,29;;;;;;
RU000A10C5Z7;МОНОПОЛИЯ 001P-06;500;18.08.2026;1000;RUB;1000;24,75;20,34;20,34;;;;;;
RU000A10C402;Банк ВТБ С-1-1568 структурные;0;18.08.2026;1000;RUB;1000;0,01;0,05;0,05;;;;;;
RU000A10BV89;Арктик Технолоджи Сервис БО-01;150;18.08.2026;1000;RUB;1000;28;23,01;23,01;;;;;;
RU000A10BV71;Полипласт АО П02-БО-07;25;18.08.2026;100;USD;100;13,2;1,08;83,23;;;;;;
RU000A10BV55;НОВАТЭК 001Р-04;350;18.08.2026;1000;USD;1000;7,5;6,16;474,7;;;;;;
RU000A10BV22;Республика Башкортостан 34015;7000;18.08.2026;1000;RUB;1000;16,25;13,36;13,36;;;;;;
RU000A10BUN7;ДиректЛизинг БО 002Р-05;200;18.08.2026;1000;RUB;799,6;27;17,37;17,37;;;;;;
RU000A10BUM9;ЭнергоТехСервис 001Р-07;1000;18.08.2026;1000;RUB;1000;21;17,26;17,26;;;;;;
RU000A10BGY3;Мобильные ТелеСистемы 002P-10;15000;18.08.2026;1000;RUB;1000;;;;;;;;;
RU000A10BGW7;Первое кол.бюро НАО 001Р-08;2000;18.08.2026;1000;RUB;1000;;;;;;;;;
RU000A10BGU1;Первое кол.бюро НАО 001Р-07;1000;18.08.2026;1000;RUB;1000;24,5;20,14;20,14;;;;;;
RU000A10BFQ1;АЛЬФА-БАНК T2-CR-03;6000;18.08.2026;100000000;RUB;100000000;;;;;;;;;
RU000A10BBQ0;СберИОС 001Р-705R 5Г BSKRUS;264,53;18.08.2026;1000;RUB;1000;0,01;0,02;0,02;;;;;;
RU000A10B5M6;Агродом БО-02;80;18.08.2026;1000;RUB;800;15;8,63;8,63;;;;;;
RU000A10AYM3;Уралкалий ПАО ПБО-07-P;1000;18.08.2026;1000;RUB;1000;;;;;;;;;
RU000A10AN80;СберИОС 001Р-670R 5Г BSKRUS;2000;18.08.2026;1000;RUB;1000;0,01;0,01;0,01;;;;;;
RU000A10AHE5;Новые технологии 001Р-02;1150;18.08.2026;1000;RUB;1000;27,5;22,6;22,6;;;;;;
RU000A10AHD7;Кокс ПАО 001P-01;1200;18.08.2026;1000;RUB;1000;19,75;16,23;16,23;;;;;;
RU000A10AHC9;РЕСО-Лизинг ООО БО-П-23;5000;18.08.2026;1000;RUB;1000;24,5;20,14;20,14;;;;;;
RU000A10AHB1;Новые технологии 001Р-01;600;18.08.2026;1000;RUB;1000;;;;;;;;;
RU000A10AHA3;ИКС 5 ФИНАНС 003P-07;21000;18.08.2026;1000;RUB;1000;13,25;10,89;10,89;;;;;;
RU000A10A554;АПРИ БО-002Р-06;30,95;18.08.2026;1000;RUB;1000;22;18,08;18,08;;;;;;
RU000A10A3W1;Балтийский лизинг ООО БО-П14;9000;18.08.2026;1000;RUB;1000;;;;;;;;;
RU000A10A3Q3;АНТЕРРА-03;350;18.08.2026;1000;RUB;1000;30;74,79;74,79;;;;;;
RU000A10A182;СберИОС 001Р-660R 5Г BSKRUS;826,755;18.08.2026;1000;RUB;1000;0,01;0,01;0,01;;;;;;
RU000A10A026;АРЕНЗА-ПРО 001P-06;185;18.08.2026;1000;RUB;800;;;;;;;;;
RU000A109NA8;СОЛИД СпецАвтоТехЛизинг 01;500;18.08.2026;1000;RUB;580;24;11,05;11,05;;;;;;
RU000A109B33;Газпром нефть БО 003P-13R;55000;18.08.2026;1000;RUB;1000;;;;;;;;;
RU000A1097A6;СберИОС 001Р-641R 5Г AC Яндекс;111,507;18.08.2026;1000;RUB;1000;0,01;0,01;0,01;;;;;;
RU000A1093L2;ВЭБ.РФ ПБО-002Р-46;45000;18.08.2026;1000;RUB;1000;;;;;;;;;
RU000A108KK5;СОБИ-ЛИЗИНГ 001Р-05;82,352;18.08.2026;1000;RUB;516;19,25;7,82;7,82;;;;;;
RU000A108FX8;ЭН+ГИДРО 001РС-05;1100;18.08.2026;1000;CNY;1000;8,1;20,19;228,87;;;;;;
RU000A108FS8;АНТЕРРА БО-02;250;18.08.2026;1000;RUB;1000;20;49,86;49,86;;;;;;
RU000A108E64;СберИОС 001Р-622R 5Г AC SBER;1117,95;18.08.2026;1000;RUB;1000;0,01;0,01;0,01;;;;;;
RU000A1080W6;СберИОС 001Р-612R 5Г AC CHMF;537,778;18.08.2026;1000;RUB;1000;0,01;0,01;0,01;;;;;;
RU000A107TD3;НПП Моторные технологии001Р-04;220;18.08.2026;1000;RUB;1000;18;44,88;44,88;;;;;;
RU000A107TB7;Боржоми Финанс 001P-02;5000;18.08.2026;1000;RUB;1000;17,25;43,01;43,01;;;;;;
RU000A107SR5;СберИОС 001Р-605R 5Г AC LKOH;430,743;18.08.2026;1000;RUB;1000;0,01;0,01;0,01;;;;;;
RU000A107PW1;МФК Быстроденьги 002Р-05;300;18.08.2026;1000;RUB;1000;22;18,08;18,08;;;;;;
RU000A1075S4;ИКС 5 ФИНАНС 003Р-02;20000;18.08.2026;1000;RUB;1000;;;;;;;;;
RU000A1075R6;Регион-Продукт БО 001Р-04;100;18.08.2026;1000;RUB;1000;19;15,62;15,62;;;;;;
RU000A106ZM3;СФО Орион Финанс 01;520;18.08.2026;1000;RUB;179,6;10;4,48;4,48;;;;;;
RU000A105WZ4;Лизинг-Трейд 001P-07;150;18.08.2026;1000;RUB;833,6;14,5;9,44;9,44;;;;;;
RU000A105VQ5;Россети ПАО БО 001P-08R;12000;18.08.2026;1000;RUB;1000;15,8;39,39;39,39;;;;;;
RU000A105492;ЭНЕРГОНИКА 001Р-03;100;18.08.2026;1000;RUB;500;13;16,21;16,21;;;;;;
RU000A1043K9;Нижегородская область 35016;15000;18.08.2026;1000;RUB;700;9,25;16,14;16,14;;;;;;
RU000A1043J1;Славнефть БО 002Р-03;15000;18.08.2026;1000;RUB;1000;16,65;41,51;41,51;;;;;;
RU000A104081;Банк ВТБ (ПАО) Б-1-269;96,16;18.08.2026;1000;RUB;1000;0,01;0,02;0,02;;;;;;
RU000A0JX090;ФСК Россети(ПАО) БО-02;10000;18.08.2026;1000;RUB;1000;8,45;21,07;21,07;;;;;;
XS2393688598;SovCom  Capital UNTD;300;17.08.2026;1000;USD;1000;2;;;;;;;;
RU000A10FG84;АЛИУМ01Р1;4000;17.08.2026;1000;RUB;1000;17,5;14,38;14,38;;;;;;
RU000A10FG76;ОДК 001P-03;11000;17.08.2026;1000;RUB;1000;16,5;13,56;13,56;;;;;;
RU000A10FG68;ОДК 001P-04;1000;17.08.2026;1000;RUB;1000;;;;;;;;;
RU000A10F6U3;РусГидро БО-002Р-13;55000;17.08.2026;1000;RUB;1000;;;;;;;;;
RU000A10EML2;ВТБ Лизинг 001Р-МБ-05;5000;17.08.2026;1000;RUB;915;15,5;11,66;11,66;;;;;;
RU000A10EMJ6;ТЕХНО Лизинг 001Р-08;476;17.08.2026;1000;RUB;1000;24;19,73;19,73;;;;;;
RU000A10EMG2;НоваБев Групп 003Р-03;7000;17.08.2026;1000;RUB;1000;14,5;11,92;11,92;;;;;;
RU000A10EMF4;Первое кол.бюро НАО 001Р-10;1850;17.08.2026;1000;RUB;1000;;;;;;;;;
RU000A10EBE0;Ростелеком ПАО 001P-23R;20000;17.08.2026;1000;RUB;1000;14,55;11,96;11,96;;;;;;
RU000A10EB07;МСБ-Лизинг 003P-07;400;17.08.2026;1000;RUB;1000;21;17,26;17,26;;;;;;
RU000A10DLV5;ГМК Нор.никель БО-001Р-16;4000;17.08.2026;1000;CNY;1000;7;5,75;65,18;;;;;;
RU000A10DJA3;Нижегородская область 34017;15000;17.08.2026;1000;RUB;1000;;;;;;;;;
RU000A10DC15;АВТОБАН-Финанс АО БО-П07;5000;17.08.2026;1000;RUB;1000;;;;;;;;;
RU000A10D541;РЖД БО 001P-47R;20000;17.08.2026;1000;RUB;1000;15,85;13,03;13,03;;;;;;
RU000A10D4W6;Село Зеленое 001Р-01;3000;17.08.2026;1000;RUB;1000;;;;;;;;;
RU000A10D4V8;АйДи Коллект 001P-06;1250;17.08.2026;1000;RUB;1000;22,5;18,49;18,49;;;;;;
RU000A10D4S4;ПЭТ ПЛАСТ 001Р-01;165;17.08.2026;1000;RUB;1000;26;21,37;21,37;;;;;;
RU000A10CTP2;СберИОС 001Р-759R 5Г AC LKOH;48,431;17.08.2026;1000;RUB;1000;0,01;0,01;0,01;;;;;;
RU000A10CHX1;МГКЛ-G01;47,316;17.08.2026;8602,98;RUB;10068,85;14;112,61;112,61;;;;;;
RU000A10C5U8;ГИДРОМАШСЕРВИС АО 001Р-05;3000;17.08.2026;1000;RUB;1000;;;;;;;;;
RU000A10C5T0;ГИДРОМАШСЕРВИС АО 001Р-04;1000;17.08.2026;1000;RUB;1000;17;13,97;13,97;;;;;;
RU000A10C5P8;ПИР БО-04-001P;300;17.08.2026;1000;RUB;1000;28,5;23,42;23,42;;;;;;
RU000A10BGJ4;Аэрофлот П02-БО-01;45000;17.08.2026;1000;RUB;1000;;;;;;;;;
RU000A10BGH8;Акрон (ПАО) БО-001P-08;200;17.08.2026;1000;USD;1000;7,95;6,53;503,21;;;;;;
RU000A10BGF2;РЖД БО 001P-42R;30000;17.08.2026;1000;RUB;1000;17,4;14,3;14,3;;;;;;
RU000A10BGE5;С-ПРИНТ БО-01;150;17.08.2026;1000;RUB;1000;32;26,3;26,3;;;;;;
RU000A10BGC9;МФК Мани Мен БО-02-01;1400;17.08.2026;1000;RUB;1000;25,5;20,96;20,96;;;;;;
RU000A10B5C7;ТАЛК002P-01;274,387;17.08.2026;1000;RUB;840;;;;;;;;;
RU000A10B5A1;БИАНКА ПРЕМИУМ БО-02;180;17.08.2026;1000;RUB;1000;28,5;23,42;23,42;;;;;;
RU000A10AG48;АПРИ БО-002Р-08;625;17.08.2026;1000;RUB;1000;24;19,73;19,73;;;;;;
RU000A10AG22;ЭН+ГИДРО 001РС-06;7000;17.08.2026;1000;RUB;1000;;;;;;;;;
RU000A10AC67;ВОКСИС-01;100;17.08.2026;1000;RUB;1000;;;;;;;;;
RU000A10A8N9;СФО ПБ Сервис Финанс;225696,702;17.08.2026;999,59;RUB;707,27;17,5;9,94;9,94;;;;;;
RU000A10A539;Банк ДОМ.РФ СУБ-T2-2;20000;17.08.2026;10000000;RUB;10000000;15;123287,67;123287,67;;;;;;
RU000A109DT9;Росагролизинг 002P-03;5000;17.08.2026;1000;RUB;1000;;;;;;;;;
RU000A108U72;Первое кол.бюро НАО 001Р-05;3000;17.08.2026;1000;RUB;1000;;;;;;;;;
RU000A108Q60;СберИОС 001Р-626R 5Г AC TRNFP;420,267;17.08.2026;1000;RUB;1000;0,01;0,01;0,01;;;;;;
RU000A107T76;АВТОДОМ АО 001P-02;5000;17.08.2026;1000;RUB;1000;17;42,38;42,38;;;;;;
RU000A107T27;Газпром капитал БО-002Р-12;25000;17.08.2026;1000;RUB;1000;;;;;;;;;
RU000A107SX3;ЭкономЛизинг 001Р-07;92,998;17.08.2026;1000;RUB;1000;16;39,89;39,89;;;;;;
RU000A107RW7;СберИОС 001Р-603R 5Г AC CHMF;490,227;17.08.2026;1000;RUB;1000;0,01;0,01;0,01;;;;;;
RU000A107D25;СФО Оптимум Финанс 01;208400;17.08.2026;1000;RUB;165,41;13,5;1,69;1,69;;;;;;
RU000A107B84;Совкомбанк СЗО-01;116,426;17.08.2026;1000;USD;1000;7,6;19;1464,16;;;;;;
RU000A107AZ6;МФК Саммит 001Р-02;150;17.08.2026;1000;RUB;209,6;15;2,07;2,07;;;;;;
RU000A106TS3;Вымпел-Коммуникации 003Р-02;21,08;17.08.2026;1000;RUB;1000;10,55;26,3;26,3;;;;;;
RU000A106TR5;Вымпел-Коммуникации 003Р-03;9133,707;17.08.2026;1000;RUB;1000;9,85;24,56;24,56;;;;;;
RU000A106RT5;Газпром капитал БО-002Р-03;40000;17.08.2026;1000;RUB;1000;;;;;;;;;
RU000A106RS7;Газпром капитал БО-002Р-02;40000;17.08.2026;1000;RUB;1000;;;;;;;;;
RU000A106RR9;Газпром капитал БО-002Р-01;40000;17.08.2026;1000;RUB;1000;;;;;;;;;
RU000A106RJ6;ООО Озон 001Р-02;700;17.08.2026;1000;RUB;1000;13;32,41;32,41;;;;;;
RU000A106GB6;Лизинг-Трейд 001P-09;300;17.08.2026;1000;RUB;1000;14;11,03;11,03;;;;;;
RU000A105WP5;Вымпел-Коммуникации 001Р-07;13912,712;17.08.2026;1000;RUB;1000;9,85;24,56;24,56;;;;;;
RU000A105W81;Вымпел-Коммуникации 001Р-05;7210,829;17.08.2026;1000;RUB;1000;9,35;23,31;23,31;;;;;;
RU000A105TY3;Вымпел-Коммуникации 001Р-06;21795,314;17.08.2026;1000;RUB;1000;10,55;26,3;26,3;;;;;;
RU000A105765;Банк ВТБ С-1-283 (структурные);0;17.08.2026;1000;RUB;1000;0;;;;;;;;
RU000A103DY2;БЭЛТИ-ГРАНД ООО БО-П04;250;17.08.2026;1000;RUB;280;12,25;2,16;2,16;;;;;;
RU000A0NR3J8;Сбер CIB-CO-518 (структурные);0;17.08.2026;1000;RUB;1000;0,01;0,28;0,28;;;;;;
RU000A10FEY9;СмартФакт БО-04-001Р;150;16.08.2026;1000;RUB;1000;;;;;;;;;
RU000A10EAS2;ТМК 002P-01;19000;16.08.2026;1000;RUB;1000;6,6;5,42;5,42;;;;;;
RU000A10EAQ6;КРОНОС БО-01;200;16.08.2026;1000;RUB;1000;27;22,19;22,19;;;;;;
RU000A10EAM5;ГТЛК БО 001P-22;100;16.08.2026;100;USD;100;9,5;0,78;60,11;;;;;;
RU000A10DX69;СибАвтоТранс 001Р-07;300;16.08.2026;1000;RUB;1000;26;21,37;21,37;;;;;;
RU000A10DHX9;ИНАРКТИКА 002Р-04;700;16.08.2026;1000;RUB;1000;15,75;12,95;12,95;;;;;;
RU000A10DHV3;ИНАРКТИКА 002Р-05;2300;16.08.2026;1000;RUB;1000;;;;;;;;;
RU000A10DHT7;ДельтаЛизинг 001Р-03;5500;16.08.2026;1000;RUB;1000;17,15;14,1;14,1;;;;;;
RU000A10D4P0;Южуралзолото 001P-05;40;16.08.2026;100;USD;100;9;0,74;57,03;;;;;;
RU000A10CH37;Денум Солюшнз 001Р-02;200;16.08.2026;1000;RUB;1000;24,5;20,14;20,14;;;;;;
RU000A10CH11;Полипласт АО П02-БО-09;36,25;16.08.2026;100;USD;100;11,25;0,92;70,9;;;;;;
RU000A10C5L7;Селигдар 001Р-04;12500;16.08.2026;1000;RUB;1000;19;15,62;15,62;;;;;;
RU000A10C5K9;Селигдар 001Р-05;1000;16.08.2026;1000;RUB;1000;;;;;;;;;
RU000A10C5J1;ТАЛАН-ФИНАНС БО 001Р-04;3000;16.08.2026;1000;RUB;1000;;;;;;;;;
RU000A10C5F9;ГруппаЧеркизово БО-002P-02;10000;16.08.2026;1000;RUB;1000;;;;;;;;;
RU000A10C5B8;Денум Солюшнз 001Р-01;100;16.08.2026;1000;RUB;1000;27;22,19;22,19;;;;;;
RU000A10BNM4;АБЗ-1 002P-03;2500;16.08.2026;1000;RUB;1000;25,5;20,96;20,96;;;;;;
RU000A10BNK8;ЭНЕРГОНИКА 001Р-06;300;16.08.2026;1000;RUB;1000;27;22,19;22,19;;;;;;
RU000A10BNF8;РусГидро (ПАО) БО-П13;15000;16.08.2026;1000;RUB;1000;17,35;14,26;14,26;;;;;;
RU000A10BNE1;СИМПЛ 001Р-03;1000;16.08.2026;1000;RUB;1000;22,5;18,49;18,49;;;;;;
RU000A10BG62;ГПБ Финанс 001Р-03Р;5000;16.08.2026;1000;RUB;1000;17,5;14,38;14,38;;;;;;
RU000A10B4X6;СИБУР Холдинг 001Р-06;43000;16.08.2026;1000;RUB;1000;;;;;;;;;
RU000A10B4W8;СИБУР Холдинг 001Р-05;50000;16.08.2026;1000;RUB;1000;;;;;;;;;
RU000A10B4V0;ГруппаЧеркизово БО-002Р-01;500;16.08.2026;1000;CNY;1000;10,8;8,88;100,66;;;;;;
RU000A10B4U2;СИБУР Холдинг 001Р-04;50000;16.08.2026;1000;RUB;1000;;;;;;;;;
RU000A10B4T4;Пионер-Лизинг БО7;400;16.08.2026;1000;RUB;1000;21;17,26;17,26;;;;;;
RU000A10AT35;ИКС 5 ФИНАНС 003P-11;15000;16.08.2026;1000;RUB;1000;17,25;14,18;14,18;;;;;;
RU000A10AFW1;ПАО Россети Моск.рег. БО1Р08;15000;16.08.2026;1000;RUB;1000;;;;;;;;;
RU000A10AFT7;ЭР-Телеком Холдинг ПБО-02-07;1200;16.08.2026;1000;RUB;1000;;;;;;;;;
RU000A109VM6;КАМАЗ ПАО БО-П13;5000;16.08.2026;1000;RUB;1000;;;;;;;;;
RU000A109VL8;Совкомбанк БО-П05;20507,209;16.08.2026;1000;RUB;1000;;;;;;;;;
RU000A109VK0;ВсеИнструменты.ру 001Р-03;500;16.08.2026;1000;RUB;1000;21,85;17,96;17,96;;;;;;
RU000A109VJ2;ВсеИнструменты.ру 001Р-02;4500;16.08.2026;1000;RUB;1000;;;;;;;;;
RU000A108JV4;Газпром капитал БО-003Р-02;40000;16.08.2026;1000;RUB;1000;;;;;;;;;
RU000A1084E6;О'КЕЙ ООО БО 001Р-06;3500;16.08.2026;1000;RUB;1000;15,5;12,74;12,74;;;;;;
RU000A1084B2;Сэтл-Групп ООО БО 002P-03;12000;16.08.2026;1000;RUB;1000;17;13,97;13,97;;;;;;
RU000A108462;МФК Джой Мани 001P-02;250;16.08.2026;1000;RUB;1000;;;;;;;;;
RU000A107UW1;Газпром нефть БО 003P-10R;50000;16.08.2026;1000;RUB;1000;;;;;;;;;
RU000A107TL6;СОПФ ДОМ.РФ 9;5000;16.08.2026;1000;RUB;1000;;;;;;;;;
RU000A107A93;Сибнефтехимтрейд БО-03;223,407;16.08.2026;1000;RUB;1000;25;20,55;20,55;;;;;;
RU000A1061K1;ЕвроТранс БО-001Р-03;5000;16.08.2026;1000;RUB;750;13,6;8,38;8,38;;;;;;
RU000A105RH2;Газпром капитал ООО ЗО37-1-Д;903,068;16.08.2026;1000;USD;1000;7,288;36,44;2808,11;;;;;;
RU000A0JXZC0;Автодор ГК обл. 04;16706,535;16.08.2026;1000;RUB;1000;10,52;105,2;105,2;1;AA+;;Fn;;
RU000A10FDZ8;Магнит ПАО БО-005Р-06;61500;15.08.2026;1000;RUB;1000;;;;;;;;;
RU000A10FC62;ГМК Нор.никель БО-001Р-17;3000;15.08.2026;1000;CNY;1000;7,6;6,25;70,85;;;;;;
RU000A10EW51;АБЗ-1 002P-06;4000;15.08.2026;1000;RUB;1000;17,5;14,38;14,38;;;;;;
RU000A10EW44;Полюс ПБО-05;340;15.08.2026;1000;USD;1000;7,75;6,37;490,88;;;;;;
RU000A10ELF6;Мобильные Телесистемы 002Р-17;10000;15.08.2026;1000;RUB;1000;;;;;;;;;
RU000A10EAC6;КАМАЗ ПАО БО-П20;6500;15.08.2026;1000;RUB;1000;15,95;13,11;13,11;;;;;;
RU000A10DWP4;ЦЕНТР-К БО-01;117;15.08.2026;1000;RUB;1000;22,5;18,49;18,49;;;;;;
RU000A10DWF5;Республика Башкортостан 24017;4000;15.08.2026;1000;RUB;1000;;;;;;;;;
RU000A10DG86;ТрансКонтейнер П02-02;9500;15.08.2026;1000;RUB;1000;;;;;;;;;
RU000A10DG78;ЛК АдвансТрак 001Р-01;500;15.08.2026;1000;RUB;1000;25;20,55;20,55;;;;;;
RU000A10DDR0;МКПАО ЯНДЕКС 001Р-03;40000;15.08.2026;1000;RUB;1000;;;;;;;;;
RU000A10CSG3;МЕТАЛЛОИНВЕСТ 002P-02;100;15.08.2026;100;USD;100;6,3;0,52;40,07;;;;;;
RU000A10CSD0;МКПАО ОК РУСАЛ БО-001Р-15;1900;15.08.2026;1000;CNY;1000;7,25;5,96;67,56;;;;;;
RU000A10CSA6;БИЗНЕС АЛЬЯНС 001P-08;119,494;15.08.2026;1000;RUB;1000;22;18,08;18,08;;;;;;
RU000A10CS83;Органик парк БО-П02;100;15.08.2026;1000;RUB;1000;21,75;17,88;17,88;;;;;;
RU000A10CS75;Аэрофлот П02-БО-02;30000;15.08.2026;1000;RUB;1000;;;;;;;;;
RU000A10C7E8;ГПБ (АО) БО 004Р-24;731,566;15.08.2026;1000;RUB;1000;0,01;0,1;0,1;;;;;;
RU000A10BZJ4;Балтийский лизинг ООО БО-П18;7500;15.08.2026;1000;RUB;1000;19;10,46;10,46;;;;;;
RU000A10BM56;АПРИ БО-002Р-10;500;15.08.2026;1000;RUB;1000;30,5;25,07;25,07;;;;;;
RU000A10BG13;Ростелеком ПАО 001P-16R;15000;15.08.2026;1000;RUB;1000;17,65;14,51;14,51;;;;;;
RU000A10BG05;МегаФон ПАО БО-002Р-08;15000;15.08.2026;1000;RUB;1000;;;;;;;;;
RU000A10BFZ2;МегаФон ПАО БО-002Р-09;15000;15.08.2026;1000;RUB;1000;;;;;;;;;
RU000A10BFX7;ГК Самолет БО-П16;3000;15.08.2026;1000;RUB;1000;25,5;20,96;20,96;;;;;;
RU000A10AYB6;А Спэйс 001Р-02;150;15.08.2026;1000;RUB;1000;31;25,48;25,48;;;;;;
RU000A10AFB5;"ООО ""Мираторг Финанс"" 001Р-02";500;15.08.2026;1000;RUB;1000;;;;;;;;;
RU000A10ADT2;СФО Оптимум Финанс 02;541521,453;15.08.2026;1000;RUB;339,63;18,5;4,9;4,9;;;;;;
RU000A109PF2;РЖД БО 001P-33R;25000;15.08.2026;1000;RUB;1000;;;;;;;;;
RU000A109LC8;РОЛЬФ БО 001Р-03;500;15.08.2026;1000;RUB;1000;;;;;;;;;
RU000A108KT6;Росагролизинг 002P-01;7000;15.08.2026;1000;RUB;1000;;;;;;;;;
RU000A108CE5;Ю Ди Пи Авто БО-01;138,858;15.08.2026;1000;RUB;1000;18,25;15;15;;;;;;
RU000A108405;ХРОМОС Инжиниринг БО-01;500;15.08.2026;1000;RUB;1000;29,5;24,25;24,25;;;;;;
RU000A106T85;КОНТРОЛ лизинг 001Р-01;1000;15.08.2026;1000;RUB;656,3;16,25;8,51;8,51;;;;;;
RU000A106GX0;СФО БКС Структурные Ноты 05;258,665;15.08.2026;1000;RUB;1000;0,01;0,3;0,3;;;;;;
RU000A104V00;Пионер-Лизинг БР5;400;15.08.2026;1000;RUB;1000;22,54;18,53;18,53;;;;;;
RU000A101DB4;СФО РуСол 1 класс Б;900;15.08.2026;1000;RUB;530;20,422;27,28;27,28;;;;;;
RU000A101DA6;СФО РуСол 1 класс А;4700;15.08.2026;1000;RUB;436,81;16,422;18,08;18,08;;;;;;
RU000A101D96;СФО РуСол 1 класс В;100;15.08.2026;1000;RUB;636,08;22,922;36,75;36,75;;;;;;
RU000A10FDV7;Почта России 003P-07;7000;14.08.2026;1000;RUB;1000;16,95;13,93;13,93;;;;;;
RU000A10FDT1;Полюс ПБО-08;2100;14.08.2026;1000;CNY;1000;7,65;6,29;71,3;;;;;;
RU000A10FDS3;Полюс ПБО-10;1200;14.08.2026;1000;CNY;1000;7,65;6,29;71,3;;;;;;
RU000A10F6E7;Совкомбанк Лизинг БО-П21;11500;14.08.2026;1000;RUB;1000;13;32,41;32,41;;;;;;
RU000A10EVJ7;Газпром нефть 005Р-06R;100000;14.08.2026;1000;RUB;1000;;;;;;;;;
RU000A10EV78;Мобильные Телесистемы 002Р-19;15000;14.08.2026;1000;RUB;1000;13,85;11,38;11,38;;;;;;
RU000A10EL13;ПЭТ ПЛАСТ 001Р-02;150;14.08.2026;1000;RUB;1000;26;21,37;21,37;;;;;;
RU000A10EKZ6;Р-Вижн 001Р-03;500;14.08.2026;1000;RUB;1000;15,25;12,53;12,53;;;;;;
RU000A10EKY9;ЭкоНива 001P-02;6000;14.08.2026;1000;RUB;1000;;;;;;;;;
RU000A10EKX1;ЭнергоТехСервис 001Р-09;1000;14.08.2026;1000;RUB;1000;18;14,79;14,79;;;;;;
RU000A10E9W4;Совкомбанк Лизинг БО-П19;6655;14.08.2026;1000;RUB;1000;14,6;36,4;36,4;;;;;;
RU000A10DTW6;Пионер-Лизинг БО8;200;14.08.2026;1000;RUB;1000;28,5;23,42;23,42;;;;;;
RU000A10DTU0;ГЛАВСНАБ БО-02;106,767;14.08.2026;1000;RUB;1000;26,55;21,82;21,82;;;;;;
RU000A10DTT2;Совкомбанк Лизинг БО-П18;2000;14.08.2026;1000;RUB;1000;;;;;;;;;
RU000A10DTS4;Совкомбанк Лизинг БО-П17;5000;14.08.2026;1000;RUB;1000;16;13,15;13,15;;;;;;
RU000A10DTQ8;МИРРИКО БО-П06;145,756;14.08.2026;1000;RUB;1000;22,5;18,49;18,49;;;;;;
RU000A10DTP0;ПИР БО-05-001P;190;14.08.2026;1000;RUB;1000;27;22,19;22,19;;;;;;
RU000A10DMS9;Деп Финансов ЯНАО 34005;36000;14.08.2026;1000;RUB;1000;;;;;;;;;
RU000A10DFN4;Мобильные ТелеСистемы 002Р-14;17000;14.08.2026;1000;RUB;1000;;;;;;;;;
RU000A10DEE6;Байсэл 001P-04;100;14.08.2026;1000;RUB;1000;25,25;62,95;62,95;;;;;;
RU000A10CG79;МСП Банк 003P-02;5000;14.08.2026;1000;RUB;1000;;;;;;;;;
RU000A10C667;СберИОС 001Р-748R 5Г AC LKOH;129,779;14.08.2026;1000;RUB;1000;0,01;0,01;0,01;;;;;;
RU000A10BW05;СберИОС 001Р-732R 5Г AC TATN;78,977;14.08.2026;1000;RUB;1000;0,01;0,01;0,01;;;;;;
RU000A10BU31;КАМАЗ ПАО БО-П15;11000;14.08.2026;1000;RUB;1000;18;14,79;14,79;;;;;;
RU000A10BU23;ГМК Нор.никель БО-001Р-11-CNY;3000;14.08.2026;1000;CNY;1000;7;5,75;65,18;;;;;;
RU000A10BU07;Полипласт АО П02-БО-06;17;14.08.2026;100;USD;100;12,95;1,06;81,68;;;;;;
RU000A10BNR3;СберИОС 001Р-724R 5Г AC IMOEX;127,529;14.08.2026;1000;RUB;1000;0,01;0,01;0,01;;;;;;
RU000A10BLH8;МКПАО ОК РУСАЛ БО-001Р-14;11203,427;14.08.2026;1000;CNY;1000;10;24,93;282,6;;;;;;
RU000A10BG88;СберИОС 001Р-707R 5Г AC FIVE;169,732;14.08.2026;1000;RUB;1000;0,01;0,01;0,01;;;;;;
RU000A10BFP3;МВ ФИНАНС 001Р-06;2000;14.08.2026;1000;RUB;1000;26;21,37;21,37;;;;;;
RU000A10BF48;МКПАО ЯНДЕКС 001Р-01;40000;14.08.2026;1000;RUB;1000;;;;;;;;;
RU000A10B4M9;СберИОС 001Р-694R 5Г AC LKOH;577,519;14.08.2026;1000;RUB;1000;0,01;0,01;0,01;;;;;;
RU000A10B1S2;СберИОС 001Р-692R 5Г BSKRUS;156,224;14.08.2026;1000;RUB;1000;0,01;0,01;0,01;;;;;;
RU000A10AQF3;СберИОС 001Р-674R 5Г AC LKOH;474,247;14.08.2026;1000;RUB;1000;0,01;0,01;0,01;;;;;;
RU000A10A4S7;ФосАгро БО-02-01;30371,791;14.08.2026;1000;RUB;1000;;;;;;;;;
RU000A10A4N8;Интерлизинг 001Р-10;4500;14.08.2026;1000;RUB;680;;;;;;;;;
RU000A10A414;Первое кол.бюро НАО 001Р-06;1000;14.08.2026;1000;RUB;1000;;;;;;;;;
RU000A109UE5;Автоассистанс 001-01;16,546;14.08.2026;1000;RUB;1000;23;18,9;18,9;;;;;;
RU000A109UD7;Атомэнергопром АО 001Р-03;20000;14.08.2026;1000;RUB;1000;;;;;;;;;
RU000A109L49;АЛРОСА 001Р-01;45000;14.08.2026;1000;RUB;1000;;;;;;;;;
RU000A109JK5;СберИОС 001Р-648R 5Г AC IMOEX;47,116;14.08.2026;1000;RUB;1000;0,01;0,01;0,01;;;;;;
RU000A109JJ7;ИОС_PRTACm_LKOH-5Y-001Р-647R;131,96;14.08.2026;1000;RUB;1000;0,01;0,01;0,01;;;;;;
RU000A109916;Ростелеком ПАО 001P-10R;10000;14.08.2026;1000;RUB;1000;19,25;47,99;47,99;;;;;;
RU000A1092S9;Элемент Лизинг БО 001P-09;2000;14.08.2026;1000;RUB;362,9;18,5;5,1;5,1;;;;;;
RU000A108TU5;Джи-групп 002P-04;3000;14.08.2026;1000;RUB;1000;;;;;;;;;
RU000A108C74;РЕСО-Лизинг ООО БО-П-25;5000;14.08.2026;1000;RUB;1000;15,5;12,74;12,74;;;;;;
RU000A108C58;Элемент Лизинг БО 001P-08;3000;14.08.2026;1000;RUB;279,8;16;3,32;3,32;;;;;;
RU000A1088L2;СберИОС 001Р-618R 5Г AC TCSG;594,183;14.08.2026;1000;RUB;1000;0,01;0,01;0,01;;;;;;
RU000A1088K4;СберИОС 001Р-617R 5Г AC MAGN;158,524;14.08.2026;1000;RUB;1000;0,01;0,01;0,01;;;;;;
RU000A1085A1;СИНАРА-Капитал БО-01;1000;14.08.2026;1000;RUB;1000;15,2;12,49;12,49;;;;;;
RU000A108447;Росагролизинг 001P-05;7000;14.08.2026;1000;RUB;1000;;;;;;;;;
RU000A107HG1;Газпром нефть БО 003P-08R;12000;14.08.2026;1000;RUB;1000;;;;;;;;;
RU000A107DC9;СберИОС 001Р-599R 5Г AC MOEXFN;624,306;14.08.2026;1000;RUB;1000;0,01;0,01;0,01;;;;;;
RU000A1079G1;Мани Капитал 001P-02;150;14.08.2026;1000;RUB;1000;15;9,86;9,86;;;;;;
RU000A106RB3;ООО ПКО АСВ БО-01-001P;200;14.08.2026;1000;RUB;1000;17;42,38;42,38;;;;;;
RU000A106R95;Селектел 001P-03R;3000;14.08.2026;1000;RUB;1000;13,3;66,32;66,32;;;;;;
RU000A105VC5;Полюс ПБО-03;20000;14.08.2026;1000;RUB;1000;10,4;51,86;51,86;;;;;;
RU000A103KJ8;ПАО ЛК Европлан 001P-03;7000;14.08.2026;1000;RUB;1000;20;99,73;99,73;?;;;;;
RU000A0ZZV11;ГТЛК БО 001P-12;5000;14.08.2026;1000;RUB;1000;9,1;22,69;22,69;;;;;;
RU000A0JWZY6;"АФК ""Система"" ПАО БО-001P-05";10000;14.08.2026;1000;RUB;1000;15;37,4;37,4;;;;;;
RU000A0JS4L7;Запад.скор.диаметр АО об.05;5000;14.08.2026;1000;RUB;1000;9,84;49,07;49,07;1;AAA(RU);;;;
RU000A0JS4K9;Запад.скор.диаметр АО об.04;5000;14.08.2026;1000;RUB;1000;9,84;49,07;49,07;1;AAA(RU);;;;
RU000A0JS4J1;Запад.скор.диаметр АО об.03;5000;14.08.2026;1000;RUB;1000;9,84;49,07;49,07;1;AAA(RU);;;;
RU000A10F6J6;Кеарли Групп 001Р-02;120;13.08.2026;1000;RUB;1000;25;20,55;20,55;;;;;;
RU000A10F6H0;ПИР БО-06-001P;272,721;13.08.2026;1000;RUB;1000;25,5;20,96;20,96;;;;;;
RU000A10F6G2;Первое кол.бюро НАО 001Р-11;1800;13.08.2026;1000;RUB;1000;;;;;;;;;
RU000A10F6F4;Автодор ГК БО-004Р-08;10200;13.08.2026;1000;RUB;1000;14,9;12,25;12,25;;;;;;
RU000A10EV60;Интел Коллект БО-02;1000;13.08.2026;1000;RUB;1000;23,25;19,11;19,11;;;;;;
RU000A10EV52;ПКО СЗА БО-07;100;13.08.2026;1000;RUB;1000;25,5;20,96;20,96;;;;;;
RU000A10EK71;Борец Капитал 001Р-05;2500;13.08.2026;1000;RUB;1000;18,5;15,21;15,21;;;;;;
RU000A10EK63;АБ РОССИЯ 001P-02;17000;13.08.2026;1000;RUB;1000;;;;;;;;;
RU000A10EK06;Сэтл-Групп ООО БО 002P-07;5500;13.08.2026;1000;RUB;1000;16,5;13,56;13,56;;;;;;
RU000A10EJZ8;ЭкоНива 001P-01;9000;13.08.2026;1000;RUB;1000;16,75;13,77;13,77;;;;;;
RU000A10DTG9;ВТБ Лизинг 001Р-МБ-04;3000;13.08.2026;1000;RUB;840;16,5;11,39;11,39;;;;;;
RU000A10DTF1;Селигдар 001Р-08;5500;13.08.2026;1000;RUB;1000;18;14,79;14,79;;;;;;
RU000A10DTB0;ЭЛТЕРА БО-01;150;13.08.2026;1000;RUB;1000;21;17,26;17,26;;;;;;
RU000A10DTA2;Селигдар 001Р-9;2500;13.08.2026;1000;RUB;1000;;;;;;;;;
RU000A10DS74;Сбербанк ПАО 001Р-SBER51;100000;13.08.2026;1000;RUB;1000;14,85;12,21;12,21;;;;;;
RU000A10DS66;АЛЬФА-БАНК Б2Р30;1184,12;13.08.2026;1000;RUB;1000;14,5;11,92;11,92;;;;;;
RU000A10D4F1;Россети ПАО БО 001P-18R;23500;13.08.2026;1000;RUB;1000;;;;;;;;;
RU000A10D4E4;Векус БО-01;300;13.08.2026;1000;RUB;1000;27;22,19;22,19;;;;;;
RU000A10D1H3;РЖД БО 001P-46R;20000;13.08.2026;1000;RUB;1000;;;;;;;;;
RU000A10CRJ9;Центр-резерв БО-05;150;13.08.2026;1000;RUB;1000;25;20,55;20,55;;;;;;
RU000A10CRG5;Феррум БП2;250;13.08.2026;1000;RUB;1000;23;18,9;18,9;;;;;;
RU000A10CDX0;ЭкономЛизинг 002Р-01;100;13.08.2026;1000;RUB;1000;22;54,85;54,85;;;;;;
RU000A10BTU4;ГМК Нор.никель БО-001Р-12;500;13.08.2026;100;USD;100;8;0,66;50,86;;;;;;
RU000A10BTT6;УЛК 001Р-01;1000;13.08.2026;1000;RUB;1000;24,5;20,14;20,14;;;;;;
RU000A10BTQ2;Транспортная ЛК 001P-03;200;13.08.2026;1000;RUB;1000;23,5;18,51;18,51;;;;;;
RU000A10BLP1;Регион-Продукт БО-01;70;13.08.2026;1000;RUB;1000;31;25,48;25,48;;;;;;
RU000A10B4L1;ДЕВАР ПЕТРО 001Р-01;150;13.08.2026;1000;RUB;1000;29,5;24,25;24,25;;;;;;
RU000A10B4K3;ГМК Нор.никель БО-001Р-08;1000;13.08.2026;100;USD;100;7,75;0,64;49,32;;;;;;
RU000A10B4J5;Полипласт АО П02-БО-03;58;13.08.2026;100;USD;100;13,7;1,13;87,08;;;;;;
RU000A10B3Q2;Биннофарм Групп 001Р-05;6000;13.08.2026;1000;RUB;1000;23,5;19,32;19,32;;;;;;
RU000A10B2X0;Синара Транспортные Машины 1P5;5000;13.08.2026;1000;RUB;1000;;;;;;;;;
RU000A10B024;АФК Система БО 002Р-01;12000;13.08.2026;1000;RUB;1000;17,5;14,86;14,86;;;;;;
RU000A10AYH3;СберИОС 001Р-683R 5Г AC MOEX;370,767;13.08.2026;1000;RUB;1000;0,01;0,01;0,01;;;;;;
RU000A10AXW4;СИБУР Холдинг 001Р-03;600;13.08.2026;100;USD;100;9,6;0,79;60,88;;;;;;
RU000A10AT92;СберИОС 001Р-678R 5Г BSKRUS;1599,334;13.08.2026;1000;RUB;1000;0,01;0,01;0,01;;;;;;
RU000A10A4C1;ЭНЕРГОНИКА 001Р-05;300;13.08.2026;1000;RUB;800;28;18,41;18,41;;;;;;
RU000A109U06;ДельтаЛизинг 001Р-01;1000;13.08.2026;1000;RUB;730;24,34;13,7;13,7;;;;;;
RU000A109TW9;ГМК Нор.никель БО-10;100000;13.08.2026;1000;RUB;1000;;;;;;;;;
RU000A1099V8;Совкомбанк Лизинг БО-П07;4804,71;13.08.2026;1000;RUB;780;;;;;;;;;
RU000A1098T4;СибСульфур БО-01-001P;229,104;13.08.2026;1000;RUB;1000;25;62,33;62,33;;;;;;
RU000A1098H9;С-ПРИНТ 001Р-02;150;13.08.2026;1000;RUB;1000;23;57,34;57,34;;;;;;
RU000A1092T7;Омега БО-01;470,228;13.08.2026;1000;RUB;1000;;;;;;;;;
RU000A108P46;Балтийский лизинг ООО БО-П11;6000;13.08.2026;1000;RUB;1000;;;;;;;;;
RU000A108FG3;АГРО-ФРЕГАТ БО-01;200;13.08.2026;1000;RUB;1000;22,5;56,1;56,1;;;;;;
RU000A108FE8;Урожай БО-04;450;13.08.2026;1000;RUB;1000;20;49,86;49,86;;;;;;
RU000A108C17;ПИР БО-02-001P;43,052;13.08.2026;1000;RUB;1000;24,5;20,14;20,14;;;;;;
RU000A108BX7;Татнефтехим 001-P-02;300;13.08.2026;1000;RUB;1000;20,5;33,7;33,7;;;;;;
RU000A1083A6;ГМК Нор.никель БО-001Р-07;100000;13.08.2026;1000;RUB;1000;;;;;;;;;
RU000A107SM6;АФК Система БО 001Р-28;7500;13.08.2026;1000;RUB;1000;;;;;;;;;
RU000A107P47;Центр-резерв БО-03;200;13.08.2026;1000;RUB;750;19;10,93;10,93;;;;;;
RU000A107NJ3;Лизинг-Трейд 001P-11;200;13.08.2026;1000;RUB;1000;16;13,15;13,15;;;;;;
RU000A107CD9;Балтийский лизинг ООО БО-П09;3000;13.08.2026;1000;RUB;250;15,9;2,94;2,94;;;;;;
RU000A1077V4;РОСЭКСИМБАНК 002P-04;20000;13.08.2026;1000;RUB;1000;16,5;41,14;41,14;;;;;;
RU000A1074N8;Практика ЛК 001Р-02;3000;13.08.2026;1000;RUB;160;15,7;1,73;1,73;;;;;;
RU000A106YN4;Группа Продовольствие 001P-03;300;13.08.2026;1000;RUB;1000;16;13,15;13,15;;;;;;
RU000A106SL0;ИСТРИНСКАЯ СЫРОВАРНЯ БО-02;100;13.08.2026;1000;RUB;250;14,5;2,98;2,98;;;;;;
RU000A106R79;ЭНЕРГОНИКА 001Р-04;300;13.08.2026;1000;RUB;600;16;23,93;23,93;;;;;;
RU000A106B51;МФК Быстроденьги 002Р-02;300;13.08.2026;1000;RUB;800;16;7,89;7,89;;;;;;
RU000A1068S9;ЛайфСтрим БО-П02;500;13.08.2026;1000;RUB;1000;13,5;33,66;33,66;;;;;;
RU000A105SK4;ЛК Роделен БО 001Р-04;250;13.08.2026;1000;RUB;633,7;20;9,87;9,87;;;;;;
RU000A1053P7;ГК Сегежа 002P-05R;10000;13.08.2026;1000;RUB;1000;25;124,66;124,66;;;;;;
RU000A104XE0;Лизинг-Трейд 001P-04;100;13.08.2026;1000;RUB;1000;15;12,33;12,33;;;;;;
RU000A104JW1;Банк ВТБ ПАО СУБ-Т1-13;8440;13.08.2026;10000000;RUB;10000000;18,25;455000;455000;;;;;;
RU000A101FH6;Мобильные ТелеСистемы 001P-14;15000;13.08.2026;1000;RUB;1000;6,6;16,45;16,45;;;;;;
RU000A0NR326;Сбер CIB-CO-477;156,765;13.08.2026;1000;RUB;1000;0,01;0,3;0,3;;;;;;
RU000A0GN9A7;ОФЗ-АД 46020 06/02/36;52299,927;12.08.2026;1000;RUB;1000;6,9;34,41;34,41;;;;;;
RU000A103BR0;ОФЗ-ПД 26240 30/07/2036;650000;12.08.2026;1000;RUB;1000;7;34,9;34,9;;;;;;
RU000A100MY9;ОФЗ-ПД 26231 20/07/44;212636;12.08.2026;1000;RUB;1000;0,25;1,25;1,25;;;;;;
RU000A10F5F6;Пионер-Лизинг БО9;250;12.08.2026;1000;RUB;1000;26,5;21,78;21,78;;;;;;
RU000A10EVP4;Банк ВТБ (ПАО) Б-1-390;482,165;12.08.2026;1000;RUB;1000;0,01;0,02;0,02;;;;;;
RU000A10ETT0;Промсвязьбанк 004P-04;15000;12.08.2026;1000;RUB;1000;;;;;;;;;
RU000A10ETQ6;Промсвязьбанк 004P-02;40000;12.08.2026;1000;RUB;1000;14,05;11,55;11,55;;;;;;
RU000A10ETM5;ЭнергоТехСервис 001Р-10;1007,2;12.08.2026;1000;RUB;1000;;;;;;;;;
RU000A10ETL7;Ростелеком ПАО 001P-25R;15000;12.08.2026;1000;RUB;1000;13,65;11,22;11,22;;;;;;
RU000A10ET15;СберИОС 001Р-793R 3Г BSKRUS;412,704;12.08.2026;1000;RUB;1000;0,01;0,03;0,03;;;;;;
RU000A10EFS1;Банк ВТБ (ПАО) Б-1-334;38,813;12.08.2026;1000;RUB;1000;0,01;0,02;0,02;;;;;;
RU000A10EA32;Почта России 003P-04;2300;12.08.2026;1000;RUB;1000;;;;;;;;;
RU000A10EA16;Почта России 003P-03;8700;12.08.2026;1000;RUB;1000;17,75;14,59;14,59;;;;;;
RU000A10EA08;Софтлайн 002Р-02;6600;12.08.2026;1000;RUB;1000;19,5;16,03;16,03;;;;;;
RU000A10E9Z7;МКАО Воксис 001Р-02;500;12.08.2026;1000;RUB;1000;20;16,44;16,44;;;;;;
RU000A10E9Y0;Газпром капитал ООО БО-003Р-18;250;12.08.2026;1000;USD;1000;7,5;6,16;474,7;;;;;;
RU000A10E9V6;ПЕРВОУРАЛЬСКБАНК 001Р-02;300;12.08.2026;1000;RUB;1000;21;17,26;17,26;;;;;;
RU000A10E804;Первое кол.бюро НАО 001Р-09;1250;12.08.2026;1000;RUB;1000;;;;;;;;;
RU000A10DT08;Газпром капитал ООО БО-003Р-20;3000;12.08.2026;1000;CNY;1000;7,4;6,08;68,92;;;;;;
RU000A10DSY4;Совко Капитал 001Р-01;10000;12.08.2026;1000;RUB;1000;19;15,62;15,62;;;;;;
RU000A10DDT6;СибСульфур БО-02-001P;350;12.08.2026;1000;RUB;1000;28;69,81;69,81;;;;;;
RU000A10D483;Газпром нефть 005P-01R;210;12.08.2026;1000;USD;1000;7,5;6,16;474,7;;;;;;
RU000A10D459;Мобильные ТелеСистемы 002P-13;20000;12.08.2026;1000;RUB;1000;;;;;;;;;
RU000A10CRD2;ГМК Нор.никель БО-001Р-15;9000;12.08.2026;1000;CNY;1000;7,5;6,16;69,83;;;;;;
RU000A10CRC4;ГМК Нор.никель БО-001Р-14;850;12.08.2026;100;USD;100;6,4;0,53;40,84;;;;;;
RU000A10CRB6;Кокс ПАО 001P-06;800;12.08.2026;1000;RUB;1000;20,5;16,85;16,85;;;;;;
RU000A10CRA8;Гланит БО-01;7000;12.08.2026;1000;RUB;1000;;;;;;;;;
RU000A10CR92;КВАЗАРЛ-01;100;12.08.2026;1000;RUB;749,98;25;14,84;14,84;;;;;;
RU000A10C3P3;МИРРИКО БО-П04;55,118;12.08.2026;1000;RUB;1000;;;;;;;;;
RU000A10C3N8;МИРРИКО БО-П03;509,111;12.08.2026;1000;RUB;1000;22,5;18,49;18,49;;;;;;
RU000A10BTC2;Ростелеком ПАО 001P-18R;15000;12.08.2026;1000;RUB;1000;;;;;;;;;
RU000A10BTA6;РЖД БО 001P-43R;40000;12.08.2026;1000;RUB;1000;15,9;13,07;13,07;;;;;;
RU000A10B4F3;АгроЗерноЮгUSD 001Р-01;2;12.08.2026;10;USD;10;15;0,12;9,25;;;;;;
RU000A10B4D8;МЕТАЛЛОИНВЕСТ 001P-13;30000;12.08.2026;1000;RUB;1000;;;;;;;;;
RU000A10B4A4;Интерлизинг 001Р-11;4500;12.08.2026;1000;RUB;892;24;17,06;17,06;;;;;;
RU000A10B487;ДелоПортс ООО БО 001P-04;15000;12.08.2026;1000;RUB;1000;20,75;17,05;17,05;;;;;;
RU000A10B461;НСКАТД БО-03;1700;12.08.2026;1000;RUB;1000;26;21,37;21,37;;;;;;
RU000A10AXP8;ВсеИнструменты.ру 001Р-04;1000;12.08.2026;1000;RUB;1000;24;19,73;19,73;;;;;;
RU000A10AXK9;ФосАгро БО-02-02;1000;12.08.2026;1000;CNY;1000;10,4;8,55;96,92;;;;;;
RU000A10AXH5;Магнит ПАО БО-005Р-02;46500;12.08.2026;1000;RUB;1000;21,5;17,67;17,67;;;;;;
RU000A10AEG7;Полипласт АО П02-БО-01;1000;12.08.2026;1000;RUB;1000;;;;;;;;;
RU000A10A3Z4;ГТЛК БО 002P-04;10000;12.08.2026;1000;RUB;1000;25;20,55;20,55;;;;;;
RU000A1099P0;МФК Быстроденьги 002Р-07;124,579;12.08.2026;1000;RUB;1000;23;18,9;18,9;;;;;;
RU000A1098F3;АФК Система БО 001Р-31;11500;12.08.2026;1000;RUB;1000;;;;;;;;;
RU000A108BN8;Газпром капитал БО-003Р-01;20000;12.08.2026;1000;RUB;1000;;;;;;;;;
RU000A1086N2;КОНТРОЛ лизинг 001Р-02;1000;12.08.2026;1000;RUB;808,2;18,25;11,87;11,87;;;;;;
RU000A107JN3;ТМК ЗО-2027;349,904;12.08.2026;1000;USD;1000;4,3;21,5;1656,81;;;;;;
RU000A107GU4;МФК Быстроденьги 002Р-04;366,644;12.08.2026;1000;RUB;1000;22,5;18,49;18,49;;;;;;
RU000A107GT6;СЕЛЛ-Сервис БО-01;250;12.08.2026;1000;RUB;1000;24;19,73;19,73;;;;;;
RU000A106SE5;Фордевинд 04;300;12.08.2026;1000;RUB;1000;17;13,97;13,97;;;;;;
RU000A106R53;Автодор ГК БО-005Р-03;24983,818;12.08.2026;1000;RUB;1000;12,17;30,34;30,34;;;;;;
RU000A106R12;ЭкономЛизинг 001Р-05;100;12.08.2026;1000;RUB;1000;15,5;38,64;38,64;;;;;;
RU000A106AU9;Ультра БО-01;250;12.08.2026;1000;RUB;520;20;8,55;8,55;;;;;;
RU000A1069Z2;Банк ВТБ С-1-525 (структурные);1000;12.08.2026;1000;RUB;1000;0,01;0,3;0,3;;;;;;
RU000A103U44;Банк ВТБ (ПАО) Б-1-249;66,442;12.08.2026;1000;RUB;1000;0,01;0,05;0,05;;;;;;
RU000A103EM5;Сбер CIB-СО-21;384,092;12.08.2026;1000;RUB;1000;0,01;0,5;0,5;;;;;;
RU000A103DV8;Сбер CIB-CO-20 (структурные);0;12.08.2026;1000;RUB;1000;0,01;0,5;0,5;;;;;;
RU000A102CT6;Свердловская область 35009;8000;12.08.2026;1000;RUB;400;6,25;6,23;6,23;;;;;;
RU000A101FG8;Ростелеком ПАО 002P-02R;15000;12.08.2026;1000;RUB;1000;6,65;33,16;33,16;;;;;;
RU000A0ZYU54;Сфера финансов БО-01Р-01;1000;12.08.2026;1000;RUB;1000;15;74,79;74,79;;;;;;
RU000A0NRC26;Банк ВТБ С-1-616 (структурные);0;12.08.2026;1000;RUB;1000;0,01;0,3;0,3;;;;;;
RU000A0JXJK7;Российские ЖД ОАО БО-11;15000;12.08.2026;1000;RUB;1000;8,65;43,13;43,13;;;;;;
RU000A10F595;Транспортная ЛК 001P-05;250;11.08.2026;1000;RUB;1000;26;21,37;21,37;;;;;;
RU000A10ET56;Россети Сибирь 001Р-01;5000;11.08.2026;1000;RUB;1000;;;;;;;;;
RU000A10E9M5;Защита онлайн БО-02;200;11.08.2026;1000;RUB;1000;26;21,37;21,37;;;;;;
RU000A10DEQ0;Полипласт АО П02-БО-12;10;11.08.2026;100;USD;100;12,5;1,03;79,37;1;;7725,99;Tn;;
RU000A10DEM9;СтройДорСервис БО-01;300;11.08.2026;1000;RUB;1000;20,5;16,85;16,85;;;;;;
RU000A10D3X6;Селигдар 001Р-07;4800;11.08.2026;1000;RUB;1000;;;;;;;;;
RU000A10D3T4;ПКО СЗА БО-04;100;11.08.2026;1000;RUB;1000;24,5;20,14;20,14;;;;;;
RU000A10D3S6;Селигдар 001Р-06;2700;11.08.2026;1000;RUB;1000;18,5;15,21;15,21;;;;;;
RU000A10D3P2;Южноуральский ЛЦ 001Р-01;208,151;11.08.2026;1000;RUB;1000;24;19,73;19,73;;;;;;
RU000A10D3G1;Гельтек-Медика БО-01;500;11.08.2026;1000;RUB;1000;22;18,08;18,08;;;;;;
RU000A10CR50;ГТЛК БО 002P-10;30000;11.08.2026;1000;RUB;1000;;;;;;;;;
RU000A10C3B3;МФК Быстроденьги 003Р-01;400;11.08.2026;1000;RUB;1000;27;22,19;22,19;;;;;;
RU000A10BT34;Россети ПАО БО 001P-17R;15000;11.08.2026;1000;RUB;1000;16;13,15;13,15;;;;;;
RU000A10BT00;СОБИ-ЛИЗИНГ 001Р-06;76,737;11.08.2026;1000;RUB;730;;;;;;;;;
RU000A10BFM0;Газпром капитал БО-003Р-13;350;11.08.2026;1000;USD;1000;7,65;6,29;484,71;;;;;;
RU000A10BFL2;Новые технологии 001Р-06;1000;11.08.2026;1000;RUB;1000;;;;;;;;;
RU000A10BFK4;Новые технологии 001Р-05;400;11.08.2026;1000;RUB;1000;23,25;19,11;19,11;;;;;;
RU000A10BFJ6;Полипласт АО П02-БО-04;2250;11.08.2026;1000;RUB;1000;25,5;20,96;20,96;;;;;;
RU000A10B420;ГруппаЧеркизово БО-001Р-08;10000;11.08.2026;1000;RUB;1000;;;;;;;;;
RU000A10B313;Брусника 002Р-05;3000;11.08.2026;1000;RUB;1000;24,75;20,34;20,34;;;;;;
RU000A10AEF9;"ПАО ""ТГК-14"" 001Р-03";150;11.08.2026;1000;RUB;1000;26,5;21,78;21,78;;;;;;
RU000A10AEE2;"ПАО ""ТГК-14"" 001Р-04";150;11.08.2026;1000;RUB;1000;;;;;;;;;
RU000A10AEB8;РусГидро БО-002Р-05;20500;11.08.2026;1000;RUB;1000;;;;;;;;;
RU000A10A1P9;АПРИ БО-002Р-05;142,093;11.08.2026;1000;RUB;1000;24;59,84;59,84;;;;;;
RU000A10A1N4;Альфа-Лизинг БО-02;1000;11.08.2026;1000;RUB;1000;;;;;;;;;
RU000A109KW8;Нижнекамскнефтехим об. 001Р-03;7500;11.08.2026;1000;RUB;1000;;;;;;;;;
RU000A109KV0;МСП Банк 001P-02;7500;11.08.2026;1000;RUB;1000;;;;;;;;;
RU000A109KT4;МФК Т-Финанс;10000;11.08.2026;1000;RUB;1000;;;;;;;;;
RU000A1097S8;ГПБ (АО) БО 005Р-04Р;779,689;11.08.2026;1000;RUB;1000;;;;;;;;;
RU000A1090H6;Пионер-Лизинг БО6;400;11.08.2026;1000;RUB;1000;21,59;17,75;17,75;;;;;;
RU000A108GM9;БИЗНЕС АЛЬЯНС 001P-05;38,163;11.08.2026;1000;RUB;1000;17;13,97;13,97;;;;;;
RU000A108E80;ПЛАЗА-ТЕЛЕКОМ БО-02;100;11.08.2026;1000;RUB;1000;20;49,86;49,86;;;;;;
RU000A108777;Балтийский лизинг ООО БО-П10;8000;11.08.2026;1000;RUB;1000;;;;;;;;;
RU000A107GJ7;ВсеИнструменты.ру 001Р-01;4000;11.08.2026;1000;RUB;1000;;;;;;;;;
RU000A107761;Пушкинское ПЗ 001Р-01;200;11.08.2026;1000;RUB;950;18;42,63;42,63;;;;;;
RU000A106Y88;МФК ВЭББАНКИР 04;350;11.08.2026;1000;RUB;750,1;15;8,22;8,22;;;;;;
RU000A106Y21;Нафтатранс плюс ООО БО-05;250;11.08.2026;1000;RUB;1000;28;23,01;23,01;;;;;;
RU000A106PW3;Новые технологии БO-02;1000;11.08.2026;1000;RUB;1000;12,65;63,08;63,08;;;;;;
RU000A104JQ3;ГК Самолет БО-П11;20000;11.08.2026;1000;RUB;1000;26;129,64;129,64;;;;;;
RU000A104DG7;Банк ВТБ (ПАО) Б-1-296;201,155;11.08.2026;1000;RUB;1000;0,01;0,05;0,05;;;;;;
RU000A102CR0;МЭФ Московской области 35015;30000;11.08.2026;1000;RUB;300;5,95;4,45;4,45;;;;;;
RU000A1021G3;РВК-Инвест 001P-01;3000;11.08.2026;1000;RUB;1000;18,75;93,49;93,49;;;;;;
RU000A0ZYU05;РЖД БО 001Р-05R;20000;11.08.2026;1000;RUB;1000;15,3;76,29;76,29;;;;;;
RU000A10EJR5;Арлифт 001Р-01;700;10.08.2026;1000;RUB;1000;23,5;19,32;19,32;;;;;;
RU000A10EJ90;Сбербанк ПАО 001Р-SBER54;9000;10.08.2026;1000;RUB;1000;14,2;11,67;11,67;;;;;;
RU000A10EF52;Сбербанк ПАО 001Р-SBER52;71000;10.08.2026;1000;RUB;1000;14,2;11,67;11,67;;;;;;
RU000A10E8P0;РЖД БО 001P-51R;4000;10.08.2026;1000;CNY;1000;7,6;6,25;70,85;;;;;;*12
RU000A10E8N5;Мобильные ТелеСистемы 002Р-16;20000;10.08.2026;1000;RUB;1000;;;;;;;;;
RU000A10DD97;Росинтер Холдинг БО-02;546,56;10.08.2026;1000;RUB;1000;24;59,84;59,84;;;;;;
RU000A10DBP8;АЛЬФА-БАНК T2-CR-04;10000;10.08.2026;100000000;RUB;100000000;;;;;;;;;
RU000A10D3K3;Почта России 003P-02;3930;10.08.2026;1000;RUB;1000;;;;;;;;;
RU000A10D3J5;Почта России 003P-01;4770;10.08.2026;1000;RUB;1000;17,2;14,14;14,14;;;;;;
RU000A10D3C0;РусГидро БО-002Р-08;30000;10.08.2026;1000;RUB;1000;15,45;12,7;12,7;;;;;;
RU000A10D3B2;РусГидро БО-002Р-09;5000;10.08.2026;1000;RUB;1000;;;;;;;;;
RU000A10D3A4;Элемент Лизинг БО 001P-10;1500;10.08.2026;1000;RUB;903,4;;;;;;;;;
RU000A10CFH8;МОНОПОЛИЯ 001P-07;1375;10.08.2026;1000;RUB;1000;23;18,9;18,9;;;;;;
RU000A10B3Z3;ЕвразХолдинг Финанс 003P-03;450;10.08.2026;100;USD;100;9,5;0,78;60,11;;;;;;
RU000A10B3Y6;ВсеИнструменты.ру 001Р-06;500;10.08.2026;1000;RUB;1000;23,5;19,32;19,32;;;;;;
RU000A10B3X8;ВсеИнструменты.ру 001Р-05;2500;10.08.2026;1000;RUB;1000;;;;;;;;;
RU000A10B271;Банк ВТБ (ПАО) Б-1-374;100000;10.08.2026;1000;RUB;1000;;;;;;;;;
RU000A10AEV6;АЛЬФА-Б C-1-557 (структурные);0;10.08.2026;1000;RUB;1000;0,01;0,15;0,15;;;;;;
RU000A10ADJ3;ЭнергоТехСервис 001Р-06;1000;10.08.2026;1000;RUB;700;;;;;;;;;
RU000A10ADH7;Нафтатранс плюс ООО БО-06;250;10.08.2026;1000;RUB;1000;30;24,66;24,66;;;;;;
RU000A10ADD6;НСКАТД БО-02;500;10.08.2026;1000;RUB;1000;29;23,84;23,84;;;;;;
RU000A10ACF3;ВЭБ.РФ ПБО-002Р-48;100000;10.08.2026;1000;RUB;1000;;;;;;;;;
RU000A10ABH1;Банк ВТБ (ПАО) Б-1-373;100000;10.08.2026;1000;RUB;1000;;;;;;;;;
RU000A10A6J1;Адм. г.Томск 34009;1200;10.08.2026;1000;RUB;500;26;11,04;11,04;;;;;;
RU000A10A3C3;Брусника 002Р-03;3425;10.08.2026;1000;RUB;1000;;;;;;;;;
RU000A109KG1;Нэппи Клаб БО-01;150;10.08.2026;1000;RUB;1000;25,25;20,75;20,75;;;;;;
RU000A1099E4;Мособлэнерго 001Р-01;3500;10.08.2026;1000;RUB;1000;;;;;;;;;
RU000A1099A2;НоваБев Групп 002P БО-П07;4000;10.08.2026;1000;RUB;1000;;;;;;;;;
RU000A108LX6;МКБ ЗО-2017;137,204;10.08.2026;1000;USD;1000;8,974;22,44;1729,25;;;;;;
RU000A108B83;ОилРесурс БО-01;1000;10.08.2026;1000;RUB;1000;17;13,97;13,97;;;;;;
RU000A107W97;СберИОС 001Р-610R 5Г AC MOEXMM;620,247;10.08.2026;1000;RUB;1000;0,01;0,01;0,01;;;;;;
RU000A107U65;МФК ВЭББАНКИР 05;150;10.08.2026;1000;RUB;1000;17;13,97;13,97;;;;;;
RU000A107KA8;СФО БКС Структурные Ноты 24;99,438;10.08.2026;1000;RUB;1000;0,01;0,2;0,2;;;;;;
RU000A106XT3;АйДи Коллект 04;600;10.08.2026;1000;RUB;1000;16,5;13,56;13,56;;;;;;
RU000A1033B9;Республика Саха (Якутия) 35015;6500;10.08.2026;1000;RUB;600;7,25;10,85;10,85;;;;;;
RU000A1021A6;Концерн РОССИУМ ООО 002P-02;20000;10.08.2026;1000;RUB;1000;17,75;88,51;88,51;;;;;;
RU000A102192;Концерн РОССИУМ ООО 002P-01;20000;10.08.2026;1000;RUB;1000;17,75;88,51;88,51;;;;;;
RU000A10FD46;Ред Софт БО 002Р-06;450;09.08.2026;1000;RUB;1000;16,75;13,77;13,77;;;;;;
RU000A10FD04;Сибирское Стекло БО-04;250;09.08.2026;1000;RUB;1000;25,5;20,96;20,96;;;;;;
RU000A10EJA1;Газпром нефть 005P-05R;50000;09.08.2026;1000;RUB;1000;;;;;;;;;
RU000A10EEE4;Балтийский лизинг ООО БО-П24;2200;09.08.2026;1000;RUB;1000;18;14,79;14,79;;;;;;
RU000A10E7U2;ПКФ 001Р-01;300;09.08.2026;1000;RUB;1000;26,5;21,78;21,78;;;;;;
RU000A10E721;Росагролизинг 002P-06;10000;09.08.2026;1000;RUB;1000;;;;;;;;;
RU000A10DSM9;ПГК 003Р-03;8650;09.08.2026;1000;RUB;1000;;;;;;;;;
RU000A10DSL1;ПГК 003Р-02;23200;09.08.2026;1000;RUB;1000;15,95;13,11;13,11;;;;;;
RU000A10DQK7;АБЗ-1 002P-05;2500;09.08.2026;1000;RUB;1000;;;;;;;;;
RU000A10DDU4;Магнит ПАО БО-005Р-04;20000;09.08.2026;1000;RUB;1000;;;;;;;;;
RU000A10D319;Уралкуз 001Р-02;30,74;09.08.2026;100;CNY;100;13;1,07;12,13;;;;;;
RU000A10D301;ЭН+ГИДРО 001РС-08;1000;09.08.2026;1000;CNY;1000;7,8;6,41;72,66;1;AA-;;;;
RU000A10D2Y6;Уральская Сталь БО-001Р-06;2388,018;09.08.2026;1000;RUB;1000;20,5;16,85;16,85;;;;;;
RU000A10CDZ5;РЖД БО 001P-45R;30000;09.08.2026;1000;RUB;1000;13,85;11,38;11,38;;;;;;
RU000A10CC99;Межд.Банк Эк.Сотруд. 002P-04;6000;09.08.2026;1000;RUB;1000;14,65;12,04;12,04;;;;;;
RU000A10C6C4;ГПБ Финанс 001Р-04Р;10000;09.08.2026;1000;RUB;1000;;;;;;;;;
RU000A10C329;iПРОМОМЕД ДМ 002P-02;5000;09.08.2026;1000;RUB;1000;;;;;;;;;
RU000A10C2L4;Сэтл-Групп ООО БО 002P-06;5000;09.08.2026;1000;RUB;1000;19,5;16,03;16,03;;;;;;
RU000A10BLG0;Интерскол КЛС БО-001Р-01;39,5;09.08.2026;100;CNY;95,83;17;1,28;14,51;;;;;;
RU000A10B3T6;ИЭК ХОЛДИНГ 001P-03;2000;09.08.2026;1000;RUB;1000;23,75;19,52;19,52;;;;;;
RU000A10B3C2;ВЭБ.РФ ПБО-002Р-49;100000;09.08.2026;1000;RUB;1000;;;;;;;;;
RU000A10B3A6;Атомэнергопром АО 001Р-04;20000;09.08.2026;1000;RUB;1000;;;;;;;;;
RU000A10B396;МОНОПОЛИЯ 001P-04;825;09.08.2026;1000;RUB;1000;26,5;21,78;21,78;;;;;;
RU000A10AMY3;ЛКХ-01;50;09.08.2026;1000;RUB;1000;31;25,48;25,48;;;;;;
RU000A10AC91;Республика Башкортостан 34014;10500;09.08.2026;1000;RUB;750;23,75;14,64;14,64;;;;;;
RU000A109TG2;Каршеринг Руссия 001P-04;3314,597;09.08.2026;1000;RUB;1000;;;;;;;;;
RU000A109K65;Газпром капитал БО-003Р-04;20000;09.08.2026;1000;RUB;1000;;;;;;;;;
RU000A109K40;ФосАгро БО-П02;35000;09.08.2026;1000;RUB;1000;;;;;;;;;
RU000A108G05;ЕвразХолдинг Финанс 003P-01;40000;09.08.2026;1000;RUB;1000;;;;;;;;;
RU000A1082X0;Группа ЛСР ПАО БО 001Р-09;3000;09.08.2026;1000;RUB;1000;14,75;12,12;12,12;;;;;;
RU000A1082W2;Новые технологии БO-03;661,752;09.08.2026;1000;RUB;1000;18,1;14,88;14,88;;;;;;
RU000A1078X8;ДиректЛизинг БО 002Р-02;300;09.08.2026;1000;RUB;482,3;;;;;;;;;
RU000A1074F4;Мани Капитал 001P-01;150;09.08.2026;1000;RUB;1000;15;12,33;12,33;;;;;;
RU000A103TS0;ТЕХНО Лизинг 001P-05;423,874;09.08.2026;1000;RUB;850;11,5;8,03;8,03;;;;;;
RU000A10EST2;Эталон-Финанс 002Р-05;4500;08.08.2026;1000;RUB;1000;20;16,44;16,44;;;;;;
RU000A10ESN5;ПКО Вернём 1Р2;150;08.08.2026;1000;RUB;1000;25,5;20,96;20,96;;;;;;
RU000A10ESM7;Мобильные Телесистемы 002Р-18;15000;08.08.2026;1000;RUB;1000;13,9;11,42;11,42;;;;;;
RU000A10EHJ6;ГК Пионер БО 002P-03;4600;08.08.2026;1000;RUB;1000;;;;;;;;;
RU000A10EHC1;ГИДРОМАШСЕРВИС АО 002Р-01;4000;08.08.2026;1000;RUB;1000;;;;;;;;;
RU000A10EHB3;МФК Лайм-Займ 06;2000;08.08.2026;1000;RUB;1000;23,5;19,32;19,32;;;;;;
RU000A10E7W8;МЕТАЛЛОИНВЕСТ 002P-04;75000;08.08.2026;1000;RUB;1000;;;;;;;;;
RU000A10DRZ3;СОЛИД СпецАвтоТехЛизинг 02;250;08.08.2026;1000;RUB;1000;26;21,37;21,37;;;;;;
RU000A10DRX8;ЗООПТ БО-01;200;08.08.2026;1000;RUB;1000;24;19,73;19,73;;;;;;
RU000A10DDH1;ЭН ПЛЮС ГИДРО 001РС-09;1000;08.08.2026;100000;CNY;100000;7,8;641,1;7267,45;;;;;;
RU000A10DDG3;Динтег БО-01;250;08.08.2026;1000;RUB;1000;28;23,01;23,01;;;;;;
RU000A10CQE2;ВТБ Лизинг 001Р-МБ-03;3000;08.08.2026;1000;RUB;751;15,5;9,57;9,57;;;;;;
RU000A10CQA0;Полипласт АО П02-БО-10;270;08.08.2026;100;CNY;100;11,95;0,98;11,11;;;;;;
RU000A10CQ93;КАМАЗ ПАО БО-П17;6500;08.08.2026;1000;RUB;1000;;;;;;;;;
RU000A10CQ85;Мобильные ТелеСистемы 001P-29;15000;08.08.2026;1000;RUB;1000;14;11,51;11,51;;;;;;
RU000A10CQ77;КАМАЗ ПАО БО-П16;3500;08.08.2026;1000;RUB;1000;14,9;12,25;12,25;;;;;;
RU000A10CCN3;О'КЕЙ ООО БО 001Р-08;3000;08.08.2026;1000;RUB;1000;16,9;13,89;13,89;;;;;;
RU000A10CC32;Балтийский лизинг ООО БО-П19;10000;08.08.2026;1000;RUB;1000;17;13,97;13,97;;;;;;
RU000A10BBW8;Газпром капитал ООО БО-001Р-12;350;08.08.2026;1000;EUR;1000;7,75;6,37;556,76;;;;;;
RU000A10AV98;Мобильные ТелеСистемы 001P-28;20000;08.08.2026;1000;RUB;1000;13,25;10,89;10,89;;;;;;
RU000A10AHN6;Совкомбанк Факторинг 002P-01;20000;08.08.2026;1000;RUB;1000;;;;;;;;;
RU000A10AHM8;Совкомбанк Лизинг БО-П08;5000;08.08.2026;1000;RUB;1000;;;;;;;;;
RU000A109T74;АйДи Коллект 001P-02;300;08.08.2026;1000;RUB;664;;;;;;;;;
RU000A109RR3;Минфин Ульяновской обл. 34009;3000;08.08.2026;1000;RUB;1000;22,5;56,1;56,1;;;;;;
RU000A109JZ3;МКПАО ОК РУСАЛ БО-001P-10;10000;08.08.2026;1000;RUB;1000;;;;;;;;;
RU000A109JY6;МКПАО ОК РУСАЛ БО-001P-11;10000;08.08.2026;1000;RUB;1000;;;;;;;;;
RU000A109JX8;ЛАЗЕРНЫЕ СИСТЕМЫ-01;200;08.08.2026;1000;RUB;1000;;;;;;;;;
RU000A1090A1;ТАЛКлизинг001P-02;9,526;08.08.2026;1000;RUB;520;18,25;7,2;7,2;;;;;;
RU000A109098;Группа Позитив 001Р-01;5000;08.08.2026;1000;RUB;1000;;;;;;;;;
RU000A109080;Газпром капитал БО-002Р-15;20000;08.08.2026;1000;RUB;1000;;;;;;;;;
RU000A108Y11;ДФФ ЗО28;354,715;08.08.2026;1000;USD;1000;5,35;26,75;2061,38;;;;;;
RU000A1082M3;Рекорд Трейд БО-01;169,269;08.08.2026;1000;RUB;1000;20;16,44;16,44;;;;;;
RU000A1082K7;МФК ВЭББАНКИР 06;350;08.08.2026;1000;RUB;1000;20;16,44;16,44;;;;;;
RU000A107G63;ДжетЛенд БО-01;80;08.08.2026;1000;RUB;1000;21;17,26;17,26;;;;;;
RU000A107480;Лизинг-Трейд 001P-10;200;08.08.2026;1000;RUB;1000;16;13,15;13,15;;;;;;
XS2075963293;Eurasia Capital S.A. UNDT;200;07.08.2026;1000;USD;1000;2;10;770,61;;;;;;
RU000A10FC96;Борец Капитал 001Р-07;4200;07.08.2026;1000;RUB;1000;17,75;14,59;14,59;;;;;;
RU000A10FC88;Патриот Групп 001Р-03;300;07.08.2026;1000;RUB;1000;24;19,73;19,73;;;;;;
RU000A10ESF1;ФДВ Факторинг 001P-01;300;07.08.2026;1000;RUB;1000;23;18,9;18,9;;;;;;
RU000A10DRV2;Защита онлайн БО-01;200;07.08.2026;1000;RUB;1000;26,5;21,78;21,78;;;;;;
RU000A10DRE8;Бустер.Ру БО-02;200;07.08.2026;1000;RUB;1000;24,25;19,93;19,93;;;;;;
RU000A10CCG7;iКаршеринг Руссия 001P-07;1500;07.08.2026;1000;RUB;1000;18,25;15;15;;;;;;
RU000A10CCB8;ПКО СЗА БО-03;100;07.08.2026;1000;RUB;1000;25;20,55;20,55;;;;;;
RU000A10BPV0;Совкомбанк Лизинг БО-П10;10000;07.08.2026;1000;RUB;1000;;;;;;;;;
RU000A10B867;СберИОС 001Р-700R 3Г BSKRUS;100,069;07.08.2026;1000;RUB;1000;0,01;0,02;0,02;;;;;;
RU000A10AV23;РЕСО-Лизинг ООО БО-П-16;5000;07.08.2026;1000;RUB;1000;14,6;12;12;;;;;;
RU000A10AV15;ВИС ФИНАНС БО-П07;1500;07.08.2026;1000;RUB;1000;25,25;20,75;20,75;;;;;;
RU000A10A6N3;СберИОС 001Р-662R 5Г AC IMOEX;120,655;07.08.2026;1000;RUB;1000;0,01;0,01;0,01;;;;;;
RU000A10A398;СИМПЛ 001Р-01;1000;07.08.2026;1000;RUB;1000;;;;;;;;;
RU000A109M22;АЛЬФА-Б C-1-479 (структурные);0;07.08.2026;1000;RUB;1000;0,01;0,18;0,18;;;;;;
RU000A109L72;Республика Саха (Якутия) 35016;6800;07.08.2026;1000;RUB;800;;;;;;;;;
RU000A108V55;АЛЬФА-Б C-1-422 (структурные);0;07.08.2026;1000;RUB;1000;0,01;0,21;0,21;;;;;;
RU000A108Q78;Кеарли Групп 001Р-01;129,456;07.08.2026;1000;RUB;1000;21;17,26;17,26;;;;;;
RU000A108421;СберИОС 001Р-616R 5Г AC RTKM;214,355;07.08.2026;1000;RUB;1000;0,01;0,01;0,01;;;;;;
RU000A108413;СберИОС 001Р-615R 5Г AC TCSG;898,986;07.08.2026;1000;RUB;1000;0,01;0,01;0,01;;;;;;
RU000A107L82;Совкомбанк Т1-01;156,06;07.08.2026;1000;USD;1000;11,708;29,27;2255,58;;;;;;
RU000A107FN1;ТЕХНО Лизинг 001Р-06;300;07.08.2026;1000;RUB;1000;17;13,97;13,97;;;;;;
RU000A107FG5;Транс-Миссия БО-02;300;07.08.2026;1000;RUB;1000;30;24,66;24,66;;;;;;
RU000A107985;СберИОС 001Р-595R 5Г AC MOEXFN;1684,274;07.08.2026;1000;RUB;1000;0,01;0,01;0,01;;;;;;
RU000A1078K5;Ультра БО-02;100;07.08.2026;1000;RUB;1000;18,75;15,41;15,41;;;;;;
RU000A1078H1;СОБИ-ЛИЗИНГ 001Р-03;150;07.08.2026;1000;RUB;160;17,5;1,87;1,87;;;;;;
RU000A1074S7;СберИОС 001Р-591R 5Г AC MOEXOG;520,483;07.08.2026;1000;RUB;1000;0,01;0,01;0,01;;;;;;
RU000A107217;АРЕНЗА-ПРО 001P-03;300;07.08.2026;1000;RUB;1000;20;16,99;16,99;;;;;;
RU000A1040E8;Цифра брокер П01-02;34;07.08.2026;1000;USD;1000;5,5;13,71;1056,51;;;;;;
RU000A1018T2;ДОМ.РФ Ипотечный агент 13-002P;96608,082;07.08.2026;1000;RUB;164,47;;;;;;;;;
RU000A0NR5Z9;Сбер CIB-CO-533 (структурные);0;07.08.2026;1000;RUB;1000;0,01;0,18;0,18;;;;;;
RU000A0NR3B5;Сбер CIB-CO-511 (структурные);0;07.08.2026;1000;RUB;1000;0,01;0,3;0,3;;;;;;
XS2113968148;SovCom  Capital perpetual;300;06.08.2026;1000;USD;1000;2;;;;;;;;
RU000A10F512;iКаршеринг Руссия 001P-08;1201,521;06.08.2026;1000;RUB;1000;22;18,08;18,08;;;;;;
RU000A10F4Z7;МФК Быстроденьги 003Р-02;300;06.08.2026;1000;RUB;1000;22,25;18,29;18,29;;;;;;
RU000A10F397;СФО ТБ-8 класс А1;24000;06.08.2026;1000;RUB;1000;16;31,12;31,12;;;;;;
RU000A10ES57;Газпром капитал ООО БО-003Р-24;40000;06.08.2026;1000;RUB;1000;;;;;;;;;
RU000A10DRF5;Газпром нефть 005P-03R;50000;06.08.2026;1000;RUB;1000;;;;;;;;;
RU000A10D2Q2;Газпром капитал БО-003Р-06;25000;06.08.2026;1000;RUB;1000;;;;;;;;;
RU000A10D2N9;Сибирское Стекло БО-03;200;06.08.2026;1000;RUB;1000;24,25;19,93;19,93;;;;;;
RU000A10CC24;РусГидро БО-002Р-07;50000;06.08.2026;1000;RUB;1000;13,85;11,38;11,38;;;;;;
RU000A10B347;Акрон (ПАО) БО-001P-07;1600;06.08.2026;1000;CNY;1000;10,5;8,63;97,83;;;;;;
RU000A10B2U6;Баррель БО-01;150;06.08.2026;1000;RUB;1000;27;22,19;22,19;;;;;;
RU000A10B2T8;ВИС ФИНАНС БО-П08;1500;06.08.2026;1000;RUB;1000;24;19,73;19,73;;;;;;
RU000A10B2P6;АйДи Коллект 001P-01;1300;06.08.2026;1000;RUB;1000;26;21,37;21,37;;;;;;
RU000A10AUX8;НОВАТЭК 001Р-03;500;06.08.2026;100;USD;100;9,4;0,77;59,34;;ruAAA;;;;
RU000A10AUG3;АПРИ БО-002Р-07;305;06.08.2026;1000;RUB;1000;29,5;24,25;24,25;;;;;;
RU000A10ADC8;ВЭБ.РФ ПБО-002Р-К599;3000;06.08.2026;1000;RUB;1000;15,65;78,04;78,04;;;;;;
RU000A10A349;РусГидро БО-002Р-01;40000;06.08.2026;1000;RUB;1000;;;;;;;;;
RU000A109SP5;Эталон-Финанс 002Р-02;8000;06.08.2026;1000;RUB;1000;;;;;;;;;
RU000A109A34;СберИОС 001Р-644R 5Г AC IMOEX;22,486;06.08.2026;1000;RUB;1000;0,01;0,01;0,01;;;;;;
RU000A109981;Джи-групп 002P-05;2000;06.08.2026;1000;RUB;1000;;;;;;;;;
RU000A109908;МВ ФИНАНС 001Р-05;3750;06.08.2026;1000;RUB;1000;;;;;;;;;
RU000A108ZU2;МГКЛ-001Р-06;500;06.08.2026;1000;RUB;1000;23;18,9;18,9;;;;;;
RU000A108AL4;Интерлизинг 001Р-08;3000;06.08.2026;1000;RUB;560;15,75;6,54;6,54;;;;;;
RU000A108AK6;Фордевинд 05;431,434;06.08.2026;1000;RUB;1000;22;18,08;18,08;;;;;;
RU000A108AJ8;МСБ-Лизинг 003P-03;278,894;06.08.2026;1000;RUB;333,4;18;4,44;4,44;;;;;;
RU000A1082G5;ЕвроТранс 002Р-01;2000;06.08.2026;1000;RUB;1000;15,5;12,74;12,74;;;;;;
RU000A107RB1;Банк ВТБ С-1-901 (структурные);0;06.08.2026;1000;RUB;1000;0,01;0,25;0,25;;;;;;
RU000A107EW5;МФК Джой Мани 001P-01;250;06.08.2026;1000;RUB;1000;17;13,97;13,97;;;;;;
RU000A107C59;Совкомбанк СЗО-02;16,773;06.08.2026;1000;USD;1000;10,328;25,82;1989,72;;;;;;
RU000A106XR7;СберИОС 001Р-588R 5Г AC MOEXFN;1499,975;06.08.2026;1000;RUB;1000;0,01;0,01;0,01;;;;;;
RU000A106P63;ФЭС-Агро 001Р-01;1000;06.08.2026;1000;RUB;500;14;17,45;17,45;;;;;;
RU000A106K43;РЖД БО 001Р-26R;30000;06.08.2026;1000;RUB;1000;;;;;;;;;
RU000A106EP1;ПР-Лизинг ООО БО 002Р-02;1500;06.08.2026;1000;RUB;1000;18;14,79;14,79;;;;;;
RU000A106EM8;Балтийский лизинг ООО БО-П08;10000;06.08.2026;1000;RUB;1000;18;14,79;14,79;;;;;;
RU000A1067H4;ЛЕГЕНДА БО 002Р-01;3000;06.08.2026;1000;RUB;1000;;;;;;;;;
RU000A105TP1;Магнит ПАО БО-004Р-03;30000;06.08.2026;1000;RUB;1000;15,75;39,27;39,27;;;;;;
RU000A105R62;Газпром капитал ООО ЗО28-1-Д;410,083;06.08.2026;1000;USD;1000;4,95;24,75;1907,26;;;;;;
RU000A105EW9;ГК Сегежа 003P-01R;500;06.08.2026;1000;CNY;1000;15,5;38,64;438,02;;;;;;
RU000A103C87;СберИОС 001Р-454R 5Y СМШ;158,013;06.08.2026;1000;RUB;1000;0,01;0,5;0,5;;;;;;
RU000A101NH0;Мобильные ТелеСистемы 001P-16;7000;06.08.2026;1000;RUB;1000;6,6;16,45;16,45;;;;;;
RU000A101NG2;Мобильные ТелеСистемы 001P-15;5000;06.08.2026;1000;RUB;1000;6,6;16,45;16,45;;;;;;
RU000A1011B5;Краснодарский край 35003 обл.;10000;06.08.2026;1000;RUB;400;6,95;6,93;6,93;;;;;;
RU000A0ZZGT5;РЖД ОАО БО 001Р-08R;10000;06.08.2026;1000;RUB;1000;15,32;76,39;76,39;;;;;;
RU000A0ZYT40;ПАО НК Роснефть 002P-04;50000;06.08.2026;1000;RUB;1000;8;39,89;39,89;;;;;;
RU000A0P1VY5;АЛЬФА-Б C-1-314 (структурные);0;06.08.2026;1000;RUB;1000;0,01;0,23;0,23;;;;;;
RU000A0P1NQ8;АЛЬФА-Б C-1-282 (структурные);0;06.08.2026;1000;RUB;1000;0,01;0,25;0,25;;;;;;
RU000A0NR847;Банк ВТБ С-1-597 (структурные);0;06.08.2026;1000;RUB;1000;0,01;0,28;0,28;;;;;;
RU000A0NR7S0;Банк ВТБ С-1-585 (структурные);0;06.08.2026;1000;RUB;1000;0,01;0,3;0,3;;;;;;
RU000A0JXZB2;Российские ЖД БО-001P-04R;15000;06.08.2026;1000;RUB;1000;14,5;72,3;72,3;;;;;;
RU000A0ZYZ26;ОФЗ-ИН 52002 02/02/28;250000;05.08.2026;1000;RUB;1751,22;2,5;21,87;21,87;;;;;;
RU000A0JS3W6;ОФЗ-ПД 26207 03/02/27;370200,604;05.08.2026;1000;RUB;1000;8,15;40,64;40,64;;;;;;
RU000A10F4F9;Газпром нефть 005Р-07R;87000;05.08.2026;1000;RUB;1000;;;;;;;;;
RU000A10ES32;ОДК 001P-01;15000;05.08.2026;1000;RUB;1000;17;13,97;13,97;;;;;;
RU000A10ES24;ООО Л-Старт БО-03;210,5;05.08.2026;1000;RUB;1000;28,5;23,42;23,42;;;;;;
RU000A10ES16;ОДК 001P-02;2000;05.08.2026;1000;RUB;1000;;;;;;;;;
RU000A10ERV0;Магнит ПАО БО-006Р-02;64000;05.08.2026;1000;RUB;1000;;;;;;;;;
RU000A10ERS6;Бустер.Ру БО-03;300;05.08.2026;1000;RUB;1000;23,5;19,32;19,32;;;;;;
RU000A10E7Q0;АЛЬФА-БАНК 002P-31;30000;05.08.2026;1000;RUB;1000;14,93;12,27;12,27;;;;;;
RU000A10E7K3;реСтор 001Р-03;2000;05.08.2026;1000;RUB;1000;18,75;15,41;15,41;;;;;;
RU000A10DSG1;Новосибирская область 34028;17500;05.08.2026;1000;RUB;1000;;;;;;;;;
RU000A10DQM3;Центр-резерв БО-06;130;05.08.2026;1000;RUB;1000;25;20,55;20,55;;;;;;
RU000A10DQL5;МЕТАЛЛОИНВЕСТ 002P-03;20000;05.08.2026;1000;RUB;1000;;;;;;;;;
RU000A10DF38;СФО ВТБ РКС Эталон 07;42500;05.08.2026;1000;RUB;659,26;17,8;9,16;9,16;;;;;;
RU000A10D1W2;МегаФон ПАО БО-002Р-10;30000;05.08.2026;1000;RUB;1000;;;;;;;;;
RU000A10D1U6;Бустер.Ру БО-01;300;05.08.2026;1000;RUB;1000;24,5;20,14;20,14;;;;;;
RU000A10CP78;"ПАО ""ПСБ"" 004P-01";25000;05.08.2026;1000;RUB;1000;14,25;11,71;11,71;;;;;;
RU000A10CP52;Газпром капитал ООО БО-003Р-19;5000;05.08.2026;1000;CNY;1000;6,4;5,26;59,63;1;AAA;;;;
RU000A10CMT9;МКПАО ЯНДЕКС 001Р-02;25000;05.08.2026;1000;RUB;1000;13,5;11,1;11,1;;;;;;
RU000A10CEA6;Банк ВТБ С-1-1589 структурные;0;05.08.2026;1000;RUB;1000;0,01;0,05;0,05;;;;;;
RU000A10BSL5;Ростелеком ПАО 001P-17R;15000;05.08.2026;1000;RUB;1000;16,5;13,56;13,56;;;;;;
RU000A10BS76;ВУШ БО 001P-04;5000;05.08.2026;1000;RUB;1000;20,25;16,64;16,64;;;;;;
RU000A10BS68;Уральская Сталь БО-001Р-04;20;05.08.2026;100;USD;100;12,75;1,05;80,91;;;;;;
RU000A10B2M3;МФК Быстроденьги 002Р-08;250;05.08.2026;1000;RUB;1000;22;18,08;18,08;;;;;;
RU000A10B2F7;ЛК Роделен БО 002P-03;1000;05.08.2026;1000;RUB;1000;25,5;20,96;20,96;;;;;;
RU000A10B2D2;Патриот Групп 001Р-01;300;05.08.2026;1000;RUB;1000;27;22,19;22,19;;;;;;
RU000A10AYJ9;Росагролизинг 002P-05;8000;05.08.2026;1000;RUB;1000;;;;;;;;;
RU000A10AUE8;РЖД БО 001P-36R;20000;05.08.2026;1000;RUB;1000;19,95;16,4;16,4;;;;;;
RU000A10ABC2;Новосибирская область 34026;27800;05.08.2026;1000;RUB;700;;;;;;;;;
RU000A10A1U9;СибАвтоТранс 001Р-04;300;05.08.2026;1000;RUB;1000;28;23,01;23,01;;;;;;
RU000A10A0H8;ВЕРАТЕК-01;500;05.08.2026;1000;RUB;1000;26;64,82;64,82;;;;;;
RU000A109LL9;СберИОС 001Р-649R 5Г AC LKOH;186,262;05.08.2026;1000;RUB;1000;0,01;0,01;0,01;;;;;;
RU000A1095W4;Ростелеком ПАО 001P-09R;15000;05.08.2026;1000;RUB;1000;;;;;;;;;
RU000A108U80;СберИОС 001Р-631R 5Г AC MOEXIT;206,54;05.08.2026;1000;RUB;1000;0,01;0,01;0,01;;;;;;
RU000A108A19;ГК Солтон БО-01;63,758;05.08.2026;1000;RUB;1000;;;;;;;;;
RU000A107RH8;МКПАО ОК РУСАЛ БО-001P-06;1000;05.08.2026;1000;CNY;1000;7,2;17,95;203,48;;;;;;
RU000A107EE3;СОБИ-ЛИЗИНГ 001Р-04;150;05.08.2026;1000;RUB;190;19;2,5;2,5;;;;;;
RU000A106987;Лизинг-Трейд 001P-08;200;05.08.2026;1000;RUB;958,4;14,5;10,93;10,93;;;;;;
RU000A103CR8;СберИОС 001Р-456R 5Г DEF ИНД;58,413;05.08.2026;1000;RUB;1000;0,01;0,5;0,5;;;;;;
RU000A103BG3;Сбер CIB-CO-19 (структурные);0;05.08.2026;1000;RUB;1000;0,01;0,5;0,5;;;;;;
RU000A102TK9;ЮСКДевелопмент 02К;90;05.08.2026;10000;RUB;5500;8,8;39,78;39,78;;;;;;
RU000A100QA0;ГК Самолет БО-П06;500;05.08.2026;1000;RUB;1000;18,75;46,75;46,75;;;;;;
RU000A1006C3;Пионер-Лизинг БО-П02;300;05.08.2026;1000;RUB;1000;20,75;17,05;17,05;;;;;;
RU000A0NRC00;Банк ВТБ С-1-614 (структурные);0;05.08.2026;1000;RUB;1000;0,01;0,3;0,3;;;;;;
RU000A10FBK4;Арлифт 001Р-02;630;04.08.2026;1000;RUB;1000;23,25;19,11;19,11;;;;;;
RU000A10F470;ТрансКонтейнер П02-03;10000;04.08.2026;1000;RUB;1000;16,5;13,56;13,56;;;;;;
RU000A10E7G1;НоваБев Групп 003Р-02;5000;04.08.2026;1000;RUB;1000;15,25;12,53;12,53;;;;;;
RU000A10E7D8;ЛКПРОГР БО-01;200;04.08.2026;1000;RUB;1000;26,5;21,78;21,78;;;;;;
RU000A10E6Q2;ИКС 5 ФИНАНС 003P-16;20000;04.08.2026;1000;RUB;1000;;;;;;;;;
RU000A10CW87;СФО ВТБ РКС Эталон 06;37500;04.08.2026;1000;RUB;648,03;18;9,26;9,26;;;;;;
RU000A10BRY0;С-ПРИНТ БО-02;100;04.08.2026;1000;RUB;1000;29;23,84;23,84;;;;;;
RU000A10BBG1;ТЕХНО Лизинг 001Р-07;700;04.08.2026;1000;RUB;1000;27;19,97;19,97;;;;;;
RU000A10BBE6;ХК Новотранс 001P-06;10500;04.08.2026;1000;RUB;1000;18,75;15,41;15,41;;;;;;
RU000A10BBD8;ЯТЭК 001Р-06;5500;04.08.2026;1000;RUB;1000;;;;;;;;;
RU000A10BBC0;АйДи Коллект 001P-03;200;04.08.2026;1000;RUB;1000;19,5;16,03;16,03;;;;;;
RU000A10BAP4;Эталон-Финанс 002Р-03;6750;04.08.2026;1000;RUB;1000;25,5;20,96;20,96;;;;;;
RU000A10B263;АБЗ-1 002P-02;1000;04.08.2026;1000;RUB;1000;;;;;;;;;
RU000A10B255;Михайловский Молочный Завод-02;85;04.08.2026;1000;RUB;880;27;19,2;19,2;;;;;;
RU000A10B214;Ростелеком ПАО 001P-15R;15000;04.08.2026;1000;RUB;1000;18,75;15,41;15,41;;;;;;
RU000A10AU73;ГТЛК БО 002P-07;15000;04.08.2026;1000;RUB;1000;24;19,73;19,73;;;;;;
RU000A109X03;СберИОС 001Р-656R 5Г AC LKOH;206,835;04.08.2026;1000;RUB;1000;0,01;0,01;0,01;;;;;;
RU000A109890;МФК ВЭББАНКИР 07;111,717;04.08.2026;1000;RUB;1000;;;;;;;;;
RU000A109874;ГК Самолет БО-П15;5000;04.08.2026;1000;RUB;1000;19,5;16,03;16,03;;;;;;
RU000A1095M5;Банк ВТБ (ПАО) Б-1-360;50000;04.08.2026;1000;RUB;1000;;;;;;;;;
RU000A1093L2;ВЭБ.РФ ПБО-002Р-46;45000;04.08.2026;1000;RUB;1000;;;;;;;;;
RU000A1093K4;СберИОС 001Р-638R 5Г AC MOEXFN;47,401;04.08.2026;1000;RUB;1000;0,01;0,01;0,01;;;;;;
RU000A108U98;СберИОС 001Р-630R 5Г AC Лукойл;423,767;04.08.2026;1000;RUB;1000;0,01;0,01;0,01;;;;;;
RU000A108F63;МФК Быстроденьги 002Р-06;418,184;04.08.2026;1000;RUB;1000;;;;;;;;;
RU000A108C09;СберИОС 001Р-621R 5Г AC SBER;913,513;04.08.2026;1000;RUB;1000;0,01;0,01;0,01;;;;;;
RU000A107R29;ЕнисейАгроСоюз БО 001P-01;400;04.08.2026;1000;RUB;1000;18,5;46,12;46,12;;;;;;
RU000A107P88;СберИОС 001Р-602R 5Г AC SBER;1146,17;04.08.2026;1000;RUB;1000;0,01;0,01;0,01;;;;;;
RU000A107FW2;СФО ТЕМП 01;90;04.08.2026;1000;RUB;377,22;14,5;13,64;13,64;;;;;;
RU000A107EC7;Россети Ленэнерго ПАО 001P-01;10000;04.08.2026;1000;RUB;1000;;;;;;;;;
RU000A107DB1;СберИОС 001Р-598R 5Г AC TATN;453,695;04.08.2026;1000;RUB;1000;0,01;0,01;0,01;;;;;;
RU000A107605;Газпром нефть БО 003P-07R;34000;04.08.2026;1000;RUB;1000;;;;;;;;;
RU000A107209;Сибирское Стекло БО-П04;300;04.08.2026;1000;RUB;1000;21,5;17,67;17,67;;;;;;
RU000A1071Z8;АйДи Коллект 05;722,94;04.08.2026;1000;RUB;1000;19,5;16,03;16,03;;;;;;
RU000A105DS9;АПРИ БО-002Р-01;500;04.08.2026;1000;RUB;1000;24;59,84;59,84;;;;;;
RU000A105DR1;ФСК Россети БО-07;15000;04.08.2026;1000;RUB;1000;9,7;24,18;24,18;;;;;;
RU000A105DN0;ФСК Россети БО-06;10000;04.08.2026;1000;RUB;1000;9,7;24,18;24,18;;;;;;
RU000A1020L5;Самарская область 35015;5000;04.08.2026;1000;RUB;200;5,8;2,89;2,89;;;;;;
RU000A100Q50;ГК Самолет БО-П05;280;04.08.2026;1000;RUB;1000;19;47,37;47,37;;;;;;
RU000A0ZYFN3;ДОМ.РФ (ПАО) БО-10;10000;04.08.2026;1000;RUB;1000;14,25;35,53;35,53;;;;;;
RU000A0ZYFM5;ДОМ.РФ (ПАО) БО-08;5000;04.08.2026;1000;RUB;1000;14,25;35,53;35,53;;;;;;
RU000A0NR2W3;Сбер CIB-CO-471;122,179;04.08.2026;1000;RUB;1000;0,01;0,31;0,31;;;;;;
RU000A0NR2V5;Сбер CIB-CO-470;522,635;04.08.2026;1000;RUB;1000;0,01;0,31;0,31;;;;;;
RU000A10FBH0;Ростелеком ПАО 001P-26R;20000;03.08.2026;1000;RUB;1000;;;;;;;;;
RU000A10FBG2;Трансмашхолдинг АО ПБО-08;20000;03.08.2026;1000;RUB;1000;;;;;;;;;
RU000A10FBB3;ЛЕГЕНДА БО 002P-07;1250;03.08.2026;1000;RUB;1000;19;15,62;15,62;;;;;;
RU000A10EWA4;СФО ВТБ РКС Олимп A4;6000;03.08.2026;1000;RUB;1000;15,5;13,16;13,16;;;;;;
RU000A10EW93;СФО ВТБ РКС Олимп A3;5850;03.08.2026;1000;RUB;1000;15,3;12,99;12,99;;;;;;
RU000A10EW85;СФО ВТБ РКС Олимп А2;11150;03.08.2026;1000;RUB;1000;16,6;14,1;14,1;;;;;;
RU000A10EW77;СФО ВТБ РКС Олимп A1;8000;03.08.2026;1000;RUB;1000;16;9,83;9,83;;;;;;
RU000A10EG44;ИЛОН 001Р-01;1250;03.08.2026;1000;RUB;1000;17,7;14,55;14,55;;;;;;
RU000A10EG28;Группа компаний Медси 001P-04;5500;03.08.2026;1000;RUB;1000;;;;;;;;;
RU000A10E747;ГК Сегежа 003P-10R;2903,888;03.08.2026;1000;RUB;1000;25;20,55;20,55;;;;;;
RU000A10E739;Ростелеком ПАО 001P-22R;15000;03.08.2026;1000;RUB;1000;14,75;12,12;12,12;;;;;;
RU000A10DSD8;СФО ТБ-6 класс Б2;4000;03.08.2026;1000;RUB;1000;18;15,29;15,29;;;;;;
RU000A10DSC0;СФО ТБ-6 класс Б1;8000;03.08.2026;1000;RUB;1000;18;15,29;15,29;;;;;;
RU000A10D1J9;ЭЛЕКТРОРЕШЕНИЯ 001Р-02;1000;03.08.2026;1000;RUB;1000;22,5;18,49;18,49;;BBB(ru);;;;
RU000A10CB66;ГК Сегежа 003P-06R;7000;03.08.2026;1000;RUB;1000;23,5;19,32;19,32;;ruBB-;;;;
RU000A10C8F3;Брусника 002Р-04;7500;03.08.2026;1000;RUB;1000;21,5;17,67;17,67;;;;;;
RU000A10C0X3;ЭН+ГИДРО 001РС-07;1950;03.08.2026;1000;CNY;1000;;;;;;;;;
RU000A10BRR4;РусГидро БО-002Р-06;50000;03.08.2026;1000;RUB;1000;;;;;;;;;
RU000A10BRN3;Сибирский КХП 001P-04;150;03.08.2026;1000;RUB;1000;;;;;;;;;
RU000A10BB83;Роял Капитал БО-02;150;03.08.2026;1000;RUB;1000;31;25,48;25,48;;D;;;;
RU000A10BB75;ЕвроТранс БО-001Р-07;4300;03.08.2026;1000;RUB;1000;24,5;20,14;20,14;;;;;;
RU000A10B5U9;СберИОС 001Р-697R 5Г BSKRUS;393,683;03.08.2026;1000;RUB;1000;0,01;0,02;0,02;;;;;;
RU000A10B1X2;Селигдар 001Р-02;3500;03.08.2026;1000;RUB;1000;24;19,73;19,73;1;AA-;;;;
RU000A10AZU3;СберИОС 001Р-689R 2Г BSKRUS;100,754;03.08.2026;1000;RUB;1000;0,01;0,01;0,01;;;;;;
RU000A10ANF0;СберИОС 001Р-673R 5Г BSKRUS;465,242;03.08.2026;1000;RUB;1000;0,01;0,01;0,01;;;;;;
RU000A10A141;ЕвроТранс БО-001Р-05;2000;03.08.2026;1000;RUB;1000;25;20,55;20,55;;;;;;
RU000A10A133;ЕвроТранс БО-001Р-04;57,323;03.08.2026;1000;RUB;1000;14;11,51;11,51;;;;;;
RU000A109HX2;ВУШ БО 001P-03;4000;03.08.2026;1000;RUB;1000;;;;;;;;;
RU000A109825;АЗБУКА ВКУСА БОП3;1050;03.08.2026;1000;RUB;1000;;;;;;;;;
RU000A1097X8;БИАНКА ПРЕМИУМ БО-01;200;03.08.2026;1000;RUB;1000;23;18,9;18,9;;BB;;;;
RU000A1093H0;СберИОС 001Р-636R 5Г AC Яндекс;103,586;03.08.2026;1000;RUB;1000;0,01;0,01;0,01;;;;;;
RU000A108P61;ПАО Россети Моск.рег. БО1Р06;20000;03.08.2026;1000;RUB;1000;;;;;;;;;
RU000A108K25;СберИОС 001Р-623R 5Г AC MOEXIT;531,029;03.08.2026;1000;RUB;1000;0,01;0,01;0,01;;;;;;
RU000A108F97;СФО Румберг СП-1-4;26,661;03.08.2026;1000;RUB;1000;0;0,01;0,01;;;;;;
RU000A108DP9;АрлифтИнтернешнл БО-01;34,453;03.08.2026;1000;RUB;500;23,5;29,29;29,29;;;;;;
RU000A107XB9;ВЭБ.РФ ПБО-002Р-42;50000;03.08.2026;1000;RUB;1000;;;;;;;;;
RU000A107ST1;АРЕНЗА-ПРО 001P-04;400;03.08.2026;1000;RUB;1000;;;;;;;;;
RU000A107SG8;СИМПЛ СОЛЮШНЗ КЭПИТЛ 001Р-01;500;03.08.2026;1000;RUB;1000;;;;;;;;;
RU000A107KR2;МигКредит БО-04;300;03.08.2026;1000;RUB;280;21;4,14;4,14;;;;;;
RU000A1071U9;Элемент Лизинг БО 001P-06;2500;03.08.2026;1000;RUB;113,6;15,5;1,09;1,09;;;;;;
RU000A106ZP6;СФО ВТБ РКС Эталон 03;10000;03.08.2026;1000;RUB;299,97;13,5;3,12;3,12;;;;;;
RU000A1062J1;СФО ВТБ РКС Эталон 02;10000;03.08.2026;1000;RUB;115,36;11;0,87;0,87;;;;;;
RU000A1052C7;Совкомбанк Т2-01;163,6;03.08.2026;200000;USD;200000;6,5;6482,19;499524,69;;;;;;
RU000A102QN9;Банк ВТБ ПАО СУБ-Т1-4;19,375;03.08.2026;125000;EUR;125000;6,3;3926,71;343205,06;;;;;;
RU000A102QM1;Банк ВТБ ПАО СУБ-Т1-3;88,5;03.08.2026;150000;USD;150000;8,15;6095,75;469745,2;;;;;;
RU000A102QL3;Банк ВТБ ПАО СУБ-Т1-2;17301,382;03.08.2026;11382488;RUB;11382488;21;1191886,83;1191886,83;;;;;;
RU000A102QJ7;Банк ВТБ ПАО СУБ-Т1-1;825;03.08.2026;150000;USD;150000;5;3739,73;288187,71;;;;;;
RU000A1010D3;Республика Саха (Якутия) об.13;5000;03.08.2026;1000;RUB;300;6,95;5,2;5,2;;;;;;
RU000A100T81;ЮниМетрикс 01;400;03.08.2026;1000;RUB;250;12;2,47;2,47;;;;;;
RU000A10FAN0;АЛРОСА 002Р-02;30000;02.08.2026;1000;RUB;1000;;;;;;;;;
RU000A10FAL4;ИСП 001Р-01;300;02.08.2026;1000;RUB;1000;21;17,26;17,26;;;;;;
RU000A10EFW3;ЛАЗЕРНЫЕ СИСТЕМЫ-02;200;02.08.2026;1000;RUB;1000;20,75;17,05;17,05;;;;;;
RU000A10E6V2;ИКС 5 ФИНАНС 003P-17;15000;02.08.2026;1000;RUB;1000;14,5;11,92;11,92;;;;;;
RU000A10E6U4;ГК Самолет БО-П19;5000;02.08.2026;1000;RUB;1000;21;17,26;17,26;;;;;;
RU000A10E6T6;Акрон (ПАО) БО-002P-02;1500;02.08.2026;1000;CNY;1000;6,8;5,59;63,37;;;;;;
RU000A10E6S8;ТД РКС 002Р-07;400;02.08.2026;1000;RUB;1000;26;21,37;21,37;;;;;;
RU000A10DQ68;СелоЗеленое 001Р-02;3500;02.08.2026;1000;RUB;1000;17,25;14,18;14,18;;;;;;
RU000A10CAQ0;АЛЬФА ДОН ТРАНС БО-01;300;02.08.2026;1000;RUB;1000;28;23,01;23,01;;;;;;
RU000A10C0V7;ЭР-Телеком Холдинг ПБО-02-10;11000;02.08.2026;1000;RUB;1000;;;;;;;;;
RU000A10BZT3;Биннофарм Групп 001Р-06;2000;02.08.2026;1000;RUB;1000;19,5;16,03;16,03;;;;;;
RU000A10BQK1;СФО ВТБ РКС Эталон 05;12500;02.08.2026;1000;RUB;477,23;21,7;8,09;8,09;;;;;;
RU000A10B9Q9;ГЛОРАКС 001Р-04;2200;02.08.2026;1000;RUB;1000;25,5;20,96;20,96;?;BBB+;;;;
RU000A10B1Q6;Джи-групп 002P-06;1500;02.08.2026;1000;RUB;1000;24,75;20,34;20,34;;;;;;
RU000A10B1N3;Мобильные ТелеСистемы 002P-07;20000;02.08.2026;1000;RUB;1000;14,6;12;12;;;;;;
RU000A10B1M5;Нафтатранс плюс ООО БО-07;250;02.08.2026;1000;RUB;1000;28;23,01;23,01;;;;;;
RU000A109S91;ПАО Россети Моск.рег. БО1Р07;5000;02.08.2026;1000;RUB;1000;;;;;;;;;
RU000A109S83;МОНОПОЛИЯ 001P-01;289,707;02.08.2026;1000;RUB;1000;;;;;;;;;
RU000A1077X0;Интерлизинг 001Р-07;4500;02.08.2026;1000;RUB;200;16;2,1;2,1;;;;;;
RU000A107720;МК Лизинг БO-01;350;02.08.2026;1000;RUB;278,5;17,65;3,34;3,34;;;;;;
RU000A106VV3;РЖД БО 001Р-27R;30000;02.08.2026;1000;RUB;1000;;;;;;;;;
RU000A0ZYH93;Новосибирск  мун.обл. 2017;5000;02.08.2026;1000;RUB;50;7,85;0,86;0,86;;;;;;
RU000A10FA72;АФК Система БО 002Р-14;10000;01.08.2026;1000;RUB;1000;17,5;14,38;14,38;;;;;;
RU000A10FA64;ИНАРКТИКА 002Р-06;3000;01.08.2026;1000;RUB;1000;;;;;;;;;
RU000A10F7R7;Сбербанк ПАО 001Р-SBER56;75000;01.08.2026;1000;RUB;1000;13,4;11,01;11,01;;;;;;
RU000A10ERH9;АВТОБАН-Финанс АО БО-П09;5000;01.08.2026;1000;RUB;1000;1;A+;;;;;;;
RU000A10ERE6;АВТОБАН-Финанс АО БО-П08;8500;01.08.2026;1000;RUB;1000;16,9;13,89;13,89;1;A+;;;;
RU000A10ERD8;УПТК-65 001Р-02;300;01.08.2026;1000;RUB;1000;22;18,08;18,08;;;;;;
RU000A10ERC0;АПРИ БО-002Р-14;5000;01.08.2026;1000;RUB;1000;24,75;20,34;20,34;;;;;;
RU000A10ER41;ФЛИТ 001Р-03;1000;01.08.2026;1000;RUB;1000;16;12,06;12,06;;;;;;
RU000A10ENP1;СФО Альфа Фабрика ПК-3 класс А;20000;01.08.2026;1000;RUB;1000;16,3;12,46;12,46;;;;;;
RU000A10EF11;iПРОМОМЕД ДМ 002P-03;6800;01.08.2026;1000;RUB;1000;;;;;;;;;
RU000A10EEZ9;Селектел 001P-07R;7000;01.08.2026;1000;RUB;1000;15;12,33;12,33;;;;;;
RU000A10DXE6;СФО Альфа Фабрика ПК-2 класс А;10000;01.08.2026;1000;RUB;882,24;16,8;11,27;11,27;;;;;;
RU000A10DPW4;АФК Система БО 002Р-06;3750;01.08.2026;1000;RUB;1000;17,75;14,59;14,59;;;;;;
RU000A10DPV6;АФК Система БО 002Р-07;2750;01.08.2026;1000;RUB;1000;;;;;;;;;
RU000A10CN62;ПКО ЮСВ 1Р1;500;01.08.2026;1000;RUB;1000;;;;;;;;;
RU000A10CN47;Роял Капитал БО-03;100;01.08.2026;1000;RUB;1000;29;23,84;23,84;;;;;;
RU000A10CKS5;СФО Альфа Фабрика ПК-1 класс А;10000;01.08.2026;1000;RUB;622,35;16;7,39;7,39;;;;;;
RU000A10BZQ9;Сэтл-Групп ООО БО 002P-05;7000;01.08.2026;1000;RUB;1000;;;;;;;;;
RU000A10B933;Селигдар 001Р-03;9500;01.08.2026;1000;RUB;1000;23,25;19,11;19,11;;;;;;
RU000A10B925;ЕнисейАгроСоюз БО 001P-02;200;01.08.2026;1000;RUB;1000;;;;;;;;;
RU000A10B8X7;ДАРС-Девелопмент 001Р-03;1000;01.08.2026;1000;RUB;1000;26;21,37;21,37;;;;;;
RU000A10ATS0;ЕвроТранс БО-001Р-06;1930;01.08.2026;1000;RUB;1000;25;20,55;20,55;;;;;;
RU000A10AA28;Акрон (ПАО) БО-001P-06;11500;01.08.2026;1000;RUB;1000;;;;;;;;;
RU000A10AA10;ПСБ Лизинг БО-П01;1000;01.08.2026;1000;RUB;1000;25;20,55;20,55;;;;;;
RU000A10A9Z1;Магнит ПАО БО-004Р-05;12500;01.08.2026;1000;RUB;1000;;;;;;;;;
RU000A109NC4;СФО ВТБ РКС Эталон 04;20000;01.08.2026;1000;RUB;303,67;21,5;5,06;5,06;;;;;;
RU000A108VL0;ГПБ (АО) БО 005Р-12Р;537,366;01.08.2026;1000;RUB;1000;;;;;;;;;
RU000A107W55;Банк ВТБ (ПАО) Б-1-351;5361,517;01.08.2026;1000;RUB;1000;14,75;12,53;12,53;;;;;;
RU000A107SA1;ЛК Роделен БО 002P-02;1000;01.08.2026;1000;RUB;1000;16;12,49;12,49;;;;;;
RU000A107S85;МФК Саммит 001Р-03;150;01.08.2026;1000;RUB;334,4;;;;;;;;;
RU000A107B35;Банк ВТБ (ПАО) Б-1-346;3269,736;01.08.2026;1000;RUB;1000;14,5;12,32;12,32;;;;;;
RU000A107795;МФК Лайм-Займ 04;500;01.08.2026;1000;RUB;500;16;6,58;6,58;;;;;;
RU000A1070X5;АБЗ-1 001P-05;2000;01.08.2026;1000;RUB;340;12;1,73;1,73;;;;;;
RU000A106TM6;Банк ВТБ (ПАО) Б-1-343;14901,802;01.08.2026;1000;RUB;1000;14,5;12,32;12,32;;;;;;
RU000A105RF6;Лизинг-Трейд 001P-06;150;01.08.2026;1000;RUB;792;14,5;8,94;8,94;;;;;;
RU000A104XR2;Автодор ГК БО-003Р-02;30513,1;01.08.2026;1000;RUB;1000;10,65;53,1;53,1;;;;;;
RU000A1032P1;ООО «СФО ВТБ РКС-1 »;35000;01.08.2026;1000;RUB;103,96;8;0,55;0,55;;;;;;
RU000A0JV4R9;ДОМ.РФ (ПАО) обл. сер. А31;7000;01.08.2026;1000;RUB;1000;15,5;76,86;76,86;;;;;;
RU000A0JTZF1;ДОМ.РФ (ПАО) обл. сер.А26;6000;01.08.2026;1000;RUB;600;15,5;23,44;23,44;;;;;;
RU000A10ER66;ФосАгро БО-02-06;70000;31.07.2026;1000;RUB;1000;13,75;11,3;11,3;;;;;;
RU000A10EQV2;БиоВитрум 001Р-02;250;31.07.2026;1000;RUB;1000;23,25;19,11;19,11;;;;;;
RU000A10EES4;ВИС ФИНАНС БО-П11;2500;31.07.2026;1000;RUB;1000;17;13,97;13,97;;;;;;
RU000A10DPM5;Магнит ПАО БО-005Р-05;26650;31.07.2026;1000;RUB;1000;;;;;;;;;
RU000A10DPJ1;Группа Продовольствие БО-02;200;31.07.2026;1000;RUB;1000;25;20,55;20,55;;;;;;
RU000A10DE54;Лид Капитал 001Р-01;6,652;31.07.2026;100;USD;100;13,5;1,11;85,54;1;A-;;;;
RU000A10C9Z9;УПТК-65 001Р-01;200;31.07.2026;1000;RUB;1000;23;18,9;18,9;?;;;;;
RU000A10C9Y2;НОВАТЭК 001Р-05;750;31.07.2026;1000;USD;1000;7;5,75;443,1;;;;;;
RU000A10C7G3;СберИОС 001Р-737R 1Y IMOEX;92,463;31.07.2026;1000;RUB;1000;0,01;0,1;0,1;;;;;;
RU000A10C2N0;ГПБ (АО) БО 004Р-23;762,707;31.07.2026;1000;RUB;1000;0,01;0,1;0,1;;;;;;
RU000A10BWA0;ВТБ Факторинг 001P-02;49000;31.07.2026;1000;RUB;1000;;;;;;;;;
RU000A10BVY2;ВТБ Факторинг 001P-01;50000;31.07.2026;1000;RUB;1000;;;;;;;;;
RU000A10BVN5;ГПБ (АО) БО 004Р-22;492,809;31.07.2026;1000;RUB;1000;0,01;0,1;0,1;;;;;;
RU000A10BRM5;Акрон (ПАО) БО-001P-09;200;31.07.2026;1000;USD;1000;7,75;6,37;490,88;;;;;;
RU000A10BR02;Нео-Пак БО-01;130;31.07.2026;1000;RUB;1000;35;28,77;28,77;;;;;;
RU000A10BMS3;АЛЬФА-Б C-1-693 (структурные);0;31.07.2026;1000;RUB;1000;0,01;0,1;0,1;;;;;;
RU000A10BK17;Газпром нефть БО 003P-15R;120000;31.07.2026;1000;RUB;1000;2;1,64;1,64;;;;;;
RU000A10BK09;Газпром нефть БО 003P-14R;42500;31.07.2026;1000;RUB;1000;;;;;;;;;
RU000A10B8P3;ИНАРКТИКА 002Р-03;2000;31.07.2026;1000;RUB;1000;;;;;;;;;
RU000A10B8M0;Сэтл-Групп ООО БО 002P-04;6000;31.07.2026;1000;RUB;1000;23,9;19,64;19,64;;;;;;
RU000A10B8L2;Банк ВТБ (ПАО) Б-1-375;5500;31.07.2026;1000;RUB;1000;;;;;;;;;
RU000A10AYZ5;СберИОС 001Р-686R 5Г BSKRUS;154,066;31.07.2026;1000;RUB;1000;0,01;0,01;0,01;;;;;;
RU000A10ATR2;ГЛОРАКС 001P-03;1400;31.07.2026;1000;RUB;1000;28;23,01;23,01;;;;;;
RU000A10ATC4;МГКЛ-001Р-07;1000;31.07.2026;1000;RUB;1000;30;24,66;24,66;;;;;;
RU000A10AS28;Биннофарм Групп 001Р-04;4000;31.07.2026;1000;RUB;1000;25,5;20,96;20,96;;;;;;
RU000A10AHP1;ВТБ Факторинг БО-01;677,096;31.07.2026;1000;RUB;1000;;;;;;;;;
RU000A10A7N1;СберИОС 001Р-666R 5Г BSKRUS;1136,755;31.07.2026;1000;RUB;1000;0,01;0,01;0,01;;;;;;
RU000A109XK6;АЛЬФА-Б C-1-546 (структурные);0;31.07.2026;1000;RUB;1000;0,01;0,15;0,15;;;;;;
RU000A109TJ6;"ПАО ""ПСБ"" 003P-09";17000;31.07.2026;1000;RUB;1000;15,75;13,38;13,38;;;;;;
RU000A109PP1;АБЗ-1 002Р-01;1000;31.07.2026;1000;RUB;1000;;;;;;;;;
RU000A109551;Балтийский лизинг ООО БО-П12;7500;31.07.2026;1000;RUB;1000;;;;;;;;;
RU000A108YZ4;Михайловский Молочный Завод-01;70;31.07.2026;1000;RUB;375;20;5,67;5,67;;;;;;
RU000A108UM0;ГПБ (АО) БО 004Р-09;168,989;31.07.2026;1000;RUB;1000;0,01;0,1;0,1;;;;;;
RU000A108DE3;ГТЛК БО 001P-21;11000;31.07.2026;1000;RUB;1000;17,15;42,76;42,76;1;AA-(RU);1004,48;;;
RU000A1089G0;ГИДРОМАШСЕРВИС АО 001Р-02;3000;31.07.2026;1000;RUB;1000;15,25;12,53;12,53;;;;;;
RU000A107UR1;СберИОС 001Р-609R 5Г AC TRNFP;366,355;31.07.2026;1000;RUB;1000;0,01;0,01;0,01;;;;;;
RU000A107DP1;ПАО Россети Моск.рег. БО1Р05;8000;31.07.2026;1000;RUB;1000;;;;;;;;;
RU000A106P06;Восточная Стивидор.Ком 1P-04R;15000;31.07.2026;1000;RUB;1000;12;59,84;59,84;;;;;;
RU000A106HP4;Банк ВТБ С-1-602 (структурные);0;31.07.2026;1000;RUB;1000;0,01;0,3;0,3;;;;;;
RU000A105SP3;ГК Сегежа 003P-02R;6000;31.07.2026;1000;RUB;1000;25;62,33;62,33;;;;;;
RU000A103H66;Сбербанк ПАО 001Р-SBER34;5000;31.07.2026;1000;RUB;1000;7,43;37,05;37,05;;;;;;
RU000A103G59;Сбербанк ПАО 001Р-SBER30;15000;31.07.2026;1000;RUB;1000;7,43;37,05;37,05;;;;;;
RU000A103G42;Сбербанк ПАО 001Р-SBER29;4000;31.07.2026;1000;RUB;1000;7,43;37,05;37,05;;;;;;
RU000A103CC0;Сбер CIB-CO-68 (структурные);0;31.07.2026;1000;EUR;1000;0,01;0,5;43,7;;;;;;
RU000A102BK7;О'КЕЙ ООО БО 001Р-04;5000;31.07.2026;1000;RUB;1000;9,9;24,68;24,68;;;;;;
RU000A1021F5;Новая концесс. компания 11;3000;31.07.2026;1000;RUB;1591,38;1,31;10,36;10,36;;;;;;
RU000A101Z74;ГПБ (АО) БО 001Р-17Р;10630,21;31.07.2026;1000;RUB;1000;12,75;63,23;63,23;;;;;;
RU000A1003A4;ГТЛК БО 001P-13;10000;31.07.2026;1000;RUB;1000;9,57;23,86;23,86;;;;;;
RU000A0ZZFZ4;ГПБ (АО) 01-АТ1;20000;31.07.2026;1000;RUB;1000;14,01;69,86;69,86;;;;;;
RU000A0JWYJ0;"Группа компаний ""Самолет"" 01";1500;31.07.2026;1000;RUB;1000;26;64,82;64,82;;;;;;
RU000A10DPB8;КАМАЗ ПАО БО-П19;3100;30.07.2026;1000;RUB;1000;;;;;;;;;
RU000A10DP93;КАМАЗ ПАО БО-П18;3650;30.07.2026;1000;RUB;1000;16,5;13,56;13,56;;;;;;
RU000A10DP51;ГТЛК БО 002P-11;12500;30.07.2026;1000;RUB;1000;;;;;;;;;
RU000A10DNX7;СФО Сплит Финанс ПВ-2;4500;30.07.2026;1000;RUB;1000;17,3;14,22;14,22;;;;;;
RU000A10CZB9;ЕвроТранс БО-001Р-08;4500;30.07.2026;1000;RUB;1000;21;17,26;17,26;;;;;;
RU000A10CZA1;ГК Самолет БО-П20;2500;30.07.2026;1000;RUB;1000;21,25;17,47;17,47;;;;;;
RU000A10CMR3;СИБУР Холдинг 001Р-08;400;30.07.2026;100;USD;100;6,65;0,55;42,38;;AAA;;;;
RU000A10CMQ5;Новые технологии 001Р-08;1500;30.07.2026;1000;RUB;1000;17;13,97;13,97;;;;;;
RU000A10C899;Совкомбанк Лизинг БО-П12;788;30.07.2026;1000;RUB;1000;15,6;38,89;38,89;;AA-;;;;
RU000A10BYT6;СберИОС 001Р-744R 1Г ГАЗПДИС;5,34;30.07.2026;1000;RUB;1000;0,01;0,1;0,1;;;;;;
RU000A10BQX4;Россети Северо-Запад 001Р-01;5000;30.07.2026;1000;RUB;1000;16,15;13,27;13,27;;;;;;
RU000A10BQV8;Инвест КЦ 001P-01;62;30.07.2026;100;USD;100;12;0,99;76,29;;;;;;
RU000A10BQU0;ГМК Нор.никель БО-001Р-10;500;30.07.2026;100;USD;100;7,5;0,62;47,78;1;AAA;;;;
RU000A10BQM7;ТД РКС 002Р-05;300;30.07.2026;1000;RUB;1000;28;23,01;23,01;;;;;;
RU000A10BMR5;АЛЬФА-Б C-1-692 (структурные);0;30.07.2026;1000;RUB;1000;0,01;0,1;0,1;;;;;;
RU000A10BJL4;Транспортная ЛК 001P-02;200;30.07.2026;1000;RUB;958,4;24;18,08;18,08;;;;;;
RU000A10B115;РЖД БО 001P-40R;40000;30.07.2026;1000;RUB;1000;17,65;14,51;14,51;;;;;;
RU000A10B0Z9;ЭР-Телеком Холдинг ПБО-02-09;3500;30.07.2026;1000;RUB;1000;24;19,73;19,73;;;;;;
RU000A10ANT1;РДВ ТЕХНОЛОДЖИ 1P1;250;30.07.2026;1000;RUB;1000;26;64,82;64,82;;B+;;;;
RU000A109RF8;Транспортная ЛК 001P-01;36,847;30.07.2026;1000;RUB;890;23;15,78;15,78;;B+;;;;
RU000A109R50;Самокат БО-02;94,28;30.07.2026;1000;RUB;1000;23;18,9;18,9;;;;;;
RU000A1094U1;Байсэл 001P-01;200;30.07.2026;1000;RUB;1000;24,5;61,08;61,08;;BB-;;;;
RU000A108WH6;СберИОС 001Р-632R 3Г TW IMOEX;13,909;30.07.2026;1000;RUB;1000;0,01;0,1;0,1;;;;;;
RU000A108N55;АЛЬФА-БАНК ЗО-500;218,531;30.07.2026;1000;USD;1000;8,128;20,32;1565,88;;;;;;
RU000A108MZ9;Газпром капитал БО-003Р-03;15000;30.07.2026;1000;RUB;1000;;12,74;12,74;;;;;;
RU000A1089A3;А Спэйс 001Р-01;200;30.07.2026;1000;RUB;889;17;11,65;11,65;;;;;;
RU000A106SD7;СберИОС 001Р-582R 5Г AC IMOEX;1494,811;30.07.2026;1000;RUB;1000;0,01;0,01;0,01;;;;;;
RU000A106NT4;ПИМ БО-02;175;30.07.2026;1000;RUB;250;14,5;9,04;9,04;;;;;;
RU000A105SZ2;СибАвтоТранс 001Р-01;200;30.07.2026;1000;RUB;450;18;20,19;20,19;;;;;;
RU000A0NR987;Сбер CIB-CO-597 (структурные);0;30.07.2026;1000;RUB;1000;0,01;0,28;0,28;;;;;;
RU000A0JXE06;ГосТранспортЛизингКомп 001P-03;10000;30.07.2026;1000;RUB;1000;17,2;42,88;42,88;;;;;;
RU000A1066D5;ОФЗ-ПК 29024 18/04/35;743804,137;29.07.2026;1000;RUB;1000;;;;;;;;;
RU000A105G16;ОФЗ-ПК 29022 20/07/33;1000000;29.07.2026;1000;RUB;1000;;;;;;;;;
RU000A103901;ОФЗ-ПД 26239 23/07/2031;549052,35;29.07.2026;1000;RUB;1000;6,9;34,41;34,41;;;;;;
RU000A101F94;ОФЗ-ПД 26233 18/07/2035;599487,782;29.07.2026;1000;RUB;1000;6,1;30,42;30,42;;;;;;
RU000A10F108;Акрон (ПАО) БО-002P-03;1000;29.07.2026;1000;CNY;1000;7,85;6,45;73,12;;;;;;
RU000A10F0V4;Совкомбанк Факторинг 002P-06;3000;29.07.2026;1000;RUB;1000;13,2;32,91;32,91;;;;;;
RU000A10F0T8;ГК Самолет 002P-04;1000;29.07.2026;1000;RUB;1000;;;;;;;;;
RU000A10EQE8;Первый ЮвелирЛомб БО-02;75;29.07.2026;1000;RUB;1000;23;18,9;18,9;;;;;;
RU000A10EQD0;ЛК Роделен БО 002P-05;500;29.07.2026;1000;RUB;1000;22;18,08;18,08;;;;;;
RU000A10E6J7;Страна Девелопмент 002Р-02;1000;29.07.2026;1000;RUB;1000;25,25;20,75;20,75;;;;;;
RU000A10E6G3;ООО Л-Старт 001Р-1;175;29.07.2026;1000;RUB;1000;32;26,3;26,3;;;;;;
RU000A10DMN0;реСтор 001Р-02;1000;29.07.2026;1000;RUB;1000;18,85;15,49;15,49;;;;;;
RU000A10DCM3;ГК Самолет БО-П21;1000;29.07.2026;50000;RUB;50000;13;534,25;534,25;;;;;;
RU000A10DCK7;АБЗ-1 002P-04;3000;29.07.2026;1000;RUB;1000;19,5;16,03;16,03;;;;;;
RU000A10DCJ9;Ростелеком ПАО 001P-21R;30000;29.07.2026;1000;RUB;1000;;;;;;;;;
RU000A10DCG5;ХК Новотранс 002P-02;13500;29.07.2026;1000;RUB;1000;;;;;;;;;
RU000A10DCF7;ХК Новотранс 002P-01;8500;29.07.2026;1000;RUB;1000;16;13,15;13,15;;;;;;
RU000A10DCE0;МКАО Воксис 001Р-01;300;29.07.2026;1000;RUB;1000;21;17,26;17,26;;;;;;
RU000A10CZ68;ФосАгро БО-02-04;250;29.07.2026;1000;USD;1000;7;5,75;443,1;;;;;;
RU000A10CZ43;ИЭК ХОЛДИНГ 001Р-04;3000;29.07.2026;1000;RUB;1000;;;;;;;;;
RU000A10CZ35;Транспортная ЛК 001P-04;58,834;29.07.2026;1000;RUB;1000;24;19,73;19,73;;;;;;
RU000A10CMD3;Ростелеком ПАО 001P-19R;20000;29.07.2026;1000;RUB;1000;13,3;10,93;10,93;;;;;;
RU000A10CM89;КИФА БО-01;50;29.07.2026;100;CNY;100;14,5;1,19;13,49;;;;;;
RU000A10C3Y5;Банк ВТБ С-1-1566 структурные;0;29.07.2026;1000;RUB;1000;0,01;0,05;0,05;;;;;;
RU000A10C3F4;СФО Сплит Финанс ПВ-1;9000;29.07.2026;1000;RUB;1000;16,5;13,56;13,56;;;;;;
RU000A10BYZ3;Медскан 001Р-01;3000;29.07.2026;1000;RUB;1000;18,5;15,21;15,21;;;;;;
RU000A10BWP8;СберИОС 001Р-734R 3Y1M ОФЗ;442,015;29.07.2026;1000;RUB;1000;0,01;0,1;0,1;;;;;;
RU000A10BQH7;АйДи Коллект 001P-04;500;29.07.2026;1000;RUB;1000;25,25;20,75;20,75;;;;;;
RU000A10BQG9;ФЛИТ 001P-01;500;29.07.2026;1000;RUB;1000;20,8;17,1;17,1;;;;;;
RU000A10BQF1;ГИДРОМАШСЕРВИС АО 001Р-03;5000;29.07.2026;1000;RUB;1000;18,25;15;15;;;;;;
RU000A10B0U0;АО Авто Финанс Банк БО-001Р-14;5000;29.07.2026;1000;RUB;1000;23;18,9;18,9;;;;;;
RU000A10B0T2;РЖД БО 001P-39R;20000;29.07.2026;1000;RUB;1000;17,9;14,71;14,71;;;;;;
RU000A10B0S4;Кокс ПАО 001P-03;300;29.07.2026;1000;RUB;1000;;;;;;;;;
RU000A10B0R6;Кокс ПАО 001P-02;1000;29.07.2026;1000;RUB;1000;25,5;20,96;20,96;;;;;;
RU000A10B0J3;ДельтаЛизинг 001P-02;4500;29.07.2026;1000;RUB;800;24;15,78;15,78;;;;;;
RU000A10AT01;ЛКХ-02;50;29.07.2026;1000;RUB;1000;31;25,48;25,48;;;;;;
RU000A10ASZ7;РЖД БО 001P-35R;17000;29.07.2026;1000;RUB;1000;20,1;16,52;16,52;;;;;;
RU000A10ASY0;РЖД БО 001P-34R;20000;29.07.2026;1000;RUB;1000;20,1;16,52;16,52;;;;;;
RU000A10ASW4;КАМАЗ ПАО БО-П14;10000;29.07.2026;1000;RUB;1000;;;;;;;;;
RU000A10ARR6;Пикалевская сода БО-01;10000;29.07.2026;1000;RUB;1000;;;;;;;;;
RU000A1093J6;СберИОС 001Р-637R 5Г AC СБЕР;326,65;29.07.2026;1000;RUB;1000;0,01;0,01;0,01;;;;;;
RU000A108Z85;РЖД БО 001P-32R;45000;29.07.2026;1000;RUB;1000;15,29;12,99;12,99;;;;;;
RU000A108Y86;ПАО ЛК Европлан 001P-07;12000;29.07.2026;1000;RUB;1000;;;;;;;;;
RU000A108Y60;ПЕРВОУРАЛЬСКБАНК 001Р-01;300;29.07.2026;1000;RUB;502;22;9,08;9,08;;;;;;
RU000A107PU5;РЖД БО 001P-30R;30000;29.07.2026;1000;RUB;1000;12,4;30,92;30,92;;;;;;
RU000A107D17;Россети ПАО БО 001P-12R;5000;29.07.2026;1000;RUB;1000;12,8;10,52;10,52;;;;;;
RU000A107CG2;Россети ПАО БО 001P-11R;10000;29.07.2026;1000;RUB;1000;;;;;;;;;
RU000A1075J3;РЕСО-Лизинг ООО БО-02П-05;11000;29.07.2026;1000;RUB;1000;;;;;;;;;
RU000A106L91;Банк ВТБ С-1-611 (структурные);0;29.07.2026;1000;RUB;1000;0,01;0,3;0,3;;;;;;
RU000A106DJ6;Мосрегионлифт БО-02;200;29.07.2026;1000;RUB;550;15,25;6,89;6,89;;;;;;
RU000A105112;МКПАО ОК РУСАЛ БО-06;2000;29.07.2026;1000;CNY;1000;8;39,89;452,19;;;;;;
RU000A105104;МКПАО ОК РУСАЛ БО-05;2000;29.07.2026;1000;CNY;1000;8;39,89;452,19;;;;;;
RU000A104B04;Петербургснаб 001Р-01;8,014;29.07.2026;1000;RUB;119;13,25;1,3;1,3;;;;;;
RU000A103U36;Банк ВТБ (ПАО) Б-1-248;29,934;29.07.2026;1000;RUB;1000;0,01;0,05;0,05;;;;;;
RU000A102SM7;СДЭК Глобал БО-П01;500;29.07.2026;1000;RUB;300;9,5;2,34;2,34;;;;;;
RU000A0ZYF38;ДОМ.РФ (ПАО) БО-07;5000;29.07.2026;1000;RUB;1000;14,3;35,65;35,65;;;;;;
RU000A0ZYF20;ДОМ.РФ (ПАО) БО-06;5000;29.07.2026;1000;RUB;1000;14,3;35,65;35,65;;;;;;
RU000A0JXQQ9;ООО АРАГОН об.;1000;29.07.2026;1000;RUB;1000;21;52,36;52,36;;;;;;
RU000A0JWN89;МОСТОТРЕСТ ПАО 08 обл.;5000;29.07.2026;1000;RUB;1000;0,01;0,05;0,05;;;;;;
RU000A10FJ24;ДОМ.РФ Ипотечный агент БО 1P66;55015,777;28.07.2026;1000;RUB;1000;15,56;13,64;13,64;;;;;;
RU000A10F9N2;ЛКПРОГР БО-02;100;28.07.2026;1000;RUB;1000;25;20,55;20,55;;;;;;
RU000A10F9B7;Мобильные Телесистемы 003Р-03;20000;28.07.2026;1000;RUB;1000;13,55;11,14;11,14;;;;;;
RU000A10F7W7;ДОМ.РФ Ипотечный агент БО 1P63;60465,044;28.07.2026;1000;RUB;1000;14,86;26,06;26,06;;;;;;
RU000A10F0X0;ТД РКС 002Р-08;600;28.07.2026;1000;RUB;1000;25,5;20,96;20,96;;;;;;
RU000A10F0W2;АйДи Коллект 001P-08;1300;28.07.2026;1000;RUB;1000;20,25;16,64;16,64;;;;;;
RU000A10EQG3;ДОМ.РФ Ипотечный агент БО 1P62;26237,442;28.07.2026;1000;RUB;987,41;15,85;12,86;12,86;;;;;;
RU000A10EQ83;ГК Самолет 002P-03;1000;28.07.2026;1000;RUB;1000;21,5;17,67;17,67;;;;;;
RU000A10EQ75;ЕвразХолдинг Финанс 003P-06;50000;28.07.2026;1000;RUB;1000;;;;;;;;;
RU000A10EQ42;ЭР-Телеком Холдинг ПБО-02-11;11000;28.07.2026;1000;RUB;1000;;;;;;;;;
RU000A10EQ34;АО Авто Финанс Банк БО-001Р-18;7000;28.07.2026;1000;RUB;1000;14,75;12,12;12,12;;;;;;
RU000A10EL21;ДОМ.РФ Ипотечный агент БО 1P61;10462,932;28.07.2026;1000;RUB;979,83;15,5;12,48;12,48;;;;;;
RU000A10EFQ5;Банк ВТБ (ПАО) Б-1-332;70,325;28.07.2026;1000;RUB;1000;0,01;0,02;0,02;;;;;;
RU000A10E6D0;ВУШ БО 001P-05;1000;28.07.2026;1000;RUB;1000;22;18,08;18,08;;;;;;
RU000A10DYJ3;ДОМ.РФ Ипотечный агент БО 1P35;18249,859;28.07.2026;1000;RUB;961,4;15,1;11,93;11,93;;;;;;
RU000A10DJY3;ПР-Лизинг 003Р-01;14,27;28.07.2026;100;USD;89;14;1,02;78,6;;;;;;
RU000A10DEA4;ДОМ.РФ Ипотечный агент БО 1P58;66026,901;28.07.2026;1000;RUB;932,78;15,4;11,81;11,81;;;;;;
RU000A10DBZ7;Акрон (ПАО) БО-002P-01;150;28.07.2026;1000;USD;1000;7,7;6,33;487,8;;;;;;
RU000A10DBV6;Уралкуз 001Р-03;1486,071;28.07.2026;1000;RUB;1000;20;16,44;16,44;;;;;;
RU000A10DBS2;ЭНЕРГОНИКА 001Р-07;300;28.07.2026;1000;RUB;1000;23;18,9;18,9;;;;;;
RU000A10D9J2;ВЭБ.РФ ПБО-002Р-52;50000;28.07.2026;1000;RUB;1000;;;;;;;;;
RU000A10D5C5;РЖД БО 001P-48R;20000;28.07.2026;1000;RUB;1000;15,81;13,43;13,43;;;;;;
RU000A10C8J5;ДОМ.РФ Ипотечный агент БО 1P56;90002,663;28.07.2026;1000;RUB;836,69;8,4;5,78;5,78;;;;;;
RU000A10C6S0;ВЭБ.РФ ПБО-002Р-53;100000;28.07.2026;1000;RUB;1000;;;;;;;;;
RU000A10C1P7;ДОМ.РФ Ипотечный агент БО 1P57;102741,937;28.07.2026;1000;RUB;944,36;;;;;;;;;
RU000A10C1N2;ДОМ.РФ Ипотечный агент БО 1P55;86336,88;28.07.2026;1000;RUB;735,53;;;;;;;;;
RU000A10BYR0;Самокат БО-03;300;28.07.2026;1000;RUB;1000;27;22,19;22,19;;;;;;
RU000A10BVS4;ДОМ.РФ Ипотечный агент БО 1P54;35376,105;28.07.2026;1000;RUB;905,71;15,46;11,51;11,51;;;;;;
RU000A10BQD6;МЕТАЛЛОИНВЕСТ 001P-14;45000;28.07.2026;1000;RUB;1000;;;;;;;;;
RU000A10BQC8;ХЭНДЕРСОН 001P-01;1800;28.07.2026;1000;RUB;1000;19,5;16,03;16,03;;;;;;
RU000A10BQB0;ГТЛК БО 002P-08;15000;28.07.2026;1000;RUB;1000;19,5;16,03;16,03;;;;;;
RU000A10BP53;ДОМ.РФ Ипотечный агент БО 1P53;6399,481;28.07.2026;1000;RUB;928,42;15;11,45;11,45;;;;;;
RU000A10BE23;АЛЬФА-Б C-1-678 (структурные);0;28.07.2026;1000;RUB;1000;0,01;0,1;0,1;;;;;;
RU000A10B8C1;МФК Лайм-Займ 05;400;28.07.2026;1000;RUB;800;27,5;18,08;18,08;;;;;;
RU000A10B0C8;МЕТАЛЛОИНВЕСТ 001P-12;1500;28.07.2026;1000;CNY;1000;10,2;8,38;94,99;;;;;;
RU000A10B0B0;Группа ЛСР ПАО БО 001Р-10;4000;28.07.2026;1000;RUB;1000;24;19,73;19,73;;;;;;
RU000A10B0A2;Магнит ПАО БО-005Р-03;84800;28.07.2026;1000;RUB;1000;;;;;;;;;
RU000A10B081;ЭкономЛизинг 001Р-08;100;28.07.2026;1000;RUB;1000;27;22,19;22,19;;;;;;
RU000A10ASF9;Сибирское Стекло БО-01;350;28.07.2026;1000;RUB;900;29;21,45;21,45;;;;;;
RU000A10AQC0;ДОМ.РФ Ипотечный агент БО 1P51;1998,949;28.07.2026;1000;RUB;815,11;9,6;6,43;6,43;;;;;;
RU000A109XN0;СЛДК 001P-01;10,945;28.07.2026;1000;RUB;1000;19;47,37;47,37;;;;;;
RU000A109NJ9;ДОМ.РФ Ипотечный агент БО 1P48;99999,577;28.07.2026;1000;RUB;750,34;8,5;5,24;5,24;;;;;;
RU000A109NH3;ДОМ.РФ Ипотечный агент БО 1P47;50019,391;28.07.2026;1000;RUB;806,21;15,8;10,47;10,47;;;;;;
RU000A109L98;ДОМ.РФ Ипотечный агент БО 1P45;3944,115;28.07.2026;1000;RUB;855,23;15,3;10,75;10,75;;;;;;
RU000A1094G0;МКПАО ОК РУСАЛ БО-001P-08;85;28.07.2026;100;USD;100;9,25;2,31;178,01;;;;;;
RU000A1094E5;МегаФон ПАО БО-002P-06;10000;28.07.2026;1000;RUB;1000;;;;;;;;;
RU000A1087J8;Газпром капитал БО-002Р-14;20000;28.07.2026;1000;RUB;1000;;;;;;;;;
RU000A1087G4;МФК ПСБ Финанс 002Р-01;500;28.07.2026;1000;RUB;300;18,25;4,5;4,5;;;;;;
RU000A1087A7;ЭР-Телеком Холдинг ПБО-02-06;8000;28.07.2026;1000;RUB;1000;15;12,33;12,33;;;;;;
RU000A107RZ0;ГК Самолет БО-П13;24500;28.07.2026;1000;RUB;1000;21;17,26;17,26;;;;;;
RU000A107GL3;ДОМ.РФ Ипотечный агент БО 1P40;109723,714;28.07.2026;1000;RUB;654,02;9;4,84;4,84;;;;;;
RU000A107G55;ДОМ.РФ Ипотечный агент БО 1P39;49927,769;28.07.2026;1000;RUB;715,7;16,36;9,62;9,62;;;;;;
RU000A1075E4;Мобильные ТелеСистемы 002P-01;25000;28.07.2026;1000;RUB;1000;;;;;;;;;
RU000A1075D6;ГазТрансСнаб 001Р-01;150;28.07.2026;1000;RUB;675;20;33,66;33,66;;;;;;
RU000A1074A5;ДОМ.РФ Ипотечный агент БО 1P38;6111,769;28.07.2026;1000;RUB;707,1;7,85;4,56;4,56;;;;;;
RU000A1070P1;ЧИСТАЯ ПЛАНЕТА БО-01;100;28.07.2026;1000;RUB;1000;28;23,01;23,01;;;;;;
RU000A106VN0;ТРЕЙДБЕРРИ БО-01;100;28.07.2026;1000;RUB;1000;18;14,79;14,79;;;;;;
RU000A106MW0;"ПАО ""ТГК-14"" 001Р-02";1950;28.07.2026;1000;RUB;1000;12,85;32,04;32,04;;;;;;
RU000A106MV2;МГКЛ 001Р-04;300;28.07.2026;1000;RUB;1000;16;39,89;39,89;1;BB;;;;
RU000A106FM5;ДОМ.РФ Ипотечный агент БО 1P34;17391,177;28.07.2026;1000;RUB;747,48;15,4;9,46;9,46;;;;;;
RU000A1065R7;ДОМ.РФ Ипотечный агент БО 1P33;16515,643;28.07.2026;1000;RUB;597,82;8,6;4,23;4,23;;;;;;
RU000A105NZ3;ДОМ.РФ Ипотечный агент БО 1P32;6128,78;28.07.2026;1000;RUB;667,53;15,2;8,34;8,34;;;;;;
RU000A105NP4;ДОМ.РФ Ипотечный агент БО 1P30;4465,49;28.07.2026;1000;RUB;572,09;9,46;13,49;13,49;;;;;;
RU000A105NN9;ДОМ.РФ Ипотечный агент БО 1P29;54789,504;28.07.2026;1000;RUB;580,41;16,2;7,73;7,73;;;;;;
RU000A105LN3;ДОМ.РФ Ипотечный агент БО 1P27;20597,323;28.07.2026;1000;RUB;552,7;7,4;3,36;3,36;;;;;;
RU000A105JF3;ДОМ.РФ Ипотечный агент БО 1P26;5477,816;28.07.2026;1000;RUB;688,09;14,97;8,47;8,47;;;;;;
RU000A105H23;ДОМ.РФ Ипотечный агент БО 1P25;5527,918;28.07.2026;1000;RUB;480,93;9,35;3,7;3,7;;;;;;
RU000A105CM4;ХК Новотранс 001P-03;28500;28.07.2026;1000;RUB;750;11,7;21,88;21,88;;;;;;
RU000A1058R2;ДОМ.РФ Ипотечный агент БО 1P22;6638,733;28.07.2026;1000;RUB;646,43;15,1;8,02;8,02;;;;;;
RU000A105898;ДОМ.РФ Ипотечный агент БО 1P21;2317,051;28.07.2026;1000;RUB;608,72;8,2;12,44;12,44;;;;;;
RU000A105054;ММЦБ ПАО БО-П01-02;200;28.07.2026;1000;RUB;1000;14;69,81;69,81;1;BBB-;;;;
RU000A104X32;ДОМ.РФ Ипотечный агент БО 1P19;6704,238;28.07.2026;1000;RUB;584,19;15,15;7,27;7,27;;;;;;
RU000A104UV0;ДОМ.РФ Ипотечный агент БО 1P18;6183,696;28.07.2026;1000;RUB;582,1;14,9;7,13;7,13;;;;;;
RU000A104B79;ДОМ.РФ Ипотечный агент БО 1P16;207605,03;28.07.2026;1000;RUB;444,21;7,65;2,79;2,79;;;;;;
RU000A104AM1;ДОМ.РФ Ипотечный агент БО 1P17;31410,336;28.07.2026;1000;RUB;449,77;6,8;2,51;2,51;;;;;;
RU000A1041Q0;ДОМ.РФ Ипотечный агент БО 1P13;5353,129;28.07.2026;1000;RUB;469,37;15,15;5,84;5,84;;;;;;
RU000A103YG5;ДОМ.РФ Ипотечный агент БО 1P11;48293,483;28.07.2026;1000;RUB;467,91;6,8;7,93;7,93;;;;;;
RU000A103XW4;Банк ВТБ (ПАО) Б-1-258;286,649;28.07.2026;1000;RUB;1000;0,01;0,05;0,05;;;;;;
RU000A103W42;ДОМ.РФ Ипотечный агент БО 1P10;3087,641;28.07.2026;1000;RUB;479,17;7;8,36;8,36;;;;;;
RU000A1031K4;ДОМ.РФ Ипотечный агент БО 1P8;4742,319;28.07.2026;1000;RUB;371,95;6,95;6,44;6,44;;;;;;
RU000A102RB2;Новая концесс. компания 12;5000;28.07.2026;1000;RUB;1570,86;1,31;10,22;10,22;;;;;;
RU000A102ME7;ИА Титан-3 03;228,923;28.07.2026;1000;RUB;1000;;;;;;;;;
RU000A102MC1;ИА Титан-3 02;323,614;28.07.2026;1000;RUB;1000;;;;;;;;;
RU000A102MB3;ИА Титан-3 01;2275;28.07.2026;1000;RUB;19,36;7,45;0,36;0,36;;;;;;
RU000A102GV3;ДОМ.РФ Ипотечный агент БО 1P1;5825,188;28.07.2026;1000;RUB;333,15;6,05;5,03;5,03;;;;;;
RU000A1024L7;Томская область 2020;20000;28.07.2026;1000;RUB;400;6,7;6,61;6,61;;;;;;
RU000A101ZH4;Почта России БО-001P-10;10000;28.07.2026;1000;RUB;1000;17,45;87,01;87,01;1;AA;;;;
RU000A101JD7;ДОМ.РФ Ипотечный агент 05-001P;7207,044;28.07.2026;1000;RUB;207,43;6,5;3,36;3,36;;;;;;
RU000A1016B4;ДОМ.РФ Ипотечный агент 12-002P;24085,632;28.07.2026;1000;RUB;195,1;;;;;;;;;
RU000A100ZB9;ДОМ.РФ Ипотечный агент 10-002P;95652,798;28.07.2026;1000;RUB;153,57;;;;;;;;;
RU000A100YY4;ДОМ.РФ Ипотечный агент 11-002P;4923,727;28.07.2026;1000;RUB;178,78;7,1;3,16;3,16;;;;;;
RU000A100PB0;ГУП ЖКХ РС (Я) БО-01;3000;28.07.2026;1000;RUB;1000;23;57,34;57,34;?;C;;;;
RU000A0ZZCH9;ДОМ.РФ Ипотечный агент 05-002P;6187,764;28.07.2026;1000;RUB;119,81;8;2,39;2,39;;;;;;
RU000A0ZYR91;ГТЛК БО 001Р-08;10000;28.07.2026;1000;RUB;1000;11,32;28,22;28,22;;;;;;
RU000A0ZYLX0;ДОМ РФ ИА 03;1957,905;28.07.2026;1000;RUB;54,26;;;;;;;;;
RU000A0ZYL89;ДОМ РФ ИА 04;7557,011;28.07.2026;1000;RUB;41,38;;;;;;;;;
RU000A0JU2L7;ФСК Россети(ПАО)-обл. сер.27;11000;28.07.2026;1000;RUB;1000;6,86;17,1;17,1;;;;;;
RU000A0JU2K9;ФСК Россети(ПАО)-обл. сер.26;15000;28.07.2026;1000;RUB;1000;6,86;17,1;17,1;;;;;;
RU000A10F8V7;Газпром нефть 005Р-08R;100000;27.07.2026;1000;RUB;1000;;;;;;;;;
RU000A10F8U9;ЭР-Телеком Холдинг ПБО-02-08;10000;27.07.2026;1000;RUB;1000;;;;;;;;;
RU000A10F8R5;СКС ЛОМБАРД БО-03;200;27.07.2026;1000;RUB;1000;21,5;17,67;17,67;;;;;;
RU000A10F8Q7;Ростовская область 34001;7500;27.07.2026;1000;RUB;1000;16,25;13,36;13,36;;;;;;
RU000A10F8P9;РЖД БО 001P-53R;45000;27.07.2026;1000;RUB;1000;10,75;8,84;8,84;;;;;;
RU000A10F8N4;Мобильные Телесистемы 003Р-02;40000;27.07.2026;1000;RUB;1000;;;;;;;;;
RU000A10EYZ7;МегаФон ПАО БО-002Р-12;30000;27.07.2026;1000;RUB;1000;;;;;;;;;
RU000A10EYY0;Медскан 001Р-02;3500;27.07.2026;1000;RUB;1000;15,35;12,62;12,62;;;;;;
RU000A10EYX2;МегаФон ПАО БО-002Р-11;25000;27.07.2026;1000;RUB;1000;;;;;;;;;
RU000A10EYW4;ПГК 003Р-05;2200;27.07.2026;1000;RUB;1000;;;;;;;;;
RU000A10EYV6;ПГК 003Р-04;20000;27.07.2026;1000;RUB;1000;15,4;12,66;12,66;;;;;;
RU000A10EYU8;ВУШ БО 001P-06;666,653;27.07.2026;1000;RUB;1000;22;18,08;18,08;;;;;;
RU000A10EYT0;Идель Нефтемаш 001Р-01;250;27.07.2026;1000;RUB;1000;27;22,19;22,19;;;;;;
RU000A10EYJ1;ВИС ФИНАНС БО-П12;2500;27.07.2026;1000;RUB;1000;16,5;13,56;13,56;;;;;;
RU000A10EYH5;Группа ЛСР ПАО БО 002Р-01;10000;27.07.2026;1000;RUB;1000;15,65;12,86;12,86;;;;;;
RU000A10EFR3;Банк ВТБ (ПАО) Б-1-333;2185,252;27.07.2026;1000;RUB;1000;0,01;0,02;0,02;;;;;;
RU000A10EE87;АФК Система БО 002Р-12;5500;27.07.2026;1000;RUB;1000;17,5;14,38;14,38;;;;;;
RU000A10EDW8;Магнит ПАО БО-006Р-01;85000;27.07.2026;1000;RUB;1000;;;;;;;;;
RU000A10EDV0;АйДи Коллект 001P-07;1700;27.07.2026;1000;RUB;1000;20,75;17,05;17,05;;;;;;
RU000A10E655;ГЛОРАКС 001Р-05;5000;27.07.2026;1000;RUB;1000;20,5;16,85;16,85;;;;;;
RU000A10E630;Газпром нефть 005P-04R;138000;27.07.2026;1000;RUB;1000;;;;;;;;;
RU000A10E2B3;Совком Экспресс 001P-01;500;27.07.2026;1000;RUB;1000;19,5;16,03;16,03;;;;;;
RU000A10E291;ГК Азот 001Р-01;1000;27.07.2026;1000;RUB;1000;17,4;14,3;14,3;;;;;;
RU000A10E283;ХРОМОС Инжиниринг БО-04;260;27.07.2026;1000;RUB;1000;24,5;20,14;20,14;;;;;;
RU000A10DJR7;РЖД БО 001P-49R;45000;27.07.2026;1000;RUB;1000;15,77;13,39;13,39;;;;;;
RU000A10DBH5;ВОСТОК-ОЙЛ БО-01;175;27.07.2026;1000;RUB;1000;27;22,19;22,19;;;;;;
RU000A10CWF7;ПГК 003Р-01;12000;27.07.2026;1000;RUB;1000;15,75;12,95;12,95;;;;;;
RU000A10CSP4;Республика Башкортостан 34016;5000;27.07.2026;1000;RUB;1000;14;11,51;11,51;;;;;;
RU000A10C9W6;ИА ТБ-2 класс Б1;1500;27.07.2026;100;RUB;100;;;;;;;;;
RU000A10C949;ИА ТБ-2 класс А1;8500;27.07.2026;100;RUB;100;19;1,56;1,56;;;;;;
RU000A10C8T4;СИБУР Холдинг 001Р-07;40000;27.07.2026;1000;RUB;1000;13,95;11,47;11,47;;;;;;
RU000A10C8Q0;ГМК Нор.никель БО-001Р-13;975;27.07.2026;100;USD;100;7,75;0,64;49,32;;;;;;
RU000A10C8M9;Михайловский Молочный Завод-03;55;27.07.2026;1000;RUB;1000;22,5;18,49;18,49;;;;;;
RU000A10C8K3;ВОКСИС-04;200;27.07.2026;1000;RUB;1000;20;16,44;16,44;;;;;;
RU000A10C8H9;Оил Ресурс 001P-02;3000;27.07.2026;1000;RUB;1000;28;23,01;23,01;;;;;;
RU000A10BY94;АФК Система БО 002Р-03;12000;27.07.2026;1000;RUB;1000;21,5;17,67;17,67;;;;;;
RU000A10BY45;Новые технологии 001Р-07;1300;27.07.2026;1000;RUB;1000;20,25;16,64;16,64;;;;;;
RU000A10BQ78;СИМПЛ 001Р-04;1500;27.07.2026;1000;RUB;1000;;;;;;;;;
RU000A10BQ60;РОЛЬФ БО 001Р-08;1500;27.07.2026;1000;RUB;1000;25,5;20,96;20,96;;;;;;
RU000A10BMD5;АЛЬФА-Б C-1-680 (структурные);0;27.07.2026;1000;RUB;1000;0,01;0,1;0,1;;;;;;
RU000A10B7W1;Р-Вижн 001Р-02;500;27.07.2026;1000;RUB;1000;24,5;20,14;20,14;;;;;;
RU000A10B3W0;Совкомбанк Лизинг БО-П09;10750;27.07.2026;1000;RUB;504,7;;;;;;;;;
RU000A10B008;Южуралзолото 001P-04;200;27.07.2026;100;USD;100;10,6;0,87;67,04;;;;;;
RU000A10AZY5;АПРИ БО-002Р-09;1000;27.07.2026;1000;RUB;1000;24;19,73;19,73;;;;;;
RU000A10AAQ4;СФО Сплит Финанс 1 01;7700;27.07.2026;1000;RUB;345,13;25;7,09;7,09;;;;;;
RU000A10A7S0;Селектел 001P-05R;4000;27.07.2026;1000;RUB;1000;;;;;;;;;
RU000A1095L7;ГК Самолет БО-П14;20000;27.07.2026;1000;RUB;1000;;;;;;;;;
RU000A107S10;Россельхозбанк БO-03-002P;42000;27.07.2026;1000;RUB;1000;15,37;13,05;13,05;;;;;;
RU000A107P62;Сибирский КХП 001P-02;300;27.07.2026;1000;RUB;1000;16;39,89;39,89;;;;;;
RU000A1070G0;МФК Быстроденьги 002Р-03;333,356;27.07.2026;1000;RUB;1000;15;12,33;12,33;;;;;;
RU000A106MS8;Газпром капитал ООО 002Б-01;120000;27.07.2026;5000000;RUB;5000000;12,91;321865,75;321865,75;;;;;;
RU000A106MQ2;Банк ВТБ (ПАО) Б-1-330;121,743;27.07.2026;1000;RUB;1000;0,01;0,02;0,02;;;;;;
RU000A105M59;ЛК Роделен БО 001Р-03;250;27.07.2026;1000;RUB;473,7;19;7,4;7,4;;;;;;
RU000A105KU0;Газпром капитал ООО ЗО29-1-Д;1171,512;27.07.2026;1000;USD;1000;2,95;14,75;1136,65;;;;;;
RU000A1053H4;Лизинг-Трейд 001P-05;100;27.07.2026;1000;RUB;1000;15;12,33;12,33;;;;;;
RU000A103TZ5;Банк ВТБ (ПАО) Б-1-244;451,636;27.07.2026;1000;RUB;1000;0,01;0,05;0,05;;;;;;
RU000A1022E6;ПР-Лизинг ООО БО 002Р-01;1750;27.07.2026;1000;RUB;1000;19;15,62;15,62;;;;;;
RU000A10FJ65;ЛК Роделен БО 002P-06;500;26.07.2026;1000;RUB;1000;21;17,26;17,26;;;;;;
RU000A10FJ16;ВИС ФИНАНС БО-П13;1250;26.07.2026;1000;RUB;1000;16,5;13,56;13,56;;;;;;
RU000A10FJ08;ПРОГРЕСС БО-01;100;26.07.2026;1000;RUB;1000;24;19,73;19,73;;;;;;
RU000A10FHY2;ЭкоНива 001P-03;3000;26.07.2026;1000;RUB;1000;15,75;12,95;12,95;;;;;;
RU000A10FGG1;Джи-групп 002P-08;2000;26.07.2026;1000;RUB;1000;;;;;;;;;
RU000A10F8G8;СПМК БО-03;500;26.07.2026;1000;RUB;1000;18;14,79;14,79;;;;;;
RU000A10F8F0;Газпром нефть 005Р-09R;200;26.07.2026;1000;USD;1000;7,5;6,16;474,7;;;;;;
RU000A10F827;МегаФон ПАО БО-002Р-13;15000;26.07.2026;1000;RUB;1000;13,3;10,93;10,93;;;;;;
RU000A10EYG7;Полюс ПБО-06;2600;26.07.2026;1000;CNY;1000;7,65;6,29;71,3;;;;;;
RU000A10EK48;СФО СБ Секьюритизация 4 кл.АС;22700;26.07.2026;1000;RUB;875,15;15,5;11,15;11,15;;;;;;
RU000A10EK30;СФО СБ Секьюритизация 4 кл.АР;10000;26.07.2026;1000;RUB;817,5;15,37;10,33;10,33;;;;;;
RU000A10ED70;Первый ЮвелирЛомб БО-01;75;26.07.2026;1000;RUB;1000;25;20,55;20,55;;;;;;
RU000A10ED62;ПКО Вернём 001Р-01;150;26.07.2026;1000;RUB;1000;26,5;21,78;21,78;;;;;;
RU000A10EC63;Брусника 002Р-06;1500;26.07.2026;1000;RUB;1000;22,75;18,7;18,7;;;;;;
RU000A10E5Y8;СЕРГИЕВСКОЕ БО-02;150;26.07.2026;1000;RUB;1000;25;61,64;61,64;14;BB-;;;;
RU000A10E5X0;РусГидро БО-002Р-11;30000;26.07.2026;1000;RUB;1000;;;;;;;;;
RU000A10DUR4;Балтийский лизинг ООО БО-П23;500;26.07.2026;1000;RUB;1000;;;;;;;;;
RU000A10DM96;Россети ПАО БО 001P-19R;35000;26.07.2026;1000;RUB;1000;;;;;;;;;
RU000A10DD30;СФО СБ Секьюритизация 3 кл.А1;17700;26.07.2026;1000;RUB;685,36;16,5;9,29;9,29;;;;;;
RU000A10DBB8;СФО ГПБ-СПК Б2;500;26.07.2026;1000;RUB;1000;;;;;;;;;
RU000A10DBA0;СФО ГПБ-СПК А2;2000;26.07.2026;1000;RUB;732,55;16,5;9,93;9,93;;;;;;
RU000A10DB16;Оил Ресурс 001P-03;3755,298;26.07.2026;1000;RUB;1000;29;23,84;23,84;;;;;;
RU000A10D616;Балтийский лизинг ООО БО-П20;1500;26.07.2026;1000;RUB;1000;18,75;15,41;15,41;;;;;;
RU000A10D5H4;СинараСекьюр_А;7200;26.07.2026;1000;RUB;1000;16,5;13,56;13,56;;;;;;
RU000A10CUF1;ТАЛК002P-03;200;26.07.2026;1000;RUB;1000;20;16,44;16,44;;;;;;
RU000A10CS91;Росагролизинг 002P-04;7000;26.07.2026;1000;RUB;1000;;;;;;;;;
RU000A10C8C0;РЖД БО 001P-44R;40000;26.07.2026;1000;RUB;1000;13,95;11,47;11,47;;;;;;
RU000A10C8B2;СОБИ-ЛИЗИНГ 001Р-07;86,529;26.07.2026;1000;RUB;760;23;14,37;14,37;;;;;;
RU000A10C8A4;Полипласт АО П02-БО-08;500;26.07.2026;100;CNY;100;13,95;1,15;13,04;;;;;;
RU000A10C873;СКС ЛОМБАРД БО-01;100;26.07.2026;1000;RUB;1000;28,5;23,42;23,42;;;;;;
RU000A10BY52;iКаршеринг Руссия 001P-06;2000;26.07.2026;1000;RUB;1000;20;16,44;16,44;;;;;;
RU000A10BXQ4;ДиректЛизинг БО 002Р-04;100;26.07.2026;1000;RUB;799,6;22;14,46;14,46;;;;;;
RU000A10BQR6;СФО СБ Секьюритизация 2 классА;10900;26.07.2026;1000;RUB;423,15;20,3;7,06;7,06;;;;;;
RU000A10B7T7;СФО ТБ-3 класс А;4500;26.07.2026;1000;RUB;175,46;25;3,61;3,61;;;;;;
RU000A10B7S9;ПКО СЗА БО-02;100;26.07.2026;1000;RUB;1000;28,5;23,42;23,42;;;;;;
RU000A10B7N0;БиоВитрум 001Р-01;100;26.07.2026;1000;RUB;1000;28;23,01;23,01;;;;;;
RU000A10A7H3;СИБУР Холдинг 001Р-02;9900;26.07.2026;1000;RUB;1000;;AAA;;;;;;;
RU000A10A7F7;ВЭБ.РФ ПБО-002Р-47;20000;26.07.2026;1000;RUB;1000;;;;;;;;;
RU000A10A7C4;ПАО ЛК Европлан 001P-08;8500;26.07.2026;1000;RUB;1000;;;;;;;;;
RU000A109R19;ГПБ Финанс 001Р-02Р;10000;26.07.2026;1000;RUB;1000;;;;;;;;;
RU000A109QN4;Экспобанк 001P-02;5000;26.07.2026;1000;RUB;1000;;;;;;;;;
RU000A109E71;ТрансКонтейнер П02-01;27000;26.07.2026;1000;RUB;1000;;;;;;;;;
RU000A1097T6;СФО СБ Секьюритизация класс А;9500;26.07.2026;1000;RUB;265,17;20;4,36;4,36;;;;;;
RU000A108ZH9;Славнефть БО 002Р-05;10000;26.07.2026;1000;RUB;1000;;;;;;;;;
RU000A108Z77;Практика ЛК 001Р-03;1500;26.07.2026;1000;RUB;362,9;17,1;5,27;5,27;;;;;;
RU000A108LN7;СмартФакт БО-03-001P;200;26.07.2026;1000;RUB;1000;18,5;15,21;15,21;;;;;;
RU000A107K91;СФО БКС Структурные Ноты 23;181,958;26.07.2026;1000;RUB;1000;0,01;0,2;0,2;;;;;;
RU000A107DR7;СФО МОС МСП 6 02;4000;26.07.2026;1000;RUB;296,33;15,6;3,8;3,8;;;;;;
RU000A107076;ЛК Роделен БО 002P-01;750;26.07.2026;1000;RUB;1000;22,5;18,49;18,49;;;;;;
RU000A105QW3;Газпром капитал ООО БЗО26-1-Д;1069,041;26.07.2026;1000;USD;1000;8,09;40,45;3117,12;;;;;;
RU000A1056T2;Центр-резерв БО-02;100;26.07.2026;1000;RUB;450;18;6,66;6,66;;;;;;
RU000A10FHT2;Стеллар Груп Рус 001Р-02;200;25.07.2026;1000;RUB;1000;17;13,97;13,97;;;;;;
RU000A10FHS4;Ростелеком ПАО 001P-27R;20000;25.07.2026;1000;RUB;1000;;;;;;;;;
RU000A10FHQ8;Т Плюс 002Р-02;20000;25.07.2026;1000;RUB;1000;;;;;;;;;
RU000A10F850;РОЛЬФ БО 001Р-09;2000;25.07.2026;1000;RUB;1000;19,5;16,03;16,03;;;;;;
RU000A10F801;ГТЛК БО 002P-13;35000;25.07.2026;1000;RUB;1000;15,95;13,11;13,11;;;;;;
RU000A10EYN3;Совком Ипотечный агент-1;8032;25.07.2026;1000;RUB;1000;15,8;33,76;33,76;1;-;;;;
RU000A10EXM7;Ипотечный агент РТБ-1;8365,6;25.07.2026;1000;RUB;989,17;15,8;12,85;12,85;;;;;;
RU000A10EPX0;РусГидро БО-002Р-12;35000;25.07.2026;1000;RUB;1000;;;;;;;;;
RU000A10EPW2;Брусника 002Р-07;6000;25.07.2026;1000;RUB;1000;;;;;;;;;
RU000A10EPV4;СИМПЛ СОЛЮШНЗ КЭПИТЛ 001Р-02;700;25.07.2026;1000;RUB;1000;21;17,26;17,26;;;;;;
RU000A10EPU6;АВТОАССИСТАНС 001P-01;500;25.07.2026;1000;RUB;1000;24,5;20,14;20,14;;;;;;
RU000A10EPT8;ДиректЛизинг БО 002Р-06;200;25.07.2026;1000;RUB;949,9;24,5;19,13;19,13;;;;;;
RU000A10EPR2;Автодор ГК БО-005Р-15;500;25.07.2026;1000;RUB;1000;15,35;12,62;12,62;;;;;;
RU000A10EPQ4;Автодор ГК БО-005Р-16;3500;25.07.2026;1000;RUB;1000;15,4;12,66;12,66;;;;;;
RU000A10EMX7;АЛЬФА-БАНК T2-CR-10;2300;25.07.2026;100000000;RUB;100000000;17,89;1470410,96;1470410,96;;;;;;
RU000A10EMM0;Совком Взыскание 01;1000;25.07.2026;1000;RUB;1000;17;59,15;59,15;1;AA;;;;
RU000A10ECY6;ЭЛЕКТРОРЕШЕНИЯ 001Р-03;1000;25.07.2026;1000;RUB;1000;23,5;19,32;19,32;1;;;;;
RU000A10ECX8;Полипласт АО П02-БО-14;18;25.07.2026;100;USD;100;12,75;1,05;80,91;;;;;;
RU000A10ECW0;Полипласт АО П02-БО-15;45;25.07.2026;100;CNY;100;12,25;1,01;11,45;;;;;;
RU000A10E5S0;ТАЛК002P-04;300;25.07.2026;1000;RUB;1000;24;19,73;19,73;;;;;;
RU000A10DUQ6;Балтийский лизинг ООО БО-П22;3500;25.07.2026;1000;RUB;1000;20;16,44;16,44;;;;;;
RU000A10DLN2;ПКО Финэква 001Р-01;600;25.07.2026;1000;RUB;1000;24;19,73;19,73;;;;;;
RU000A10DA66;Газпром нефть 005P-02R;57000;25.07.2026;1000;RUB;1000;;;;;;;;;
RU000A10DA58;ВЕРАТЕК-02;55,377;25.07.2026;1000;RUB;1000;26;21,37;21,37;;;;;;
RU000A10DA41;ВИС ФИНАНС БО-П10;2500;25.07.2026;1000;RUB;1000;;;;;;;;;
RU000A10D9M6;РусГидро БО-002Р-10;15000;25.07.2026;1000;RUB;1000;;;;;;;;;
RU000A10CM06;АПРИ БО-002Р-11;2500;25.07.2026;1000;RUB;1000;25;20,55;20,55;;;;;;
RU000A10CLX3;Уральская Сталь БО-001Р-05;4000;25.07.2026;1000;RUB;1000;18,5;15,21;15,21;;;;;;
RU000A10C7C2;Алтимейт Эдьюкейшн БО-П01;600;25.07.2026;1000;RUB;1000;19,75;16,23;16,23;;;;;;
RU000A10BWN3;ТАЛК002P-02;200;25.07.2026;1000;RUB;1000;19,25;15,82;15,82;;;;;;
RU000A10BWL7;МОНОПОЛИЯ 001P-05;500;25.07.2026;1000;RUB;1000;25,5;20,96;20,96;;;;;;
RU000A10B7J8;ФосАгро БО-02-03;642,2;25.07.2026;1000;USD;1000;7,5;6,16;474,7;;;;;;
RU000A10B7H2;Аптечная сеть 36,6 002P-02;1250;25.07.2026;1000;RUB;1000;24,5;20,14;20,14;;;;;;
RU000A10AST0;СовкомСекьюр_А;8000;25.07.2026;1000;RUB;816;23;15,43;15,43;;;;;;
RU000A10ASE2;РОЛЬФ БО 001Р-07;1600;25.07.2026;1000;RUB;1000;26;21,37;21,37;;;;;;
RU000A10ASD4;РОЛЬФ БО 001Р-06;400;25.07.2026;1000;RUB;1000;20,5;16,85;16,85;;;;;;
RU000A10ASC6;ПАО ЛК Европлан 001P-09;16000;25.07.2026;1000;RUB;900;24;17,75;17,75;;;;;;
RU000A10ASB8;Россети ПАО БО 001P-15R;20000;25.07.2026;1000;RUB;1000;21,5;17,67;17,67;;;;;;
RU000A109DV5;Интерлизинг 001Р-09;4700;25.07.2026;1000;RUB;560;17,1;7,87;7,87;;;;;;
RU000A108WV7;Фордевинд 06;37,909;25.07.2026;1000;RUB;1000;19;15,62;15,62;;;;;;
RU000A107C91;МСБ-Лизинг 003P-02;300;25.07.2026;1000;RUB;166,75;16;2,19;2,19;;;;;;
RU000A1076A0;БЭЛТИ-ГРАНД ООО БО-П06;185;25.07.2026;1000;RUB;950;14;10,93;10,93;;;;;;
RU000A106XX5;СФО Т-1-С-1 (структурные);165;25.07.2026;1000;CNY;1000;;;;;;;;;
RU000A106Q47;Фордевинд 03;500;25.07.2026;1000;RUB;1000;16;13,15;13,15;;;;;;
RU000A104EP6;НЗРМ ООО БО-01;160;25.07.2026;1000;RUB;325;15,75;4,21;4,21;;;;;;
RU000A10FHH7;ЭН ПЛЮС ГИДРО 001РС-10;1000;24.07.2026;1000;CNY;1000;8,5;6,99;79,24;;;;;;
RU000A10F7V9;Полипласт АО П02-БО-16;5000;24.07.2026;1000;RUB;1000;17,45;14,34;14,34;;;;;;
RU000A10F7T3;Атомэнергопром АО 001Р-14;15000;24.07.2026;1000;RUB;1000;;;;;;;;;
RU000A10ENT3;ПКО Финэква 001Р-02;1000;24.07.2026;1000;RUB;1000;23;18,9;18,9;;;;;;
RU000A10ENS5;МЕТАЛЛОИНВЕСТ 002P-05;60000;24.07.2026;1000;RUB;1000;;;;;;;;;
RU000A10ECR0;ФЛИТ 001Р-02;500;24.07.2026;1000;RUB;916,7;17,52;13,2;13,2;;;;;;
RU000A10ECM1;Газпром капитал ООО БО-003Р-21;50000;24.07.2026;1000;RUB;1000;;;;;;;;;
RU000A10E4Y1;Аэрофьюэлз003Р-01;3000;24.07.2026;1000;RUB;1000;20;49,86;49,86;1;ruA;;;;https://www.tbank.ru/invest/bonds/RU000A10E4Y1/
RU000A10E1Z4;РЕСО-Лизинг ООО БО-П-29;5800;24.07.2026;1000;RUB;1000;14,5;11,92;11,92;;;;;;
RU000A10DZW3;РЖД БО 001P-50R;25000;24.07.2026;1000;RUB;1000;15,35;12,62;12,62;;;;;;
RU000A10DZU7;А101 БО-001Р-02;4150;24.07.2026;1000;RUB;1000;17;13,97;13,97;;;;;;
RU000A10DZT9;А101 БО-001Р-03;6350;24.07.2026;1000;RUB;1000;;;;;;;;;
RU000A10DZK8;Полипласт АО П02-БО-13;2750;24.07.2026;1000;RUB;1000;19,45;15,99;15,99;;;;;;
RU000A10DZJ0;Т Плюс 002Р-01;500;24.07.2026;1000;RUB;1000;;;;;;;;;
RU000A10DZH4;АПРИ БО-002Р-12;600;24.07.2026;1000;RUB;1000;25;20,55;20,55;;;;;;
RU000A10DY01;ГК Пионер БО 002P-02;2300;24.07.2026;1000;RUB;1000;;;;;;;;;
RU000A10DLE1;Газпром капитал БО-003Р-07;70000;24.07.2026;1000;RUB;1000;;;;;;;;;
RU000A10DLC5;ООО АСВ БО-04-001P;200;24.07.2026;1000;RUB;1000;25;20,55;20,55;;;;;;
RU000A10DBM5;СФО ТБ-5 класс А;12000;24.07.2026;1000;RUB;1000;17,3;14,22;14,22;;;;;;
RU000A10D9L8;АО Авто Финанс Банк БО-001Р-17;4000;24.07.2026;1000;RUB;1000;;;;;;;;;
RU000A10D9K0;АО Авто Финанс Банк БО-001Р-16;6000;24.07.2026;1000;RUB;1000;16,65;13,68;13,68;;;;;;
RU000A10CLD5;МСБ-Лизинг 003P-06;300;24.07.2026;1000;RUB;1000;23;18,9;18,9;;;;;;
RU000A10C758;ТД РКС 002Р-06;700;24.07.2026;1000;RUB;1000;25;20,55;20,55;;;;;;
RU000A10C741;Кокс ПАО 001P-04;1500;24.07.2026;1000;RUB;1000;21;17,26;17,26;;;;;;
RU000A10C6L5;Атомэнергопром АО 001Р-07;80000;24.07.2026;1000;RUB;1000;14,35;35,78;35,78;;;;;;
RU000A10BQ03;Спектр БО-02;300;24.07.2026;1000;RUB;1000;27,5;22,6;22,6;;;;;;
RU000A10BPZ1;АФК Система БО 002Р-02;12000;24.07.2026;1000;RUB;1000;22,75;18,7;18,7;;;;;;
RU000A10BPX6;Спектр БО-01;115,544;24.07.2026;1000;RUB;1000;;;;;;;;;
RU000A10BJX9;Балтийский лизинг ООО БО-П16;4500;24.07.2026;1000;RUB;890;22,25;16,28;16,28;;;;;;
RU000A10BJ93;ГК Сегежа 003P-05R;10000;24.07.2026;1000;RUB;1000;;;;;;;;;
RU000A10BJ85;МТС-Банк ПАО 001P-05;3000;24.07.2026;1000;RUB;1000;24;295,89;295,89;1;A;;;;https://www.tbank.ru/invest/bonds/RU000A10BJ85/
RU000A10B7D1;Центр-резерв БО-04;200;24.07.2026;1000;RUB;950;29,5;23,03;23,03;;;;;;
RU000A10AS02;ТГК-14 001Р-05;4500;24.07.2026;1000;RUB;1000;24,75;20,34;20,34;;;;;;
RU000A10ARZ9;ТГК-14 001Р-06;350;24.07.2026;1000;RUB;1000;;;;;;;;;
RU000A10AAU6;Минфин Амурской обл. 24001;2935,217;24.07.2026;1000;RUB;1000;19,5;16,56;16,56;;;;;;
RU000A10A0F2;БКС СТР НОТЫС-58 (структурные);42,75;24.07.2026;1000;RUB;1000;0,01;0,15;0,15;;;;;;
RU000A109ZQ8;Россети ПАО БО 001P-14R;23000;24.07.2026;1000;RUB;1000;;;;;;;;;
RU000A109NF7;ЯТЭК 001Р-04;1500;24.07.2026;1000;RUB;1000;;;;;;;;;
RU000A109KC0;ИКС 5 ФИНАНС 003P-06;26000;24.07.2026;1000;RUB;1000;14,4;11,84;11,84;;;;;;
RU000A109DP7;ТАЛКлизинг001P-03;309,924;24.07.2026;1000;RUB;560;16,75;7,71;7,71;;;;;;
RU000A108L81;Полюс ПБО-04;150;24.07.2026;100;USD;100;6,2;0,51;39,3;;;;;;
RU000A108L65;АйДи Коллект 07;499,51;24.07.2026;1000;RUB;917;19;14,32;14,32;;;;;;
RU000A108CC9;Первое кол.бюро НАО 001Р-04;2000;24.07.2026;1000;RUB;668;17;28,31;28,31;;;;;;
RU000A1082Y8;Синара Транспортные Машины 1P4;10000;24.07.2026;1000;RUB;1000;17,85;14,67;14,67;;;;;;
RU000A107QM0;БИЗНЕС АЛЬЯНС 001P-04;444,321;24.07.2026;1000;RUB;1000;17;13,97;13,97;;;;;;
RU000A107QL2;БИЗНЕС АЛЬЯНС 001P-03;362,271;24.07.2026;1000;RUB;1000;18,5;15,21;15,21;;;;;;
RU000A107PA7;Полюс 001PLZL-01;15000,005;24.07.2026;5737,5;RUB;9786,3;3,1;151,27;151,27;;;;;;
RU000A107C34;АйДи Коллект 06;2207,113;24.07.2026;1000;RUB;419;18;6,2;6,2;;;;;;
RU000A107C00;ИСТРИНСКАЯ СЫРОВАРНЯ БО-03;150;24.07.2026;1000;RUB;1000;18;14,79;14,79;;;;;;
RU000A106ZL5;РЖД БО 001P-28R;45000;24.07.2026;1000;RUB;1000;15,31;13;13;;;;;;
RU000A106XM8;Автодор ГК БО-005Р-04;2000;24.07.2026;1000;RUB;1000;13,99;34,88;34,88;;;;;;
RU000A106UW3;Каршеринг Руссия 001P-03;4500;24.07.2026;1000;RUB;1000;13,7;11,26;11,26;;;;;;
RU000A106PY9;Неолизинг БО-1;100;24.07.2026;1000;RUB;440;17;6,15;6,15;;;;;;
RU000A106EX5;СберИОС 001Р-573R 3Г АФКC;21,644;24.07.2026;1000;RUB;1000;0,01;0,1;0,1;;;;;;
RU000A101Y18;РЖД 001Б-02;20000;24.07.2026;1000;RUB;1000;15,9;79,28;79,28;-1;;;;;https://trading.finam.ru/profile/MOEX-RU000A101Y18
RU000A0ZYQY7;"АФК ""Система"" ПАО БО-001P-07";10000;24.07.2026;1000;RUB;1000;19,5;97,23;97,23;1;A+;;;;https://www.tbank.ru/invest/bonds/RU000A0ZYQY7/
RU000A0ZYQU5;ДОМ.РФ (ПАО) БО 001P-02R;15000;24.07.2026;1000;RUB;1000;15,45;77,04;77,04;1;AAA;;;;https://trading.finam.ru/profile/MOEX-RU000A0ZYQU5
RU000A0JRTL6;ОФЗ-АД 46023 23/07/26;295000;23.07.2026;1000;RUB;100;8,16;4,07;4,07;;;;;;
RU000A10FGZ1;ГПБ Финанс 001Р-06Р;35000;23.07.2026;1000;RUB;1000;;;;;;;;;
RU000A10FGX6;АО Авто Финанс Банк БО-001Р-19;10000;23.07.2026;1000;RUB;1000;14,2;11,67;11,67;;;;;;
RU000A10FGV0;Полюс ПБО-11;1600;23.07.2026;1000;CNY;1000;7,8;6,41;72,66;;;;;;
RU000A10FGU2;ВУШ БО 001P-07;1000;23.07.2026;1000;RUB;1000;22,5;18,49;18,49;;;;;;
RU000A10EY26;ФЛИТ 001Р-04;2000;23.07.2026;1000;RUB;919,3;16;12,09;12,09;;;;;;
RU000A10EXZ9;Озон 1P-02;15000;23.07.2026;1000;RUB;1000;;;;;;;;;
RU000A10ENA3;Йуми БО-01;250;23.07.2026;1000;RUB;1000;25;20,55;20,55;;;;;;
RU000A10EN78;БИЗНЕС АЛЬЯНС 001P-09;500;23.07.2026;1000;RUB;1000;23,5;19,32;19,32;;;;;;
RU000A10EN60;Ростелеком ПАО 001P-24R;15000;23.07.2026;1000;RUB;1000;13,9;11,42;11,42;;;;;;
RU000A10EN52;ВОСТОКОЙЛ-02;100;23.07.2026;1000;RUB;1000;26;21,37;21,37;;;;;;
RU000A10DYZ9;АСГ ТРАНСФОРМАТОРЕН БО-01;100;23.07.2026;1000;RUB;1000;24;19,73;19,73;;;;;;
RU000A10DYP0;ИКС 5 ФИНАНС 003P-15;20000;23.07.2026;1000;RUB;1000;14,5;11,92;11,92;;;;;;
RU000A10DK98;Балтийский лизинг ООО БО-П21;2500;23.07.2026;1000;RUB;1000;;;;;;;;;
RU000A10DK80;СОБИ-ЛИЗИНГ 001Р-08;1,657;23.07.2026;1000;RUB;880;21,5;15,55;15,55;;;;;;
RU000A10D665;РДВ ТЕХНОЛОДЖИ 1P2;250;23.07.2026;1000;RUB;1000;25;62,33;62,33;;;;;;Эмитент («РДВ Технолоджи») с 2024 года находится в процессе банкротства (дело № А40-323930/2023, введена процедура наблюдения)
RU000A10CUB0;Биннофарм Групп 002Р-01;3500;23.07.2026;1000;RUB;1000;;;;;;;;;
RU000A10CU97;Лизинг-Трейд 001P-12;400;23.07.2026;1000;RUB;1000;23;18,9;18,9;;;;;;
RU000A10CU89;Селектел 001P-06R;6000;23.07.2026;1000;RUB;1000;15,4;12,66;12,66;;;;;;
RU000A10CU55;АФК Система БО 002Р-05;3000;23.07.2026;1000;RUB;1000;;;;;;;;;
RU000A10CU48;АФК Система БО 002Р-04;2000;23.07.2026;1000;RUB;1000;17;13,97;13,97;;;;;;
RU000A10CU30;Патриот Групп 001Р-02;300;23.07.2026;1000;RUB;1000;22;18,08;18,08;;;;;;
RU000A10CTX6;ВЭБ.РФ ПБО-002Р-54В;600;23.07.2026;1000;USD;1000;7,15;5,88;453,12;;;;;;
RU000A10CP11;СИНАРА-Капитал 001К-01;3000;23.07.2026;1000;RUB;1000;17;13,97;13,97;;;;;;
RU000A10CL64;ГК Сегежа 003P-07R;650;23.07.2026;100;CNY;100;13;1,07;12,13;;;;;;
RU000A10CL07;Магнит ПАО БО-004Р-09;13900;23.07.2026;1000;RUB;1000;13,3;10,93;10,93;;;;;;
RU000A10CKZ0;ЕвразХолдинг Финанс 003P-04;60000;23.07.2026;1000;RUB;1000;13,9;11,42;11,42;;;;;;
RU000A10CKY3;Группа ЛСР ПАО БО 001Р-11;5000;23.07.2026;1000;RUB;1000;16;13,15;13,15;;;;;;
RU000A10C725;МЕТАЛЛОИНВЕСТ 002P-01;55000;23.07.2026;1000;RUB;1000;;;;;;;;;
RU000A10C6Z5;ЛЕГЕНДА БО 002Р-04;2000;23.07.2026;1000;RUB;1000;20,25;16,64;16,64;;;;;;
RU000A10C6Y8;ЛЕГЕНДА БО 002Р-05;1500;23.07.2026;1000;RUB;1000;;;;;;;;;
RU000A10C6W2;ПАО Абрау – Дюрсо 002P-01;500;23.07.2026;1000;RUB;1000;15,5;12,74;12,74;;;;;;
RU000A10C6U6;МГКЛ-001Р-08;1000;23.07.2026;1000;RUB;1000;25,5;20,96;20,96;;;;;;
RU000A10C5Y0;ИКС 5 ФИНАНС 003P-13;11000;23.07.2026;1000;RUB;1000;14,1;11,59;11,59;;;;;;
RU000A10BPP2;Газпром капитал БО-003Р-14;650;23.07.2026;1000;USD;1000;7,25;5,96;459,28;;;;;;
RU000A10BPN7;Полипласт АО П02-БО-05;7700;23.07.2026;1000;RUB;1000;25,5;20,96;20,96;;;;;;
RU000A10BHX3;Сибирский КХП 001P-03;150;23.07.2026;1000;RUB;1000;25,5;20,96;20,96;;;;;;
RU000A10AZN8;Органик парк БО-П01;100;23.07.2026;1000;RUB;1000;29,5;24,25;24,25;1;BB+;;;;
RU000A10ATW2;Балтийский лизинг ООО БО-П15;6000;23.07.2026;1000;RUB;875;23,7;17,04;17,04;;BB+;;;;
RU000A10AT27;ИКС 5 ФИНАНС 003P-10;10000;23.07.2026;1000;RUB;1000;19,95;16,4;16,4;;;;;;
RU000A109NR2;БИЗНЕС АЛЬЯНС 001P-07;63,548;23.07.2026;1000;RUB;1000;24;19,73;19,73;;;;;;
RU000A109MG7;ДОМ.РФ Ипотечный агент БО 1P50;29990,754;23.07.2026;1000;RUB;852,08;;;;;;;;;
RU000A1097C2;АРЕНЗА-ПРО 001P-05;300;23.07.2026;1000;RUB;700;17,75;10,55;10,55;;;;;;
RU000A109528;Россети ПАО БО 001P-13R;65000;23.07.2026;1000;RUB;1000;;;;;;;;;
RU000A109312;Мобильные ТелеСистемы 002P-06;17000;23.07.2026;1000;RUB;1000;;;;;;;;;
RU000A108GC0;ДОМ.РФ Ипотечный агент БО 1P44;59689,796;23.07.2026;1000;RUB;807,3;;;;;;;;;
RU000A107XA1;ВЭБ.РФ ПБО-002Р-41;65000;23.07.2026;1000;RUB;1000;;;;;;;;;
RU000A107WF2;ПИР БО-01-001P;150;23.07.2026;1000;RUB;375;18,5;5,7;5,7;;;;;;
RU000A107WD7;Мани Капитал 001P-03;300;23.07.2026;1000;RUB;1000;15;12,33;12,33;;;;;;
RU000A107UU5;Брусника 002Р-02;7500;23.07.2026;1000;RUB;750;21;13,38;13,38;;;;;;
RU000A106YR5;ДОМ.РФ Ипотечный агент БО 1P37;29839,165;23.07.2026;1000;RUB;731,31;;;;;;;;;
RU000A106UK8;МигКредит БО-03;200;23.07.2026;1000;RUB;80;22,5;1,48;1,48;;;;;;
RU000A106UB7;Кириллица БО-03;300;23.07.2026;1000;RUB;1000;16,5;13,56;13,56;;;;;;
RU000A106UA9;СМАК БО-П02;60;23.07.2026;1000;RUB;900;15;11,1;11,1;;;;;;
RU000A106M41;Банк ВТБ (ПАО) Б-1-329;15,373;23.07.2026;1000;RUB;1000;9,5;23,68;23,68;;;;;;
RU000A106G64;СберИОС 001Р-574R 3Г КС9;344,975;23.07.2026;1000;RUB;1000;0,01;0,3;0,3;;;;;;
RU000A106672;Газпром капитал ООО БО-001Р-05;30000;23.07.2026;1000;RUB;1000;9,8;24,43;24,43;;;;;;
RU000A106631;АПРИ БО-002Р-02;1000;23.07.2026;1000;RUB;1000;24;59,84;59,84;1;BBB-;;;;https://www.tbank.ru/invest/bonds/RU000A106631/
RU000A106607;Минфин Ульяновской обл. 34005;3000;23.07.2026;1000;RUB;500;10,6;13,21;13,21;;;;;;
RU000A1065Y3;Агротек БО-02;115;23.07.2026;1000;RUB;1000;15;37,4;37,4;;;;;;
RU000A105XU3;АЛЬФА-Б C-1-71 (структурные);0;23.07.2026;1000;RUB;1000;0,01;0,1;0,1;;;;;;
RU000A104ZU1;АО им. Т.Г. Шевченко 001P-04;250;23.07.2026;1000;RUB;250;0,01;0,01;0,01;;;;;;
RU000A103FY7;ВЭБ.РФ ПБО-001Р-30В;550;23.07.2026;1000;USD;1000;3,38;16,85;1298,48;;;;;;
RU000A103AM3;СберИОС 001Р-435R 5Г SBERESGR;105,362;23.07.2026;1000;RUB;1000;0,01;0,5;0,5;;;;;;
RU000A101Z17;Свердловская область 35008;12000;23.07.2026;1000;RUB;600;6,1;9,12;9,12;;;;;;
RU000A101CL5;ФСК Россети ПАО БО 001P-04R;7862,343;23.07.2026;1000;RUB;1000;6,75;16,83;16,83;;;;;;
RU000A0JVP39;КАМАЗ ПАО БО-12;5000;23.07.2026;1000;RUB;1000;11,24;56,05;56,05;;;;;;
RU000A102069;ОФЗ-ИН 52003;218186,911;22.07.2026;1000;RUB;1592,19;2,5;19,87;19,87;;;;;;
RU000A10D525;ОФЗ-ПК 29029 22/10/2041;1000000;22.07.2026;1000;RUB;1000;;;;;;;;;
RU000A10D4Z9;ОФЗ-ПК 29028 22/10/2039;1000000;22.07.2026;1000;RUB;1000;;;;;;;;;
RU000A102A49;ОФЗ-ПК 29019 18/07/2029;430194,756;22.07.2026;1000;RUB;1000;;;;;;;;;
RU000A1025A7;ОФЗ-ПК 29015 18/10/2028;409796,724;22.07.2026;1000;RUB;1000;;;;;;;;;
RU000A0JTK38;ОФЗ-ПД 26212 19/01/28;356981,514;22.07.2026;1000;RUB;1000;7,05;35,15;35,15;;;;;;
RU000A10FGN7;ВТБ Лизинг 001Р-МБ-06;5000;22.07.2026;1000;RUB;1000;14,5;11,92;11,92;;;;;;
RU000A10EXW6;Селигдар 001Р-11;3600;22.07.2026;1000;RUB;1000;15,75;12,95;12,95;;;;;;
RU000A10EXU0;ЛК АдвансТрак 001Р-03;500;22.07.2026;1000;RUB;1000;24;19,73;19,73;;;;;;
RU000A10EXS4;АГРОКЛУБ БО-01;200;22.07.2026;1000;RUB;1000;25;20,55;20,55;;;;;;
RU000A10EN37;КАМАЗ ПАО БО-П21;500;22.07.2026;1000;RUB;1000;;;;;;;;;
RU000A10EN29;КАМАЗ ПАО БО-П22;1000;22.07.2026;1000;RUB;1000;16;13,15;13,15;;;;;;
RU000A10EN11;РЖД БО 001P-52R;35000;22.07.2026;1000;RUB;1000;14,5;11,92;11,92;;;;;;
RU000A10EFL6;АЛЬФА-БАНК T2-CR-06;10000;22.07.2026;100000000;RUB;100000000;17,9;1471232,88;1471232,88;;;;;;
RU000A10EDA4;ГПБ Финанс 001Р-10Р;26000;22.07.2026;1000;RUB;1000;;;;;;;;;
RU000A10E5C4;АПРИ БО-002Р-13;2700;22.07.2026;1000;RUB;1000;24,5;20,14;20,14;;;;;;
RU000A10DYH7;ГПБ Финанс 001Р-07Р;20000;22.07.2026;1000;RUB;1000;;;;;;;;;
RU000A10DJ18;Борец Капитал 001Р-03;1000;22.07.2026;1000;RUB;1000;18;14,79;14,79;;;;;;
RU000A10DJ00;Борец Капитал 001Р-04;5000;22.07.2026;1000;RUB;1000;;;;;;;;;
RU000A10DCN1;АЛЬФА-БАНК T2-CR-05;10000;22.07.2026;100000000;RUB;100000000;18;1479452,05;1479452,05;;;;;;
RU000A10CTK3;АБ РОССИЯ 001P-01;15000;22.07.2026;1000;RUB;1000;;;;;;;;;
RU000A10CTJ5;БЭЛТИ-ГРАНД ООО БО-П08;250;22.07.2026;1000;RUB;1000;24;19,73;19,73;;;;;;
RU000A10CTH9;Полипласт АО П02-БО-11;220;22.07.2026;100;CNY;100;11,45;0,94;10,66;;;;;;
RU000A10CTG1;МИРРИКО БО-П05;435;22.07.2026;1000;RUB;1000;22,5;18,49;18,49;;;;;;
RU000A10CJ92;ПР-Лизинг ООО БО 002Р-03;2000;22.07.2026;1000;RUB;1000;20;16,44;16,44;;;;;;
RU000A10BWC6;Группа Позитив 001Р-03;10000;22.07.2026;1000;RUB;1000;18;14,79;14,79;;;;;;
RU000A10BW96;ГК Самолет БО-П18;15000;22.07.2026;1000;RUB;1000;24;19,73;19,73;;;;;;
RU000A10BW88;АйДи Коллект 001P-05;750;22.07.2026;1000;RUB;1000;25,25;20,75;20,75;;;;;;
RU000A10BW62;Мобильные ТелеСистемы 002P-12;15000;22.07.2026;1000;RUB;1000;13,25;10,89;10,89;;;;;;
RU000A10BW39;ВОКСИС-03;500;22.07.2026;1000;RUB;1000;24;19,73;19,73;;;;;;
RU000A10AZG2;КЛВЗ КРИСТАЛЛ 001P-02;350;22.07.2026;1000;RUB;1000;28;23,01;23,01;;;;;;
RU000A10AZF4;КЛВЗ КРИСТАЛЛ 001P-03;42,689;22.07.2026;1000;RUB;1000;;;;;;;;;
RU000A10A6V6;Роял Капитал БО-01;50,367;22.07.2026;1000;RUB;1000;;;;;;;;;
RU000A109NM3;РЕГИНСПЕЦТРАНС-01;237,434;22.07.2026;1000;RUB;1000;23,5;19,32;19,32;;;;;;
RU000A1094X5;Газпром капитал БО-002Р-16;10000;22.07.2026;1000;RUB;1000;;;;;;;;;
RU000A1094W7;ХРОМОС Инжиниринг БО-02;250;22.07.2026;1000;RUB;1000;19,25;15,82;15,82;;;;;;
RU000A1094T3;ДиректЛизинг БО 002Р-03;250;22.07.2026;1000;RUB;615,9;18,5;9,37;9,37;;;;;;
RU000A108VW7;МКПАО ОК РУСАЛ БО-001P-09;30000;22.07.2026;1000;RUB;1000;;;;;;;;;
RU000A107BH2;ИЛС БО-01-001P;300;22.07.2026;1000;RUB;1000;19;15,62;15,62;;;;;;
RU000A107AG6;Россети Центр ПАО 001Р-03;5000;22.07.2026;1000;RUB;1000;15,4;12,66;12,66;;;;;;
RU000A107456;МТС-Банк ПАО 001P-03;10000;22.07.2026;1000;RUB;1000;;;;;;;;;
RU000A106WW9;ВЭБ.РФ ПБО-002Р-38;40000;22.07.2026;1000;RUB;1000;;;;;;;;;
RU000A104FG2;ГК Сегежа 002P-03R;9000;22.07.2026;1000;RUB;1000;23,5;58,59;58,59;1;ruBBB;;;;https://www.tbank.ru/invest/bonds/RU000A104FG2/
RU000A104DZ7;Сибнефтехимтрейд БО-02;350;22.07.2026;1000;RUB;857,2;21;14,8;14,8;;;;;;
RU000A1042W6;ВЭБ.РФ ПБО-002Р-31;50000;22.07.2026;1000;RUB;1000;;;;;;;;;
RU000A103G00;Синара Транспортные Машины 1P2;10000;22.07.2026;1000;RUB;1000;8,7;43,38;43,38;;;;;;
RU000A101MB5;Совкомбанк БО-П02;11930,324;22.07.2026;1000;RUB;1000;13,5;33,66;33,66;1;AA(RU);;;;https://trading.finam.ru/profile/MOEX-RU000A101MB5
RU000A101CQ4;СУЭК-Финанс 001Р-05R;30000;22.07.2026;1000;RUB;1000;19,9;99,23;99,23;1;ruA+;3;;7;https://www.tbank.ru/invest/bonds/RU000A101CQ4/
RU000A1013N6;Пионер-Лизинг БО-П03;400;22.07.2026;1000;RUB;1000;20,5;16,85;16,85;;;;;;
RU000A0NR7B6;Банк ВТБ С-1-569 (структурные);0;22.07.2026;1000;RUB;1000;0;0,01;0,01;;;;;;
RU000A0NR7A8;Банк ВТБ С-1-568 (структурные);0;22.07.2026;1000;RUB;1000;0;0,01;0,01;;;;;;
RU000A0JVDD9;ФСК Россети(ПАО)-обл. сер.38;20000;22.07.2026;1000;RUB;1000;6,91;17,23;17,23;;;;;;
RU000A0JVCB5;ФСК Россети(ПАО)-обл. сер.37;20000;22.07.2026;1000;RUB;1000;6,91;17,23;17,23;;;;;;
RU000A0JSQ58;ФСК Россети(ПАО)-обл. сер.22;10000;22.07.2026;1000;RUB;1000;12;59,84;59,84;;ruAAA;;;;https://www.tbank.ru/invest/bonds/RU000A101CQ4/
XS1263139856;REPUBLIC OF KAZAKHSTAN 6.5;1500;21.07.2026;1000;USD;1000;6,5;32,5;2504,49;;;;;;
RU000A10F7N6;Атомэнергопром АО 001Р-13;25000;21.07.2026;1000;RUB;1000;;;;;;;;;
RU000A10F7K2;ООО Л-Старт 002Р-01;100;21.07.2026;1000;RUB;1000;28,5;23,42;23,42;;;;;;
RU000A10F7J4;Республика Саха (Якутия) 34006;8700;21.07.2026;1000;RUB;1000;13,7;11,26;11,26;;;;;;
RU000A10F6Y5;Брусника 002Р-08;3250;21.07.2026;1000;RUB;1000;21,25;17,47;17,47;;;;;;
RU000A10EXK1;Мэйл.Ру Финанс 001P-03;7500;21.07.2026;1000;RUB;1000;;;;;;;;;
RU000A10EXJ3;Мэйл.Ру Финанс 001P-02;2500;21.07.2026;1000;RUB;1000;14,15;11,63;11,63;;;;;;
RU000A10EXG9;ПРОГРЕСС 001Р-01;250;21.07.2026;1000;RUB;1000;25;20,55;20,55;;;;;;
RU000A10EXF1;Группа Продовольствие БО-03;150;21.07.2026;1000;RUB;1000;23;18,9;18,9;;;;;;
RU000A10EMU3;ГТЛК БО 002P-12;30000;21.07.2026;1000;RUB;1000;16,25;13,36;13,36;;;;;;
RU000A10EMT5;ИЛИМ 001P-01;500;21.07.2026;1000;RUB;1000;;;;;;;;;
RU000A10EMS7;СелоЗеленое 001Р-03;6500;21.07.2026;1000;RUB;1000;;;;;;;;;
RU000A10EL88;ИКС 5 ФИНАНС 003P-19;20000;21.07.2026;1000;RUB;1000;;;;;;;;;
RU000A10EAB8;АРЕНЗА-ПРО 001P-07;400;21.07.2026;1000;RUB;1000;19;16,14;16,14;;;;;;
RU000A10E4X3;ЕвроТранс БО-001Р-09;2500;21.07.2026;1000;RUB;1000;20;16,44;16,44;;;;;;
RU000A10E4U9;БЭЛТИ-ГРАНД ООО БО-П09;150;21.07.2026;1000;RUB;1000;19;15,62;15,62;;;;;;
RU000A10E4H6;Совкомбанк Лизинг БО-П15;2500;21.07.2026;1000;RUB;1000;15;37,4;37,4;;;;;;
RU000A10DYC8;ФПК 002Р-01;30000;21.07.2026;1000;RUB;1000;15,4;12,66;12,66;;;;;;
RU000A10DYB0;Россети Волга 001Р-01;2500;21.07.2026;1000;RUB;1000;;;;;;;;;
RU000A10DY92;АЛРОСА 002Р-01;20000;21.07.2026;1000;RUB;1000;;;;;;;;;
RU000A10DY84;МКООО Содружество Рус 001Р-01;500;21.07.2026;1000;RUB;1000;;;;;;;;;
RU000A10DY76;ГК Сегежа 003P-09R;20,902;21.07.2026;100;CNY;100;15;1,23;13,94;;;;;;
RU000A10DY50;ГК Сегежа 003P-08R;669,658;21.07.2026;1000;RUB;1000;24;19,73;19,73;;;;;;
RU000A10DY27;Артген БО-02;300;21.07.2026;1000;RUB;1000;21;17,26;17,26;;;;;;
RU000A10D806;ЕвразХолдинг Финанс 003P-05;225;21.07.2026;100;USD;100;8,25;0,68;52,4;;;;;;
RU000A10D7Z2;МСП Факторинг 001Р-01;1000;21.07.2026;1000;RUB;1000;;;;;;;;;
RU000A10CSX8;ИКС 5 ФИНАНС 003P-14;15000;21.07.2026;1000;RUB;1000;;;;;;;;;
RU000A10CJ84;Сибирское Стекло БО-02;300;21.07.2026;1000;RUB;1000;24,5;20,14;20,14;;;;;;
RU000A10CFK2;СФО ТБ-4 класс А1;10000;21.07.2026;1000;RUB;1000;16;13,15;13,15;;;;;;
RU000A10BVW6;ЕвроТранс 01;4000;21.07.2026;1000;RUB;1000;23;18,9;18,9;;;;;;
RU000A10BVT2;ЭнергоТехСервис 001Р-08;1000;21.07.2026;1000;RUB;1000;;;;;;;;;
RU000A10BUK3;ИКС 5 ФИНАНС 003P-12;15000;21.07.2026;1000;RUB;1000;15,55;12,78;12,78;;;;;;
RU000A10BP87;ПИР БО-03-001P;500;21.07.2026;1000;RUB;1000;30;24,66;24,66;;;;;;
RU000A10BP79;Мобильные ТелеСистемы 002P-11;15000;21.07.2026;1000;RUB;1000;19;15,62;15,62;;;;;;
RU000A10BP46;Страна Девелопмент 03;1000;21.07.2026;1000;RUB;1000;26,5;21,78;21,78;;;;;;
RU000A10BP38;Республика Саха (Якутия) 34005;7700;21.07.2026;1000;RUB;1000;16,5;13,56;13,56;;;;;;
RU000A10B750;СибАвтоТранс 001Р-05;120;21.07.2026;1000;RUB;1000;26,5;21,78;21,78;;;;;;
RU000A10AZ60;РЖД БО 001P-38R;30000;21.07.2026;1000;RUB;1000;17,9;14,71;14,71;;;;;;
RU000A10AZ45;РЖД БО 001P-37R;28000;21.07.2026;1000;RUB;1000;19,5;16,03;16,03;;;;;;
RU000A10AQD8;БЭЛТИ-ГРАНД ООО БО-П07;100;21.07.2026;1000;RUB;633,7;25;13,02;13,02;;;;;;
RU000A10AND5;СберИОС 001Р-672R 3Г BSKRUS;535,663;21.07.2026;1000;RUB;1000;0,01;0,01;0,01;;;;;;
RU000A10AHU1;ОилРесурс 001P-01;2500;21.07.2026;1000;RUB;1000;33;27,12;27,12;;;;;;
RU000A109XR1;Акрон (ПАО) БО-001P-05;12000;21.07.2026;1000;RUB;900;;;;;;;;;
RU000A1093L2;ВЭБ.РФ ПБО-002Р-46;45000;21.07.2026;1000;RUB;1000;;;;;;;;;
RU000A109221;МИРРИКО БО-П01;500;21.07.2026;1000;RUB;1000;19;47,37;47,37;;;;;;
RU000A1090N4;Аэрофьюэлз-002Р-03;1600;21.07.2026;1000;RUB;1000;;;;;;;;;
RU000A108D81;ЕвроТранс 002Р-02;800;21.07.2026;1000;RUB;1000;15,5;12,74;12,74;;;;;;
RU000A108BE7;С-ПРИНТ 001Р-01;100;21.07.2026;1000;RUB;900;20;44,88;44,88;;;;;;
RU000A107M32;Аквилон-Лизинг БО-03-001P;100;21.07.2026;1000;RUB;280;17,7;12,36;12,36;;;;;;
RU000A107LU4;Пушкинское ПЗ 001Р-02;200;21.07.2026;1000;RUB;1000;18;44,88;44,88;;;;;;
RU000A1074E7;РУССОЙЛ БО-01;200;21.07.2026;1000;RUB;500;20;24,93;24,93;;;;;;
RU000A107464;СберИОС 001Р-590R 5Г AC MOEXFN;823,095;21.07.2026;1000;RUB;1000;0,01;0,01;0,01;;;;;;
RU000A106ZQ4;Феррум БП1;102,313;21.07.2026;1000;RUB;1000;21,5;17,67;17,67;;;;;;
RU000A106K35;АВТОБАН-Финанс АО БО-П04;5000;21.07.2026;1000;RUB;1000;15;37,4;37,4;;;;;;
RU000A1065C9;Россети ПАО БО 001P-09R;5000;21.07.2026;1000;RUB;1000;10,44;26,03;26,03;;;;;;
RU000A1065A3;Россети ПАО БО 001P-10R;10000;21.07.2026;1000;RUB;1000;11,15;27,8;27,8;;;;;;
RU000A0NRAE3;Банк ВТБ С-1-648 (структурные);0;21.07.2026;1000;RUB;1000;0,01;0,28;0,28;;;;;;
RU000A0NR7R2;Банк ВТБ С-1-584 (структурные);0;21.07.2026;1000;RUB;1000;0;0,01;0,01;;;;;;
RU000A0JXS83;Ярославская обл. об.2017г.;10000;21.07.2026;1000;RUB;375;8,4;7,85;7,85;;;;;;
RU000A0JWNB0;"АО ""ТБанк"" обл. БО-26";6996,681;21.07.2026;1000;RUB;1000;7,65;37,94;37,94;;;;;;
RU000A10F751;Минфин Ульяновской обл. 34013;6000;20.07.2026;1000;RUB;1000;14,25;11,71;11,71;;;;;;
RU000A10EX68;Элемент Лизинг БО 001Р-11;2000;20.07.2026;1000;RUB;958,4;;;;;;;;;
RU000A10EX35;ИНТЕРФУД-БО-01;50;20.07.2026;1000;RUB;1000;26;21,37;21,37;;;;;;
RU000A10EL70;ИКС 5 ФИНАНС 003P-18;11000;20.07.2026;1000;RUB;1000;13,5;11,1;11,1;;;;;;
RU000A10ECK5;СИБУР Холдинг 001Р-09;250;20.07.2026;100;USD;100;7,5;0,62;47,78;;;;;;
RU000A10ECC2;Промсвязьбанк 004P-03;15000;20.07.2026;1000;RUB;1000;;;;;;;;;
RU000A10ECA6;ЛК АдвансТрак 001Р-02;500;20.07.2026;1000;RUB;1000;24;19,73;19,73;;;;;;
RU000A10EA40;ГК Азот 001Р-02;17000;20.07.2026;1000;RUB;1000;16,5;13,56;13,56;;;;;;
RU000A10DXM9;ТЕХНОЛОГИЯ БО-03;42,382;20.07.2026;1000;RUB;1000;23,5;19,32;19,32;;;;;;
RU000A10DEN7;Томская область 34075;8000;20.07.2026;1000;RUB;1000;16,2;13,32;13,32;;;;;;
RU000A10CT74;ФЕРА 001Р-01;100;20.07.2026;1000;RUB;820;21;14,15;14,15;;;;;;
RU000A10CT41;Ростелеком ПАО 001P-20R;15000;20.07.2026;1000;RUB;1000;;;;;;;;;
RU000A10CT25;Газпром капитал БО-003Р-17;20000;20.07.2026;1000;RUB;1000;;;;;;;;;
RU000A10CT09;Интел Коллект БО-01;500;20.07.2026;1000;RUB;900;25;18,49;18,49;;;;;;
RU000A10CSZ3;Газпром капитал ООО БО-003Р-16;20000;20.07.2026;1000;RUB;1000;;;;;;;;;
RU000A10C6P6;АО Авто Финанс Банк БО-001Р-15;10000;20.07.2026;1000;RUB;1000;16,75;13,77;13,77;;;;;;
RU000A10C6M3;Уралкуз 001Р-01;1000;20.07.2026;1000;RUB;1000;20;16,44;16,44;;;;;;
RU000A10C6F7;ГТЛК БО 002P-09;20000;20.07.2026;1000;RUB;1000;16,75;13,77;13,77;;;;;;
RU000A10C2J8;Мобильные ТелеСистемы 001P-26;84999,934;20.07.2026;1000;RUB;1000;15;74,79;74,79;?;AAA;;;;/www.tbank.ru/price - 
RU000A10BW70;Томская область 34074;5000;20.07.2026;1000;RUB;1000;18,25;15;15;;;;;;
RU000A10BVF1;СибАвтоТранс 001Р-06;230;20.07.2026;1000;RUB;1000;26;21,37;21,37;;;;;;
RU000A10B735;МСБ-Лизинг 003P-04;200;20.07.2026;1000;RUB;1000;26,5;21,78;21,78;;;;;;
RU000A10B727;МСБ-Лизинг 003P-05;200;20.07.2026;1000;RUB;1000;;;;;;;;;
RU000A10B6K8;ТЕХНОЛОГИЯ БО-02;200;20.07.2026;1000;RUB;1000;28;23,01;23,01;;;;;;
RU000A10AYW2;Полипласт АО П02-БО-02;2100;20.07.2026;1000;RUB;1000;;;;;;;;;
RU000A10AYU6;МФК Мани Мен БО-01;500;20.07.2026;1000;RUB;1000;26,5;21,78;21,78;;;;;;
RU000A10AHJ4;Группа Позитив 001Р-02;4800;20.07.2026;1000;RUB;1000;;;;;;;;;
RU000A10AC75;Томская область 34072;10000;20.07.2026;1000;RUB;750;26;16,03;16,03;;;;;;
RU000A10A5H7;ГТЛК БО 002P-06;4000;20.07.2026;1000;RUB;1000;;;;;;;;;
RU000A109U97;ДОМ.РФ ПАО 002P-05;101000;20.07.2026;1000;RUB;1000;15,75;12,95;12,95;;;;;;
RU000A109B82;БИЗНЕС АЛЬЯНС 001P-06;211,995;20.07.2026;1000;RUB;1000;;;;;;;;;
RU000A1097R0;СберИОС 001Р-642R 5Г AC СБЕР;409,534;20.07.2026;1000;RUB;1000;0,01;0,01;0,01;;;;;;
RU000A1094F2;ГруппаЧеркизово БО-001Р-07;7000;20.07.2026;1000;RUB;1000;;;;;;;;;
RU000A108Z10;СберИОС 001Р-634R 5Г AC MOEXIT;133,947;20.07.2026;1000;RUB;1000;0,01;0,01;0,01;;;;;;
RU000A108Z02;СберИОС 001Р-633R 5Г AC СБЕР;751,821;20.07.2026;1000;RUB;1000;0,01;0,01;0,01;;;;;;
RU000A108KU4;А101 БО-001Р-01;500;20.07.2026;1000;RUB;1000;17;13,97;13,97;;;;;;
RU000A108DG8;СберИОС 001Р-620R 5Г AC TCSG;474,64;20.07.2026;1000;RUB;1000;0,01;0,01;0,01;;;;;;
RU000A108BB3;АЛЬФА-БАНК Б2Р29;10000;20.07.2026;1000;RUB;1000;14,61;36,42;36,42;;;;;;
RU000A107J45;СберИОС 001Р-601R 5Г AC MOEXMM;1562,498;20.07.2026;1000;RUB;1000;0,01;0,01;0,01;;;;;;
RU000A107F49;ГПБ (АО) БО 005Р-02Р;12696,723;20.07.2026;1000;RUB;1000;14,5;11,92;11,92;;;;;;
RU000A106L18;СберИОС 001Р-577R 5Г AC MOEXOG;364,256;20.07.2026;1000;RUB;1000;0,01;0,01;0,01;;;;;;
RU000A103VD8;МСБ-Лизинг 002P-05;96,142;20.07.2026;1000;RUB;83,26;12,25;0,84;0,84;;;;;;
RU000A103AF7;СберИОС 001Р-450R 5Y СМШ;273,177;20.07.2026;1000;RUB;1000;0,01;0,5;0,5;;;;;;
RU000A100N12;АФК Система БО 001P-11;10000;20.07.2026;1000;RUB;1000;10,9;54,35;54,35;2;AA-(RU);;Tn;9;https://www.tbank.ru/invest/bonds/RU000A100N12/
RU000A0NR839;Банк ВТБ С-1-596 (структурные);0;20.07.2026;1000;RUB;1000;0,01;0,28;0,28;;;;;;
RU000A0NR7P6;Банк ВТБ С-1-582 (структурные);0;20.07.2026;1000;RUB;1000;0;0,01;0,01;;;;;;
RU000A10FGE6;ИЭК ХОЛДИНГ 001Р-05;2500;19.07.2026;1000;RUB;1000;15,75;12,95;12,95;;;;;;
RU000A10FGC0;Газпром нефть 005Р-10R;110000;19.07.2026;1000;RUB;1000;;;;;;;;;
RU000A10FEB7;МКПАО ЯНДЕКС 001Р-05;20000;19.07.2026;1000;RUB;1000;13,4;11,01;11,01;;;;;;
RU000A10FEA9;МКПАО ЯНДЕКС 001Р-04;40000;19.07.2026;1000;RUB;1000;;;;;;;;;
RU000A10F728;Газпром капитал ООО БО-003Р-22;3000;19.07.2026;1000;CNY;1000;7,85;6,45;73,12;;;;;;
RU000A10F710;Южноуральский ЛЦ 001Р-02;250;19.07.2026;1000;RUB;1000;23,5;19,32;19,32;;;;;;
RU000A10EWL1;Почта России 003P-05;15000;19.07.2026;1000;RUB;1000;17,15;14,1;14,1;;;;;;
RU000A10EC48;ПКО СЗА БО-06;145;19.07.2026;1000;RUB;1000;25,5;20,96;20,96;;;;;;
RU000A10EC22;Селигдар 001Р-10;3500;19.07.2026;1000;RUB;1000;16,65;13,68;13,68;;;;;;
RU000A10E4G8;МФК ПСБ Финанс 002P-02;500;19.07.2026;1000;RUB;1000;16,5;13,56;13,56;;;;;;
RU000A10E4F0;Ломбард 888 БО-01;200;19.07.2026;1000;RUB;1000;25;20,55;20,55;;;;;;
RU000A10DJV9;Совкомфлот 001Р-02;200;19.07.2026;1000;USD;1000;7,55;6,21;478,55;;;;;;
RU000A10DJS5;ПКО СЗА БО-05;250;19.07.2026;1000;RUB;1000;25,5;20,96;20,96;;;;;;
RU000A10DA74;Эталон-Финанс 002Р-04;10000;19.07.2026;1000;RUB;1000;20;16,44;16,44;;;;;;
RU000A10CST6;СКС ЛОМБАРД БО-02;250;19.07.2026;1000;RUB;1000;27;22,19;22,19;;;;;;
RU000A10CSR0;ГЛАВСНАБ БО-01;200;19.07.2026;1000;RUB;1000;23,5;19,32;19,32;;;;;;
RU000A10CSQ2;НоваБев Групп 003Р-01;7000;19.07.2026;1000;RUB;1000;14,5;11,92;11,92;;;;;;
RU000A10CCJ1;Славянск ЭКО 001Р-04;10;19.07.2026;100;USD;100;13;1,1;84,77;;;;;;
RU000A10C634;ВИС ФИНАНС БО-П09;2500;19.07.2026;1000;RUB;1000;17;13,97;13,97;;;;;;
RU000A10C626;ЛК Роделен БО 002P-04;350;19.07.2026;1000;RUB;833,5;;;;;;;;;
RU000A10C618;Магнит ПАО БО-004Р-08;75000;19.07.2026;1000;RUB;1000;14,95;12,29;12,29;;;;;;
RU000A10C5Z7;МОНОПОЛИЯ 001P-06;500;19.07.2026;1000;RUB;1000;24,75;20,34;20,34;;;;;;
RU000A10BV89;Арктик Технолоджи Сервис БО-01;150;19.07.2026;1000;RUB;1000;28;23,01;23,01;;;;;;
RU000A10BV71;Полипласт АО П02-БО-07;25;19.07.2026;100;USD;100;13,2;1,08;83,23;;;;;;
RU000A10BV55;НОВАТЭК 001Р-04;350;19.07.2026;1000;USD;1000;7,5;6,16;474,7;;;;;;
RU000A10BV22;Республика Башкортостан 34015;7000;19.07.2026;1000;RUB;1000;16,25;13,36;13,36;;;;;;
RU000A10BUN7;ДиректЛизинг БО 002Р-05;200;19.07.2026;1000;RUB;799,6;27;17,74;17,74;;;;;;
RU000A10BUM9;ЭнергоТехСервис 001Р-07;1000;19.07.2026;1000;RUB;1000;21;17,26;17,26;;;;;;
RU000A10BGY3;Мобильные ТелеСистемы 002P-10;15000;19.07.2026;1000;RUB;1000;19,25;15,82;15,82;;;;;;
RU000A10BGW7;Первое кол.бюро НАО 001Р-08;2000;19.07.2026;1000;RUB;1000;;;;;;;;;
RU000A10BGU1;Первое кол.бюро НАО 001Р-07;1000;19.07.2026;1000;RUB;1000;24,5;20,14;20,14;;;;;;
RU000A10BFQ1;АЛЬФА-БАНК T2-CR-03;6000;19.07.2026;100000000;RUB;100000000;16,5;1356164,38;1356164,38;;;;;;
RU000A10B5M6;Агродом БО-02;80;19.07.2026;1000;RUB;800;15;9,86;9,86;;;;;;
RU000A10AYM3;Уралкалий ПАО ПБО-07-P;1000;19.07.2026;1000;RUB;1000;16,3;13,4;13,4;;;;;;
RU000A10AHE5;Новые технологии 001Р-02;1150;19.07.2026;1000;RUB;1000;27,5;22,6;22,6;;;;;;
RU000A10AHD7;Кокс ПАО 001P-01;1200;19.07.2026;1000;RUB;1000;19,75;16,23;16,23;;;;;;
RU000A10AHC9;РЕСО-Лизинг ООО БО-П-23;5000;19.07.2026;1000;RUB;1000;24,5;20,14;20,14;;;;;;
RU000A10AHB1;Новые технологии 001Р-01;600;19.07.2026;1000;RUB;1000;;;;;;;;;
RU000A10AHA3;ИКС 5 ФИНАНС 003P-07;21000;19.07.2026;1000;RUB;1000;13,25;10,89;10,89;;;;;;
RU000A10A554;АПРИ БО-002Р-06;30,95;19.07.2026;1000;RUB;1000;22;18,08;18,08;;;;;;
RU000A10A3W1;Балтийский лизинг ООО БО-П14;9000;19.07.2026;1000;RUB;1000;;;;;;;;;
RU000A109NA8;СОЛИД СпецАвтоТехЛизинг 01;500;19.07.2026;1000;RUB;580;24;11,44;11,44;;;;;;
RU000A109KL1;Банк ВТБ (ПАО) Б-1-359;2052,377;19.07.2026;1000;RUB;1000;14,5;11,92;11,92;;;;;;
RU000A109B33;Газпром нефть БО 003P-13R;55000;19.07.2026;1000;RUB;1000;;;;;;;;;
RU000A108KK5;СОБИ-ЛИЗИНГ 001Р-05;82,352;19.07.2026;1000;RUB;516;19,25;8,16;8,16;;;;;;
RU000A107PW1;МФК Быстроденьги 002Р-05;300;19.07.2026;1000;RUB;1000;22;18,08;18,08;;;;;;
RU000A1075S4;ИКС 5 ФИНАНС 003Р-02;20000;19.07.2026;1000;RUB;1000;15,6;12,82;12,82;;;;;;
RU000A1075R6;Регион-Продукт БО 001Р-04;100;19.07.2026;1000;RUB;1000;19;15,62;15,62;;;;;;
RU000A106TQ7;Вымпел-Коммуникации 002Р-03;1,4;19.07.2026;1000;RUB;1000;7,3;18,2;18,2;;;;;;
RU000A105YK2;Вымпел-Коммуникации 001Р-03;9180,071;19.07.2026;1000;RUB;1000;7,3;18,2;18,2;;;;;;
RU000A105WZ4;Лизинг-Трейд 001P-07;150;19.07.2026;1000;RUB;833,6;14,5;9,93;9,93;;;;;;
RU000A105WK6;Вымпел-Коммуникации 001Р-04;5979,937;19.07.2026;1000;RUB;1000;8,85;22,06;22,06;;;;;;
RU000A10FG84;АЛИУМ01Р1;4000;18.07.2026;1000;RUB;1000;17,5;14,38;14,38;;;;;;
RU000A10FG76;ОДК 001P-03;11000;18.07.2026;1000;RUB;1000;16,5;13,56;13,56;;;;;;
RU000A10FG68;ОДК 001P-04;1000;18.07.2026;1000;RUB;1000;;;;;;;;;
RU000A10F6U3;РусГидро БО-002Р-13;55000;18.07.2026;1000;RUB;1000;;;;;;;;;
RU000A10EML2;ВТБ Лизинг 001Р-МБ-05;5000;18.07.2026;1000;RUB;915;15,5;11,66;11,66;;;;;;
RU000A10EMJ6;ТЕХНО Лизинг 001Р-08;476;18.07.2026;1000;RUB;1000;24;19,73;19,73;;;;;;
RU000A10EMG2;НоваБев Групп 003Р-03;7000;18.07.2026;1000;RUB;1000;14,5;11,92;11,92;;;;;;
RU000A10EMF4;Первое кол.бюро НАО 001Р-10;1850;18.07.2026;1000;RUB;1000;;;;;;;;;
RU000A10EBE0;Ростелеком ПАО 001P-23R;20000;18.07.2026;1000;RUB;1000;14,55;11,96;11,96;;;;;;
RU000A10EB07;МСБ-Лизинг 003P-07;400;18.07.2026;1000;RUB;1000;21;17,26;17,26;;;;;;
RU000A10DLV5;ГМК Нор.никель БО-001Р-16;4000;18.07.2026;1000;CNY;1000;7;5,75;65,18;;;;;;
RU000A10DJA3;Нижегородская область 34017;15000;18.07.2026;1000;RUB;1000;16,65;13,68;13,68;;;;;;
RU000A10DG60;Новосибирская область 34027;22500;18.07.2026;1000;RUB;1000;15,1;37,65;37,65;;;;;;
RU000A10DC15;АВТОБАН-Финанс АО БО-П07;5000;18.07.2026;1000;RUB;1000;18;14,79;14,79;;;;;;
RU000A10D541;РЖД БО 001P-47R;20000;18.07.2026;1000;RUB;1000;15,85;13,03;13,03;;;;;;
RU000A10D4W6;Село Зеленое 001Р-01;3000;18.07.2026;1000;RUB;1000;;;;;;;;;
RU000A10D4V8;АйДи Коллект 001P-06;1250;18.07.2026;1000;RUB;1000;22,5;18,49;18,49;;;;;;
RU000A10D4S4;ПЭТ ПЛАСТ 001Р-01;165;18.07.2026;1000;RUB;1000;26;21,37;21,37;;;;;;
RU000A10CHX1;МГКЛ-G01;47,316;18.07.2026;8602,98;RUB;10068,85;14;112,61;112,61;;;;;;
RU000A10C5U8;ГИДРОМАШСЕРВИС АО 001Р-05;3000;18.07.2026;1000;RUB;1000;17,75;14,59;14,59;;;;;;
RU000A10C5T0;ГИДРОМАШСЕРВИС АО 001Р-04;1000;18.07.2026;1000;RUB;1000;17;13,97;13,97;;;;;;
RU000A10C5P8;ПИР БО-04-001P;300;18.07.2026;1000;RUB;1000;28,5;23,42;23,42;;;;;;
RU000A10BGJ4;Аэрофлот П02-БО-01;45000;18.07.2026;1000;RUB;1000;;;;;;;;;
RU000A10BGH8;Акрон (ПАО) БО-001P-08;200;18.07.2026;1000;USD;1000;7,95;6,53;503,21;;;;;;
RU000A10BGF2;РЖД БО 001P-42R;30000;18.07.2026;1000;RUB;1000;17,4;14,3;14,3;;;;;;
RU000A10BGE5;С-ПРИНТ БО-01;150;18.07.2026;1000;RUB;1000;32;26,3;26,3;;;;;;
RU000A10BGC9;МФК Мани Мен БО-02-01;1400;18.07.2026;1000;RUB;1000;25,5;20,96;20,96;;;;;;
RU000A10B5C7;ТАЛК002P-01;274,387;18.07.2026;1000;RUB;840;18;12,43;12,43;;;;;;
RU000A10B5A1;БИАНКА ПРЕМИУМ БО-02;180;18.07.2026;1000;RUB;1000;28,5;23,42;23,42;;;;;;
RU000A10AG48;АПРИ БО-002Р-08;625;18.07.2026;1000;RUB;1000;24;19,73;19,73;;;;;;
RU000A10AG22;ЭН+ГИДРО 001РС-06;7000;18.07.2026;1000;RUB;1000;;;;;;;;;
RU000A10AC67;ВОКСИС-01;100;18.07.2026;1000;RUB;1000;21,5;17,67;17,67;;;;;;
RU000A10A539;Банк ДОМ.РФ СУБ-T2-2;20000;18.07.2026;10000000;RUB;10000000;15;123287,67;123287,67;;;;;;
RU000A10A026;АРЕНЗА-ПРО 001P-06;185;18.07.2026;1000;RUB;800;18,25;12,4;12,4;;;;;;
RU000A1099S4;Новосибирская область 34024;13500;18.07.2026;1000;RUB;1000;18;44,88;44,88;;;;;;
RU000A108U72;Первое кол.бюро НАО 001Р-05;3000;18.07.2026;1000;RUB;1000;;;;;;;;;
RU000A107B19;Новосибирская область 35023;20000;18.07.2026;1000;RUB;1000;12,75;31,79;31,79;;;;;;
RU000A107AZ6;МФК Саммит 001Р-02;150;18.07.2026;1000;RUB;209,6;15;2,58;2,58;;;;;;
RU000A106GB6;Лизинг-Трейд 001P-09;300;18.07.2026;1000;RUB;1000;14;11,51;11,51;;;;;;
RU000A1043E2;Новосибирская область 35022;10000;18.07.2026;1000;RUB;800;9,03;18,01;18,01;;;;;;
RU000A103DY2;БЭЛТИ-ГРАНД ООО БО-П04;250;18.07.2026;1000;RUB;280;12,25;2,82;2,82;;;;;;
XS1750113661;Sultanate of Oman 17/01/28;2500;17.07.2026;1000;USD;1000;5,625;28,13;2167,73;;;;;;
RU000A10FEY9;СмартФакт БО-04-001Р;150;17.07.2026;1000;RUB;1000;19,5;16,03;16,03;;;;;;
RU000A10EAS2;ТМК 002P-01;19000;17.07.2026;1000;RUB;1000;6,6;5,42;5,42;;;;;;
RU000A10EAQ6;КРОНОС БО-01;200;17.07.2026;1000;RUB;1000;27;22,19;22,19;;;;;;
RU000A10EAM5;ГТЛК БО 001P-22;100;17.07.2026;100;USD;100;9,5;0,78;60,11;;;;;;
RU000A10DX69;СибАвтоТранс 001Р-07;300;17.07.2026;1000;RUB;1000;26;21,37;21,37;;;;;;
RU000A10DHX9;ИНАРКТИКА 002Р-04;700;17.07.2026;1000;RUB;1000;15,75;12,95;12,95;;;;;;
RU000A10DHV3;ИНАРКТИКА 002Р-05;2300;17.07.2026;1000;RUB;1000;;;;;;;;;
RU000A10DHT7;ДельтаЛизинг 001Р-03;5500;17.07.2026;1000;RUB;1000;17,15;14,1;14,1;;;;;;
RU000A10D4P0;Южуралзолото 001P-05;40;17.07.2026;100;USD;100;9;0,74;57,03;;;;;;
RU000A10D4D6;Минфин Амурской обл. 31002;2400;17.07.2026;1000;RUB;1000;16,75;41,76;41,76;;;;;;
RU000A10CTP2;СберИОС 001Р-759R 5Г AC LKOH;48,431;17.07.2026;1000;RUB;1000;0,01;0,01;0,01;;;;;;
RU000A10CH37;Денум Солюшнз 001Р-02;200;17.07.2026;1000;RUB;1000;24,5;20,14;20,14;;;;;;
RU000A10CH11;Полипласт АО П02-БО-09;36,25;17.07.2026;100;USD;100;11,25;0,92;70,9;;;;;;
RU000A10C667;СберИОС 001Р-748R 5Г AC LKOH;129,779;17.07.2026;1000;RUB;1000;0,01;0,01;0,01;;;;;;
RU000A10C5L7;Селигдар 001Р-04;12500;17.07.2026;1000;RUB;1000;19;15,62;15,62;;;;;;
RU000A10C5K9;Селигдар 001Р-05;1000;17.07.2026;1000;RUB;1000;;;;;;;;;
RU000A10C5J1;ТАЛАН-ФИНАНС БО 001Р-04;3000;17.07.2026;1000;RUB;1000;;;;;;;;;
RU000A10C5F9;ГруппаЧеркизово БО-002P-02;10000;17.07.2026;1000;RUB;1000;;;;;;;;;
RU000A10C5B8;Денум Солюшнз 001Р-01;100;17.07.2026;1000;RUB;1000;27;22,19;22,19;;;;;;
RU000A10C3M0;Атомэнергопром АО 001Р-06;600;17.07.2026;1000;USD;1000;7,2;17,95;1383,25;;;;;;
RU000A10BTJ7;Минфин Ульяновской обл. 34010;4000;17.07.2026;1000;RUB;1000;18,5;46,12;46,12;1;BBB;;;;
RU000A10BNM4;АБЗ-1 002P-03;2500;17.07.2026;1000;RUB;1000;25,5;20,96;20,96;;;;;;
RU000A10BNK8;ЭНЕРГОНИКА 001Р-06;300;17.07.2026;1000;RUB;1000;27;22,19;22,19;;;;;;
RU000A10BNF8;РусГидро (ПАО) БО-П13;15000;17.07.2026;1000;RUB;1000;17,35;14,26;14,26;;;;;;
RU000A10BNE1;СИМПЛ 001Р-03;1000;17.07.2026;1000;RUB;1000;22,5;18,49;18,49;;;;;;
RU000A10BG88;СберИОС 001Р-707R 5Г AC FIVE;169,732;17.07.2026;1000;RUB;1000;0,01;0,01;0,01;;;;;;
RU000A10BG62;ГПБ Финанс 001Р-03Р;5000;17.07.2026;1000;RUB;1000;17,5;14,38;14,38;;;;;;
RU000A10B4X6;СИБУР Холдинг 001Р-06;43000;17.07.2026;1000;RUB;1000;;;;;;;;;
RU000A10B4W8;СИБУР Холдинг 001Р-05;50000;17.07.2026;1000;RUB;1000;;;;;;;;;
RU000A10B4V0;ГруппаЧеркизово БО-002Р-01;500;17.07.2026;1000;CNY;1000;10,8;8,88;100,66;;;;;;
RU000A10B4U2;СИБУР Холдинг 001Р-04;50000;17.07.2026;1000;RUB;1000;;;;;;;;;
RU000A10B4T4;Пионер-Лизинг БО7;400;17.07.2026;1000;RUB;1000;21;17,26;17,26;;;;;;
RU000A10B1S2;СберИОС 001Р-692R 5Г BSKRUS;156,224;17.07.2026;1000;RUB;1000;0,01;0,01;0,01;;;;;;
RU000A10AT35;ИКС 5 ФИНАНС 003P-11;15000;17.07.2026;1000;RUB;1000;17,25;14,18;14,18;;;;;;
RU000A10AN80;СберИОС 001Р-670R 5Г BSKRUS;2000;17.07.2026;1000;RUB;1000;0,01;0,01;0,01;;;;;;
RU000A10AFW1;ПАО Россети Моск.рег. БО1Р08;15000;17.07.2026;1000;RUB;1000;;;;;;;;;
RU000A10AFT7;ЭР-Телеком Холдинг ПБО-02-07;1200;17.07.2026;1000;RUB;1000;;;;;;;;;
RU000A10A8N9;СФО ПБ Сервис Финанс;225696,702;17.07.2026;999,59;RUB;707,27;17,5;10,17;10,17;;;;;;
RU000A10A182;СберИОС 001Р-660R 5Г BSKRUS;826,755;17.07.2026;1000;RUB;1000;0,01;0,01;0,01;;;;;;
RU000A109VM6;КАМАЗ ПАО БО-П13;5000;17.07.2026;1000;RUB;1000;;;;;;;;;
RU000A109VL8;Совкомбанк БО-П05;20507,209;17.07.2026;1000;RUB;1000;;;;;;;;;
RU000A109VK0;ВсеИнструменты.ру 001Р-03;500;17.07.2026;1000;RUB;1000;21,85;17,96;17,96;;;;;;
RU000A109VJ2;ВсеИнструменты.ру 001Р-02;4500;17.07.2026;1000;RUB;1000;;;;;;;;;
RU000A109TF4;ООО АСВ БО-03-001P;76,934;17.07.2026;1000;RUB;1000;25,75;64,2;64,2;-14;BB;;;;Для принятия инвестиционных решений рекомендую опираться на данные непосредственно от рейтинговых агентств или проспект эмиссии ценной бумаги
RU000A109JK5;СберИОС 001Р-648R 5Г AC IMOEX;47,116;17.07.2026;1000;RUB;1000;0,01;0,01;0,01;;;;;;
RU000A109JJ7;ИОС_PRTACm_LKOH-5Y-001Р-647R;131,96;17.07.2026;1000;RUB;1000;0,01;0,01;0,01;;;;;;
RU000A109DT9;Росагролизинг 002P-03;5000;17.07.2026;1000;RUB;1000;;13,63;13,63;;;;;;
RU000A1097A6;СберИОС 001Р-641R 5Г AC Яндекс;111,507;17.07.2026;1000;RUB;1000;0,01;0,01;0,01;;;;;;
RU000A108TC3;СберИОС 001Р-629R 5Г BSKRUS;184,257;17.07.2026;1000;RUB;1000;0,01;0,05;0,05;;;;;;
RU000A108Q60;СберИОС 001Р-626R 5Г AC TRNFP;420,267;17.07.2026;1000;RUB;1000;0,01;0,01;0,01;;;;;;
RU000A108JV4;Газпром капитал БО-003Р-02;40000;17.07.2026;1000;RUB;1000;;;;;;;;;
RU000A108E64;СберИОС 001Р-622R 5Г AC SBER;1117,95;17.07.2026;1000;RUB;1000;0,01;0,01;0,01;;;;;;
RU000A1088L2;СберИОС 001Р-618R 5Г AC TCSG;594,183;17.07.2026;1000;RUB;1000;0,01;0,01;0,01;;;;;;
RU000A1088K4;СберИОС 001Р-617R 5Г AC MAGN;158,524;17.07.2026;1000;RUB;1000;0,01;0,01;0,01;;;;;;
RU000A1084E6;О'КЕЙ ООО БО 001Р-06;3500;17.07.2026;1000;RUB;1000;15,5;12,74;12,74;;;;;;
RU000A1084B2;Сэтл-Групп ООО БО 002P-03;12000;17.07.2026;1000;RUB;1000;17;13,97;13,97;;;;;;
RU000A108462;МФК Джой Мани 001P-02;250;17.07.2026;1000;RUB;1000;18,5;15,21;15,21;;;;;;
RU000A1080W6;СберИОС 001Р-612R 5Г AC CHMF;537,778;17.07.2026;1000;RUB;1000;0,01;0,01;0,01;;;;;;
RU000A107UW1;Газпром нефть БО 003P-10R;50000;17.07.2026;1000;RUB;1000;;;;;;;;;
RU000A107TL6;СОПФ ДОМ.РФ 9;5000;17.07.2026;1000;RUB;1000;15,65;12,86;12,86;;;;;;
RU000A107SR5;СберИОС 001Р-605R 5Г AC LKOH;430,743;17.07.2026;1000;RUB;1000;0,01;0,01;0,01;;;;;;
RU000A107RW7;СберИОС 001Р-603R 5Г AC CHMF;490,227;17.07.2026;1000;RUB;1000;0,01;0,01;0,01;;;;;;
RU000A107D25;СФО Оптимум Финанс 01;208400;17.07.2026;1000;RUB;165,41;13,5;1,84;1,84;;;;;;
RU000A107A93;Сибнефтехимтрейд БО-03;223,407;17.07.2026;1000;RUB;1000;25;20,55;20,55;;;;;;
RU000A106QL4;СберИОС 001Р-580R 5Г AC IMOEX;464,403;17.07.2026;1000;RUB;1000;0,01;0,01;0,01;;;;;;
RU000A106565;Газпром нефть БО 003P-06R;22000;17.07.2026;1000;RUB;1000;16,3;40,64;40,64;1;AAA(RU);;Tn;;https://www.tbank.ru/invest/bonds/RU000A106565/
RU000A1061K1;ЕвроТранс БО-001Р-03;5000;17.07.2026;1000;RUB;750;13,6;8,38;8,38;;;;;;
RU000A104Z63;ВЭБ.РФ ПБО-001Р-32;10000;17.07.2026;1000;RUB;1000;10,2;50,86;50,86;1;AAA(RU);;;;---
RU000A103UL3;Татнефтехим 001-P-01;300;17.07.2026;1000;RUB;1000;21,5;35,34;35,34;;;;;;
RU000A103FC3;ПАО НК Роснефть 002P-11;2500;17.07.2026;1000;USD;1000;5;24,93;1921,13;;;;;;
RU000A103EZ7;Ростелеком ПАО 002P-06R;15000;17.07.2026;1000;RUB;1000;7,7;38,39;38,39;;;;;;
RU000A0NR219;Банк ВТБ С-1-415 (структурные);0;17.07.2026;1000;RUB;1000;0;;;;;;;;
RU000A10FDZ8;Магнит ПАО БО-005Р-06;61500;16.07.2026;1000;RUB;1000;;;;;;;;;
RU000A10FC62;ГМК Нор.никель БО-001Р-17;3000;16.07.2026;1000;CNY;1000;7,6;6,25;70,85;;;;;;
RU000A10FAV3;ВЭБ.РФ ПБО-002Р-К725;50000;16.07.2026;1000;RUB;1000;13,74;7,91;7,91;;;;;;
RU000A10EW51;АБЗ-1 002P-06;4000;16.07.2026;1000;RUB;1000;17,5;14,38;14,38;;;;;;
RU000A10EW44;Полюс ПБО-05;340;16.07.2026;1000;USD;1000;7,75;6,37;490,88;;;;;;
RU000A10EVH1;ЛЕГЕНДА БО 002P-06;10000;16.07.2026;1000;RUB;1000;1;2,49;2,49;;;;;;
RU000A10ELF6;Мобильные Телесистемы 002Р-17;10000;16.07.2026;1000;RUB;1000;;;;;;;;;
RU000A10EAC6;КАМАЗ ПАО БО-П20;6500;16.07.2026;1000;RUB;1000;15,95;13,11;13,11;;;;;;
RU000A10E3T3;Банк ВТБ (ПАО) Б-1-380;388,711;16.07.2026;1000;RUB;1000;14;34,9;34,9;;;;;;
RU000A10DWP4;ЦЕНТР-К БО-01;117;16.07.2026;1000;RUB;1000;22,5;18,49;18,49;;;;;;
RU000A10DWF5;Республика Башкортостан 24017;4000;16.07.2026;1000;RUB;1000;16,25;13,36;13,36;;;;;;
RU000A10DG86;ТрансКонтейнер П02-02;9500;16.07.2026;1000;RUB;1000;;;;;;;;;
RU000A10DG78;ЛК АдвансТрак 001Р-01;500;16.07.2026;1000;RUB;1000;25;20,55;20,55;;;;;;
RU000A10DDR0;МКПАО ЯНДЕКС 001Р-03;40000;16.07.2026;1000;RUB;1000;;;;;;;;;
RU000A10CSG3;МЕТАЛЛОИНВЕСТ 002P-02;100;16.07.2026;100;USD;100;6,3;0,52;40,07;;;;;;
RU000A10CSD0;МКПАО ОК РУСАЛ БО-001Р-15;1900;16.07.2026;1000;CNY;1000;7,25;5,96;67,56;;;;;;
RU000A10CSA6;БИЗНЕС АЛЬЯНС 001P-08;119,494;16.07.2026;1000;RUB;1000;22;18,08;18,08;;;;;;
RU000A10CS83;Органик парк БО-П02;100;16.07.2026;1000;RUB;1000;21,75;17,88;17,88;;;;;;
RU000A10CS75;Аэрофлот П02-БО-02;30000;16.07.2026;1000;RUB;1000;;;;;;;;;
RU000A10BZJ4;Балтийский лизинг ООО БО-П18;7500;16.07.2026;1000;RUB;1000;19;15,62;15,62;;;;;;
RU000A10BXN1;СберИОС 001Р-735R 3Y1M ОФЗ;275,667;16.07.2026;1000;RUB;1000;0,01;0,1;0,1;;;;;;
RU000A10BME3;АЛЬФА-Б C-1-681 (структурные);0;16.07.2026;1000;RUB;1000;0,01;0,1;0,1;;;;;;
RU000A10BM56;АПРИ БО-002Р-10;500;16.07.2026;1000;RUB;1000;30,5;25,07;25,07;;;;;;
RU000A10BG13;Ростелеком ПАО 001P-16R;15000;16.07.2026;1000;RUB;1000;17,65;14,51;14,51;;;;;;
RU000A10BG05;МегаФон ПАО БО-002Р-08;15000;16.07.2026;1000;RUB;1000;;;;;;;;;
RU000A10BFZ2;МегаФон ПАО БО-002Р-09;15000;16.07.2026;1000;RUB;1000;;;;;;;;;
RU000A10BFX7;ГК Самолет БО-П16;3000;16.07.2026;1000;RUB;1000;25,5;20,96;20,96;;;;;;
RU000A10BFG2;Атомэнергопром АО 001Р-05;40000;16.07.2026;1000;RUB;1000;17,3;43,13;43,13;;;;;;
RU000A10BFF4;Промсвязьбанк 003P-13;10000;16.07.2026;1000;RUB;1000;18,3;45,62;45,62;;;;;;
RU000A10AYB6;А Спэйс 001Р-02;150;16.07.2026;1000;RUB;1000;31;25,48;25,48;;;;;;
RU000A10AQF3;СберИОС 001Р-674R 5Г AC LKOH;474,247;16.07.2026;1000;RUB;1000;0,01;0,01;0,01;;;;;;
RU000A10AFB5;"ООО ""Мираторг Финанс"" 001Р-02";500;16.07.2026;1000;RUB;1000;;;;;;;;;
RU000A109T41;Р-Вижн 001Р-01;81,811;16.07.2026;1000;RUB;1000;;;;;;;;;
RU000A109SZ4;МегаФон ПАО БО-002P-07;11000;16.07.2026;1000;RUB;1000;;;;;;;;;
RU000A109LC8;РОЛЬФ БО 001Р-03;500;16.07.2026;1000;RUB;1000;17,5;14,38;14,38;;;;;;
RU000A108CE5;Ю Ди Пи Авто БО-01;138,858;16.07.2026;1000;RUB;1000;18,25;15;15;;;;;;
RU000A108405;ХРОМОС Инжиниринг БО-01;500;16.07.2026;1000;RUB;1000;29,5;24,25;24,25;;;;;;
RU000A107KV4;СибАвтоТранс 001Р-03;400;16.07.2026;1000;RUB;900;19;42,63;42,63;;;;;;
RU000A107JV6;АЛЬФА-БАНК Б1Р11;500;16.07.2026;1000;RUB;1000;;;;;;;;;
RU000A107225;АФАНАСИЙ БО-01;100;16.07.2026;1000;RUB;1000;16;39,89;39,89;;;;;;
RU000A106TV7;Вымпел-Коммуникации 003Р-04;4320,308;16.07.2026;1000;RUB;1000;8,02;20;20;;;;;;
RU000A106T85;КОНТРОЛ лизинг 001Р-01;1000;16.07.2026;1000;RUB;656,3;16,25;8,77;8,77;;;;;;
RU000A105X80;Вымпел-Коммуникации 001Р-08;9389,601;16.07.2026;1000;RUB;1000;8,02;20;20;;;;;;
RU000A104Z71;Биннофарм Групп 001Р-02;3000;16.07.2026;1000;RUB;1000;15;37,4;37,4;;;;;;
RU000A104Z48;ВЭБ.РФ ПБО-002Р-33;50000;16.07.2026;1000;RUB;1000;10,2;50,86;50,86;1;AAA(RU);;;;
RU000A104V00;Пионер-Лизинг БР5;400;16.07.2026;1000;RUB;1000;22,9;18,82;18,82;;;;;;
RU000A103AZ5;Сбер СIB-CO-18 (структурные);96,139;16.07.2026;1000;RUB;1000;0,01;0,5;0,5;;;;;;
RU000A100YQ0;ПАО НК Роснефть 002P-09;25000;16.07.2026;1000;RUB;1000;9;22,44;22,44;;;;;;
XS2023698553;Banque Centrale de Tunisie 26;700;15.07.2026;1000;EUR;1000;6,375;63,75;5571,92;;;;;;
US900123AL40;Republic of Turkey 15/01/30;1500;15.07.2026;1000;USD;1000;11,875;59,375;4575,5;;;;;;
RU000A10FDV7;Почта России 003P-07;7000;15.07.2026;1000;RUB;1000;16,95;13,93;13,93;;;;;;
RU000A10FDT1;Полюс ПБО-08;2100;15.07.2026;1000;CNY;1000;7,65;6,29;71,3;;;;;;
RU000A10FDS3;Полюс ПБО-10;1200;15.07.2026;1000;CNY;1000;7,65;6,29;71,3;;;;;;
RU000A10EVJ7;Газпром нефть 005Р-06R;100000;15.07.2026;1000;RUB;1000;;;;;;;;;
RU000A10EV78;Мобильные Телесистемы 002Р-19;15000;15.07.2026;1000;RUB;1000;13,85;11,38;11,38;;;;;;
RU000A10EL13;ПЭТ ПЛАСТ 001Р-02;150;15.07.2026;1000;RUB;1000;26;21,37;21,37;;;;;;
RU000A10EKZ6;Р-Вижн 001Р-03;500;15.07.2026;1000;RUB;1000;15,25;12,53;12,53;;;;;;
RU000A10EKY9;ЭкоНива 001P-02;6000;15.07.2026;1000;RUB;1000;;;;;;;;;
RU000A10EKX1;ЭнергоТехСервис 001Р-09;1000;15.07.2026;1000;RUB;1000;18;14,79;14,79;;;;;;
RU000A10EFP7;Банк ВТБ (ПАО) Б-1-331;151,157;15.07.2026;1000;RUB;1000;0,01;0,02;0,02;;;;;;
RU000A10DTW6;Пионер-Лизинг БО8;200;15.07.2026;1000;RUB;1000;28,5;23,42;23,42;;;;;;
RU000A10DTU0;ГЛАВСНАБ БО-02;106,767;15.07.2026;1000;RUB;1000;26,55;21,82;21,82;;;;;;
RU000A10DTT2;Совкомбанк Лизинг БО-П18;2000;15.07.2026;1000;RUB;1000;;;;;;;;;
RU000A10DTS4;Совкомбанк Лизинг БО-П17;5000;15.07.2026;1000;RUB;1000;16;13,15;13,15;;;;;;
RU000A10DTQ8;МИРРИКО БО-П06;145,756;15.07.2026;1000;RUB;1000;22,5;18,49;18,49;;;;;;
RU000A10DTP0;ПИР БО-05-001P;190;15.07.2026;1000;RUB;1000;27;22,19;22,19;;;;;;
RU000A10DMS9;Деп Финансов ЯНАО 34005;36000;15.07.2026;1000;RUB;1000;16;13,15;13,15;;;;;;
RU000A10DFN4;Мобильные ТелеСистемы 002Р-14;17000;15.07.2026;1000;RUB;1000;;;;;;;;;
RU000A10D3R8;СтанкоМашСтрой БО-01;250;15.07.2026;1000;RUB;1000;23,75;59,21;59,21;1;BB;;;;
RU000A10CG79;МСП Банк 003P-02;5000;15.07.2026;1000;RUB;1000;;;;;;;;;
RU000A10BW05;СберИОС 001Р-732R 5Г AC TATN;78,977;15.07.2026;1000;RUB;1000;0,01;0,01;0,01;;;;;;
RU000A10BU31;КАМАЗ ПАО БО-П15;11000;15.07.2026;1000;RUB;1000;18;14,79;14,79;;;;;;
RU000A10BU23;ГМК Нор.никель БО-001Р-11-CNY;3000;15.07.2026;1000;CNY;1000;7;5,75;65,18;;;;;;
RU000A10BU07;Полипласт АО П02-БО-06;17;15.07.2026;100;USD;100;12,95;1,06;81,68;;;;;;
RU000A10BNR3;СберИОС 001Р-724R 5Г AC IMOEX;127,529;15.07.2026;1000;RUB;1000;0,01;0,01;0,01;;;;;;
RU000A10BFP3;МВ ФИНАНС 001Р-06;2000;15.07.2026;1000;RUB;1000;26;21,37;21,37;;;;;;
RU000A10BF48;МКПАО ЯНДЕКС 001Р-01;40000;15.07.2026;1000;RUB;1000;;;;;;;;;
RU000A10B4M9;СберИОС 001Р-694R 5Г AC LKOH;577,519;15.07.2026;1000;RUB;1000;0,01;0,01;0,01;;;;;;
RU000A10ADT2;СФО Оптимум Финанс 02;541521,453;15.07.2026;1000;RUB;339,63;18,5;5,16;5,16;;;;;;
RU000A10A4S7;ФосАгро БО-02-01;30371,791;15.07.2026;1000;RUB;1000;;13,45;13,45;;;;;;
RU000A10A4N8;Интерлизинг 001Р-10;4500;15.07.2026;1000;RUB;680;19;10,62;10,62;;;;;;
RU000A10A414;Первое кол.бюро НАО 001Р-06;1000;15.07.2026;1000;RUB;1000;;;;;;;;;
RU000A109UE5;Автоассистанс 001-01;16,546;15.07.2026;1000;RUB;1000;23;18,9;18,9;;;;;;
RU000A109UD7;Атомэнергопром АО 001Р-03;20000;15.07.2026;1000;RUB;1000;;;;;;;;;
RU000A109PF2;РЖД БО 001P-33R;25000;15.07.2026;1000;RUB;1000;15,44;13,11;13,11;;;;;;
RU000A109L49;АЛРОСА 001Р-01;45000;15.07.2026;1000;RUB;1000;;;;;;;;;
RU000A1092S9;Элемент Лизинг БО 001P-09;2000;15.07.2026;1000;RUB;362,9;18,5;5,52;5,52;;;;;;
RU000A108ZT4;РОСЭКСИМБАНК 002P-05;15000;15.07.2026;1000;RUB;1000;;;;;;;;;
RU000A108TU5;Джи-групп 002P-04;3000;15.07.2026;1000;RUB;1000;;;;;;;;;
RU000A108KT6;Росагролизинг 002P-01;7000;15.07.2026;1000;RUB;1000;15,94;13,54;13,54;;;;;;
RU000A108C74;РЕСО-Лизинг ООО БО-П-25;5000;15.07.2026;1000;RUB;1000;15,5;12,74;12,74;;;;;;
RU000A108C58;Элемент Лизинг БО 001P-08;3000;15.07.2026;1000;RUB;279,8;16;3,68;3,68;;;;;;
RU000A1085A1;СИНАРА-Капитал БО-01;1000;15.07.2026;1000;RUB;1000;15,2;12,49;12,49;;;;;;
RU000A107HG1;Газпром нефть БО 003P-08R;12000;15.07.2026;1000;RUB;1000;;;;;;;;;
RU000A107DC9;СберИОС 001Р-599R 5Г AC MOEXFN;624,306;15.07.2026;1000;RUB;1000;0,01;0,01;0,01;;;;;;
RU000A1079G1;Мани Капитал 001P-02;150;15.07.2026;1000;RUB;1000;15;12,33;12,33;;;;;;
RU000A1071Q7;МОТОРИКА БO-01;300;15.07.2026;1000;RUB;700;14,5;25,31;25,31;;;;;;
RU000A1069W9;Bank VTB C-1-523(structural);1000;15.07.2026;1000;RUB;1000;0;;;;;;;;
RU000A103U28;Банк ВТБ (ПАО) Б-1-247;28,242;15.07.2026;1000;RUB;1000;0,01;0,05;0,05;;;;;;
RU000A1038W4;Сбер CIB-CO-34 (структурные);0;15.07.2026;1000;RUB;1000;0,01;0,5;0,5;;;;;;
RU000A101XS6;МОЭК ПАО БО 001Р-04;5000;15.07.2026;1000;RUB;1000;16,5;82,27;82,27;1;AAA;2;Tn;9;https://www.tbank.ru/invest/bonds/RU000A101XS6/
RU000A101XN7;АФК Система БО 001P-14;10000;15.07.2026;1000;RUB;1000;10,5;26,18;26,18;;;;;;
RU000A1018M7;СОПФ ФПФ 01;10000;15.07.2026;1000;RUB;1000;6,84;17,05;17,05;;;;;;
RU000A0NR391;Сбер CIB-CO-509 (структурные);0;15.07.2026;1000;RUB;1000;0,01;0,3;0,3;;;;;;
RU000A0NR2Q5;Сбер CIB-CO-465;447,521;15.07.2026;1000;RUB;1000;0,01;0,3;0,3;;;;;;
RU000A0JXXE1;ПАО НК Роснефть 001P-07;176000;15.07.2026;1000;RUB;1000;8;39,89;39,89;;;;;;
RU000A0JXXD3;ПАО НК Роснефть 001P-06;90000;15.07.2026;1000;RUB;1000;8;39,89;39,89;;;;;;
RU000A10F6J6;Кеарли Групп 001Р-02;120;14.07.2026;1000;RUB;1000;25;20,55;20,55;;;;;;
RU000A10F6H0;ПИР БО-06-001P;272,721;14.07.2026;1000;RUB;1000;25,5;20,96;20,96;;;;;;
RU000A10F6G2;Первое кол.бюро НАО 001Р-11;1800;14.07.2026;1000;RUB;1000;;;;;;;;;
RU000A10F6F4;Автодор ГК БО-004Р-08;10200;14.07.2026;1000;RUB;1000;14,9;12,25;12,25;;;;;;
RU000A10EV60;Интел Коллект БО-02;1000;14.07.2026;1000;RUB;1000;23,25;19,11;19,11;;;;;;
RU000A10EV52;ПКО СЗА БО-07;100;14.07.2026;1000;RUB;1000;25,5;20,96;20,96;;;;;;
RU000A10ELC3;СберИОС 001Р-785R 3Г BSKRUS;355,063;14.07.2026;1000;RUB;1000;0,01;0,03;0,03;;;;;;
RU000A10EK71;Борец Капитал 001Р-05;2500;14.07.2026;1000;RUB;1000;18,5;15,21;15,21;;;;;;
RU000A10EK63;АБ РОССИЯ 001P-02;17000;14.07.2026;1000;RUB;1000;;;;;;;;;
RU000A10EK06;Сэтл-Групп ООО БО 002P-07;5500;14.07.2026;1000;RUB;1000;16,5;13,56;13,56;;;;;;
RU000A10EJZ8;ЭкоНива 001P-01;9000;14.07.2026;1000;RUB;1000;16,75;13,77;13,77;;;;;;
RU000A10DTG9;ВТБ Лизинг 001Р-МБ-04;3000;14.07.2026;1000;RUB;840;16,5;11,39;11,39;;;;;;
RU000A10DTF1;Селигдар 001Р-08;5500;14.07.2026;1000;RUB;1000;18;14,79;14,79;;;;;;
RU000A10DTB0;ЭЛТЕРА БО-01;150;14.07.2026;1000;RUB;1000;21;17,26;17,26;;;;;;
RU000A10DTA2;Селигдар 001Р-9;2500;14.07.2026;1000;RUB;1000;;;;;;;;;
RU000A10DS74;Сбербанк ПАО 001Р-SBER51;100000;14.07.2026;1000;RUB;1000;14,85;12,21;12,21;;;;;;
RU000A10DS66;АЛЬФА-БАНК Б2Р30;1184,12;14.07.2026;1000;RUB;1000;14,5;11,92;11,92;;;;;;
RU000A10D4F1;Россети ПАО БО 001P-18R;23500;14.07.2026;1000;RUB;1000;;;;;;;;;
RU000A10D4E4;Векус БО-01;300;14.07.2026;1000;RUB;1000;27;22,19;22,19;;;;;;
RU000A10CRJ9;Центр-резерв БО-05;150;14.07.2026;1000;RUB;1000;25;20,55;20,55;;;;;;
RU000A10CRG5;Феррум БП2;250;14.07.2026;1000;RUB;1000;23;18,9;18,9;;;;;;
RU000A10C2R1;Виллина 001P-02;70;14.07.2026;1000;RUB;1000;22;54,85;54,85;;;;;;
RU000A10BZS5;СберИОС 001Р-718R 1Y IMOEX;125,742;14.07.2026;1000;RUB;1000;0,01;0,1;0,1;;;;;;
RU000A10BTU4;ГМК Нор.никель БО-001Р-12;500;14.07.2026;100;USD;100;8;0,66;50,86;;;;;;
RU000A10BTT6;УЛК 001Р-01;1000;14.07.2026;1000;RUB;1000;24,5;20,14;20,14;;;;;;
RU000A10BTQ2;Транспортная ЛК 001P-03;200;14.07.2026;1000;RUB;1000;23,5;19,32;19,32;;;;;;
RU000A10BLP1;Регион-Продукт БО-01;70;14.07.2026;1000;RUB;1000;31;25,48;25,48;;;;;;
RU000A10B4L1;ДЕВАР ПЕТРО 001Р-01;150;14.07.2026;1000;RUB;1000;29,5;24,25;24,25;;;;;;
RU000A10B4K3;ГМК Нор.никель БО-001Р-08;1000;14.07.2026;100;USD;100;7,75;0,64;49,32;;;;;;
RU000A10B4J5;Полипласт АО П02-БО-03;58;14.07.2026;100;USD;100;13,7;1,13;87,08;;;;;;
RU000A10B3Q2;Биннофарм Групп 001Р-05;6000;14.07.2026;1000;RUB;1000;23,5;19,32;19,32;;;;;;
RU000A10B2X0;Синара Транспортные Машины 1P5;5000;14.07.2026;1000;RUB;1000;;;;;;;;;
RU000A10AYH3;СберИОС 001Р-683R 5Г AC MOEX;370,767;14.07.2026;1000;RUB;1000;0,01;0,01;0,01;;;;;;
RU000A10AXW4;СИБУР Холдинг 001Р-03;600;14.07.2026;100;USD;100;9,6;0,79;60,88;;;;;;
RU000A10AT92;СберИОС 001Р-678R 5Г BSKRUS;1599,334;14.07.2026;1000;RUB;1000;0,01;0,01;0,01;;;;;;
RU000A10A4C1;ЭНЕРГОНИКА 001Р-05;300;14.07.2026;1000;RUB;800;28;18,41;18,41;;;;;;
RU000A109U06;ДельтаЛизинг 001Р-01;1000;14.07.2026;1000;RUB;730;24,34;14,6;14,6;;;;;;
RU000A109TW9;ГМК Нор.никель БО-10;100000;14.07.2026;1000;RUB;1000;;;;;;;;;
RU000A109SM2;Байсэл 001P-02;30,999;14.07.2026;1000;RUB;1000;15;37,4;37,4;;;;;;
RU000A1099V8;Совкомбанк Лизинг БО-П07;4804,71;14.07.2026;1000;RUB;780;;;;;;;;;
RU000A1092T7;Омега БО-01;470,228;14.07.2026;1000;RUB;1000;18,5;15,21;15,21;;;;;;
RU000A108P46;Балтийский лизинг ООО БО-П11;6000;14.07.2026;1000;RUB;1000;;;;;;;;;
RU000A108C17;ПИР БО-02-001P;43,052;14.07.2026;1000;RUB;1000;24,5;20,14;20,14;;;;;;
RU000A108447;Росагролизинг 001P-05;7000;14.07.2026;1000;RUB;1000;15,94;13,54;13,54;;;;;;
RU000A1083A6;ГМК Нор.никель БО-001Р-07;100000;14.07.2026;1000;RUB;1000;15,8;12,99;12,99;;;;;;
RU000A107P47;Центр-резерв БО-03;200;14.07.2026;1000;RUB;750;19;11,71;11,71;;;;;;
RU000A107NJ3;Лизинг-Трейд 001P-11;200;14.07.2026;1000;RUB;1000;16;13,15;13,15;;;;;;
RU000A107CD9;Балтийский лизинг ООО БО-П09;3000;14.07.2026;1000;RUB;250;15,9;3,27;3,27;;;;;;
RU000A106YN4;Группа Продовольствие 001P-03;300;14.07.2026;1000;RUB;1000;16;13,15;13,15;;;;;;
RU000A106SL0;ИСТРИНСКАЯ СЫРОВАРНЯ БО-02;100;14.07.2026;1000;RUB;250;14,5;2,98;2,98;;;;;;
RU000A106B51;МФК Быстроденьги 002Р-02;300;14.07.2026;1000;RUB;800;16;10,52;10,52;;;;;;
RU000A105SK4;ЛК Роделен БО 001Р-04;250;14.07.2026;1000;RUB;633,7;20;10,42;10,42;;;;;;
RU000A105JT4;Газпром капитал ООО ЗО31-1-Д;479,122;14.07.2026;1000;USD;1000;3,5;17,5;1348,57;;;;;;
RU000A104XE0;Лизинг-Трейд 001P-04;100;14.07.2026;1000;RUB;1000;15;12,33;12,33;;;;;;
RU000A104VD6;СФО Спутник Фин 01;440;14.07.2026;1000;RUB;1;10;0,02;0,02;;;;;;
RU000A103WB0;Славянск ЭКО 001Р-01;3000;14.07.2026;1000;RUB;1000;11;27,42;27,42;;;;;;
RU000A102952;ВИС ФИНАНС БО-П01;2500;14.07.2026;1000;RUB;1000;10;24,93;24,93;;;;;;
RU000A1028T1;ФСК Россети ПАО БО 001P-02R;10000;14.07.2026;1000;RUB;1000;6,6;16,45;16,45;;;;;;
RU000A101XD8;МаксимаТелеком БО-П01;3000;14.07.2026;1000;RUB;1000;22;109,7;109,7;?;;;;;
RU000A100ME1;АРАГОН ООО БО-П02;300;14.07.2026;1000;RUB;1000;26;64,82;64,82;;;;;;
RU000A0ZZE87;МОСКОВСКИЙ КРЕДИТНЫЙ БАНК 15;5000;14.07.2026;1000;RUB;1000;15;74,79;74,79;-1;BB;;;;
RU000A0ZZDB0;ЕАБР БО 001Р-01;10000;14.07.2026;1000;RUB;1000;8,2;40,89;40,89;;;;;;
RU000A0NR615;Сбер CIB-CO-535;2000;14.07.2026;1000;RUB;1000;0,01;0,31;0,31;;;;;;
RU000A0JXPG2;ГосТранспортЛизингКомп 001P-04;10000;14.07.2026;1000;RUB;1000;16;39,89;39,89;;;;;;
RU000A10F5F6;Пионер-Лизинг БО9;250;13.07.2026;1000;RUB;1000;26,5;21,78;21,78;;;;;;
RU000A10ETT0;Промсвязьбанк 004P-04;15000;13.07.2026;1000;RUB;1000;;;;;;;;;
RU000A10ETQ6;Промсвязьбанк 004P-02;40000;13.07.2026;1000;RUB;1000;14,05;11,55;11,55;;;;;;
RU000A10ETM5;ЭнергоТехСервис 001Р-10;1007,2;13.07.2026;1000;RUB;1000;;;;;;;;;
RU000A10ETL7;Ростелеком ПАО 001P-25R;15000;13.07.2026;1000;RUB;1000;13,65;11,22;11,22;;;;;;
RU000A10EA32;Почта России 003P-04;2300;13.07.2026;1000;RUB;1000;;;;;;;;;
RU000A10EA16;Почта России 003P-03;8700;13.07.2026;1000;RUB;1000;17,75;14,59;14,59;;;;;;
RU000A10EA08;Софтлайн 002Р-02;6600;13.07.2026;1000;RUB;1000;19,5;16,03;16,03;;;;;;
RU000A10E9Z7;МКАО Воксис 001Р-02;500;13.07.2026;1000;RUB;1000;20;16,44;16,44;;;;;;
RU000A10E9Y0;Газпром капитал ООО БО-003Р-18;250;13.07.2026;1000;USD;1000;7,5;6,16;474,7;;;;;;
RU000A10E9V6;ПЕРВОУРАЛЬСКБАНК 001Р-02;300;13.07.2026;1000;RUB;1000;21;17,26;17,26;;;;;;
RU000A10E804;Первое кол.бюро НАО 001Р-09;1250;13.07.2026;1000;RUB;1000;;;;;;;;;
RU000A10DT08;Газпром капитал ООО БО-003Р-20;3000;13.07.2026;1000;CNY;1000;7,4;6,08;68,92;;;;;;
RU000A10DSY4;Совко Капитал 001Р-01;10000;13.07.2026;1000;RUB;1000;19;15,62;15,62;;;;;;
RU000A10D483;Газпром нефть 005P-01R;210;13.07.2026;1000;USD;1000;7,5;6,16;474,7;;;;;;
RU000A10D459;Мобильные ТелеСистемы 002P-13;20000;13.07.2026;1000;RUB;1000;;;;;;;;;
RU000A10D1H3;РЖД БО 001P-46R;20000;13.07.2026;1000;RUB;1000;15,64;13,28;13,28;;;;;;
RU000A10CRD2;ГМК Нор.никель БО-001Р-15;9000;13.07.2026;1000;CNY;1000;7,5;6,16;69,83;;;;;;
RU000A10CRC4;ГМК Нор.никель БО-001Р-14;850;13.07.2026;100;USD;100;6,4;0,53;40,84;;;;;;
RU000A10CRB6;Кокс ПАО 001P-06;800;13.07.2026;1000;RUB;1000;20,5;16,85;16,85;;;;;;
RU000A10CRA8;Гланит БО-01;7000;13.07.2026;1000;RUB;1000;;;;;;;;;
RU000A10CR92;КВАЗАРЛ-01;100;13.07.2026;1000;RUB;749,98;25;15,41;15,41;;;;;;
RU000A10C3P3;МИРРИКО БО-П04;55,118;13.07.2026;1000;RUB;1000;19,5;16,03;16,03;;;;;;
RU000A10C3N8;МИРРИКО БО-П03;509,111;13.07.2026;1000;RUB;1000;22,5;18,49;18,49;;;;;;
RU000A10C2E9;Аэрофьюэлз 002Р-05;2500;13.07.2026;1000;RUB;1000;19,75;49,24;49,24;1;A;1051,93;Fn;;цена падает
RU000A10BYU4;СберИОС 001Р-742R 1Y WDC KR;73,356;13.07.2026;1000;RUB;1000;0,01;0,1;0,1;;;;;;
RU000A10BYA6;АЛЬФА-БАНК Б1Р26;394,864;13.07.2026;1000;RUB;1000;0,01;0,1;0,1;;;;;;
RU000A10BTC2;Ростелеком ПАО 001P-18R;15000;13.07.2026;1000;RUB;1000;;;;;;;;;
RU000A10BTA6;РЖД БО 001P-43R;40000;13.07.2026;1000;RUB;1000;15,9;13,07;13,07;;;;;;
RU000A10B4F3;АгроЗерноЮгUSD 001Р-01;2;13.07.2026;10;USD;10;15;0,12;9,25;;;;;;
RU000A10B4D8;МЕТАЛЛОИНВЕСТ 001P-13;30000;13.07.2026;1000;RUB;1000;;;;;;;;;
RU000A10B4A4;Интерлизинг 001Р-11;4500;13.07.2026;1000;RUB;892;24;17,6;17,6;;;;;;
RU000A10B487;ДелоПортс ООО БО 001P-04;15000;13.07.2026;1000;RUB;1000;20,75;17,05;17,05;;;;;;
RU000A10B461;НСКАТД БО-03;1700;13.07.2026;1000;RUB;1000;26;21,37;21,37;;;;;;
RU000A10B024;АФК Система БО 002Р-01;12000;13.07.2026;1000;RUB;1000;17,5;14,86;14,86;;;;;;
RU000A10AXP8;ВсеИнструменты.ру 001Р-04;1000;13.07.2026;1000;RUB;1000;24;19,73;19,73;;;;;;
RU000A10AXK9;ФосАгро БО-02-02;1000;13.07.2026;1000;CNY;1000;10,4;8,55;96,92;;;;;;
RU000A10AXH5;Магнит ПАО БО-005Р-02;46500;13.07.2026;1000;RUB;1000;21,5;17,67;17,67;;;;;;
RU000A10AEG7;Полипласт АО П02-БО-01;1000;13.07.2026;1000;RUB;1000;;;;;;;;;
RU000A10A3Z4;ГТЛК БО 002P-04;10000;13.07.2026;1000;RUB;1000;25;20,55;20,55;;;;;;
RU000A1099P0;МФК Быстроденьги 002Р-07;124,579;13.07.2026;1000;RUB;1000;23;18,9;18,9;;;;;;
RU000A108BN8;Газпром капитал БО-003Р-01;20000;13.07.2026;1000;RUB;1000;;;;;;;;;
RU000A1086N2;КОНТРОЛ лизинг 001Р-02;1000;13.07.2026;1000;RUB;808,2;18,25;12,12;12,12;;;;;;
RU000A107GU4;МФК Быстроденьги 002Р-04;366,644;13.07.2026;1000;RUB;1000;22,5;18,49;18,49;;;;;;
RU000A107GT6;СЕЛЛ-Сервис БО-01;250;13.07.2026;1000;RUB;1000;24;19,73;19,73;;;;;;
RU000A1074N8;Практика ЛК 001Р-02;3000;13.07.2026;1000;RUB;160;15,7;2,13;2,13;;;;;;
RU000A106SE5;Фордевинд 04;300;13.07.2026;1000;RUB;1000;17;13,97;13,97;;;;;;
RU000A106K27;Группа компаний Медси 001P-03;3000;13.07.2026;1000;RUB;1000;16,5;41,14;41,14;1;;;Tn;;
RU000A106HN9;Банк ВТБ С-1-601 (структурные);0;13.07.2026;1000;RUB;1000;0;;;;;;;;
RU000A106AU9;Ультра БО-01;250;13.07.2026;1000;RUB;520;20;8,55;8,55;;;;;;
RU000A103EN3;РЖД БО 001Р-23R;15000;13.07.2026;1000;RUB;1000;7,85;39,14;39,14;;;;;;
RU000A0JX5W4;Альфа-Банк АО обл. БО-18;5000;13.07.2026;1000;RUB;1000;14,85;74,05;74,05;3;AA+;1084,21;Tn;10;https://www.tbank.ru/invest/bonds/RU000A0JX5W4/
RU000A10F595;Транспортная ЛК 001P-05;250;12.07.2026;1000;RUB;1000;26;21,37;21,37;;;;;;
RU000A10ET56;Россети Сибирь 001Р-01;5000;12.07.2026;1000;RUB;1000;;;;;;;;;
RU000A10E9M5;Защита онлайн БО-02;200;12.07.2026;1000;RUB;1000;26;21,37;21,37;;;;;;
RU000A10DEQ0;Полипласт АО П02-БО-12;10;12.07.2026;100;USD;100;12,5;1,03;79,37;;;7725,99;Tn;;
RU000A10DEM9;СтройДорСервис БО-01;300;12.07.2026;1000;RUB;1000;20,5;16,85;16,85;;;;;;
RU000A10D3X6;Селигдар 001Р-07;4800;12.07.2026;1000;RUB;1000;;;;;;;;;
RU000A10D3T4;ПКО СЗА БО-04;100;12.07.2026;1000;RUB;1000;24,5;20,14;20,14;;;;;;
RU000A10D3S6;Селигдар 001Р-06;2700;12.07.2026;1000;RUB;1000;18,5;15,21;15,21;;;;;;
RU000A10D3P2;Южноуральский ЛЦ 001Р-01;208,151;12.07.2026;1000;RUB;1000;24;19,73;19,73;;;;;;
RU000A10D3G1;Гельтек-Медика БО-01;500;12.07.2026;1000;RUB;1000;22;18,08;18,08;;;;;;
RU000A10CR50;ГТЛК БО 002P-10;30000;12.07.2026;1000;RUB;1000;;;;;;;;;
RU000A10C3B3;МФК Быстроденьги 003Р-01;400;12.07.2026;1000;RUB;1000;27;22,19;22,19;;;;;;
RU000A10BT34;Россети ПАО БО 001P-17R;15000;12.07.2026;1000;RUB;1000;16;13,15;13,15;;;;;;
RU000A10BT00;СОБИ-ЛИЗИНГ 001Р-06;76,737;12.07.2026;1000;RUB;730;21,5;12,9;12,9;;;;;;
RU000A10BFM0;Газпром капитал БО-003Р-13;350;12.07.2026;1000;USD;1000;7,65;6,29;484,71;;;;;;
RU000A10BFL2;Новые технологии 001Р-06;1000;12.07.2026;1000;RUB;1000;;;;;;;;;
RU000A10BFK4;Новые технологии 001Р-05;400;12.07.2026;1000;RUB;1000;23,25;19,11;19,11;;;;;;
RU000A10BFJ6;Полипласт АО П02-БО-04;2250;12.07.2026;1000;RUB;1000;25,5;20,96;20,96;;;;;;
RU000A10B420;ГруппаЧеркизово БО-001Р-08;10000;12.07.2026;1000;RUB;1000;;;;;;;;;
RU000A10B313;Брусника 002Р-05;3000;12.07.2026;1000;RUB;1000;24,75;20,34;20,34;;;;;;
RU000A10AEF9;"ПАО ""ТГК-14"" 001Р-03";150;12.07.2026;1000;RUB;1000;26,5;21,78;21,78;;;;;;
RU000A10AEE2;"ПАО ""ТГК-14"" 001Р-04";150;12.07.2026;1000;RUB;1000;;;;;;;;;
RU000A10AEB8;РусГидро БО-002Р-05;20500;12.07.2026;1000;RUB;1000;;;;;;;;;
RU000A109KW8;Нижнекамскнефтехим об. 001Р-03;7500;12.07.2026;1000;RUB;1000;15,7;12,9;12,9;;;;;;
RU000A109KV0;МСП Банк 001P-02;7500;12.07.2026;1000;RUB;1000;17,25;14,18;14,18;;;;;;
RU000A109KT4;МФК Т-Финанс;10000;12.07.2026;1000;RUB;1000;;;;;;;;;
RU000A1090M6;РЕСО-Лизинг ООО БО-П-27;100;12.07.2026;1000;RUB;1000;18;14,79;14,79;;;;;;
RU000A1090K0;Магнит ПАО БО-004Р-06;25000;12.07.2026;1000;RUB;1000;15,5;12,74;12,74;;;;;;
RU000A1090H6;Пионер-Лизинг БО6;400;12.07.2026;1000;RUB;1000;21,96;18,05;18,05;;;;;;
RU000A108GM9;БИЗНЕС АЛЬЯНС 001P-05;38,163;12.07.2026;1000;RUB;1000;17;13,97;13,97;;;;;;
RU000A108777;Балтийский лизинг ООО БО-П10;8000;12.07.2026;1000;RUB;1000;;;;;;;;;
RU000A107GJ7;ВсеИнструменты.ру 001Р-01;4000;12.07.2026;1000;RUB;1000;;;;;;;;;
RU000A106Y88;МФК ВЭББАНКИР 04;350;12.07.2026;1000;RUB;750,1;15;9,25;9,25;;;;;;
RU000A106Y21;Нафтатранс плюс ООО БО-05;250;12.07.2026;1000;RUB;1000;28;23,01;23,01;;;;;;
RU000A10EJR5;Арлифт 001Р-01;700;11.07.2026;1000;RUB;1000;23,5;19,32;19,32;;;;;;
RU000A10EJ90;Сбербанк ПАО 001Р-SBER54;9000;11.07.2026;1000;RUB;1000;14,2;11,67;11,67;;;;;;
RU000A10EF52;Сбербанк ПАО 001Р-SBER52;71000;11.07.2026;1000;RUB;1000;14,2;11,67;11,67;;;;;;
RU000A10E8P0;РЖД БО 001P-51R;4000;11.07.2026;1000;CNY;1000;7,6;6,25;70,85;;;;;;*12
RU000A10E8N5;Мобильные ТелеСистемы 002Р-16;20000;11.07.2026;1000;RUB;1000;;;;;;;;;
RU000A10DBP8;АЛЬФА-БАНК T2-CR-04;10000;11.07.2026;100000000;RUB;100000000;18,1;1487671,23;1487671,23;;;;;;
RU000A10D3K3;Почта России 003P-02;3930;11.07.2026;1000;RUB;1000;;;;;;;;;
RU000A10D3J5;Почта России 003P-01;4770;11.07.2026;1000;RUB;1000;17,2;14,14;14,14;;;;;;
RU000A10D3C0;РусГидро БО-002Р-08;30000;11.07.2026;1000;RUB;1000;15,45;12,7;12,7;;;;;;
RU000A10D3B2;РусГидро БО-002Р-09;5000;11.07.2026;1000;RUB;1000;;;;;;;;;
RU000A10D3A4;Элемент Лизинг БО 001P-10;1500;11.07.2026;1000;RUB;903,4;;;;;;;;;
RU000A10CFH8;МОНОПОЛИЯ 001P-07;1375;11.07.2026;1000;RUB;1000;23;18,9;18,9;;;;;;
RU000A10B3Z3;ЕвразХолдинг Финанс 003P-03;450;11.07.2026;100;USD;100;9,5;0,78;60,11;;;;;;
RU000A10B3Y6;ВсеИнструменты.ру 001Р-06;500;11.07.2026;1000;RUB;1000;23,5;19,32;19,32;;;;;;
RU000A10B3X8;ВсеИнструменты.ру 001Р-05;2500;11.07.2026;1000;RUB;1000;;;;;;;;;
RU000A10B271;Банк ВТБ (ПАО) Б-1-374;100000;11.07.2026;1000;RUB;1000;;;;;;;;;
RU000A10ADJ3;ЭнергоТехСервис 001Р-06;1000;11.07.2026;1000;RUB;700;;;;;;;;;
RU000A10ADH7;Нафтатранс плюс ООО БО-06;250;11.07.2026;1000;RUB;1000;30;24,66;24,66;;;;;;
RU000A10ADD6;НСКАТД БО-02;500;11.07.2026;1000;RUB;1000;29;23,84;23,84;;;;;;
RU000A10ACF3;ВЭБ.РФ ПБО-002Р-48;100000;11.07.2026;1000;RUB;1000;;;;;;;;;
RU000A10ABH1;Банк ВТБ (ПАО) Б-1-373;100000;11.07.2026;1000;RUB;1000;;;;;;;;;
RU000A10A3C3;Брусника 002Р-03;3425;11.07.2026;1000;RUB;1000;;;;;;;;;
RU000A109KG1;Нэппи Клаб БО-01;150;11.07.2026;1000;RUB;1000;25,25;20,75;20,75;;;;;;
RU000A1099E4;Мособлэнерго 001Р-01;3500;11.07.2026;1000;RUB;1000;;12,98;12,98;;;;;;
RU000A1099A2;НоваБев Групп 002P БО-П07;4000;11.07.2026;1000;RUB;1000;15,9;13,07;13,07;;;;;;
RU000A108B83;ОилРесурс БО-01;1000;11.07.2026;1000;RUB;1000;17;13,97;13,97;;;;;;
RU000A107U65;МФК ВЭББАНКИР 05;150;11.07.2026;1000;RUB;1000;17;13,97;13,97;;;;;;
RU000A106XT3;АйДи Коллект 04;600;11.07.2026;1000;RUB;1000;16,5;13,56;13,56;;;;;;
RU000A10FD46;Ред Софт БО 002Р-06;450;10.07.2026;1000;RUB;1000;16,75;13,77;13,77;;;;;;
RU000A10FD04;Сибирское Стекло БО-04;250;10.07.2026;1000;RUB;1000;25,5;20,96;20,96;;;;;;
RU000A10EJA1;Газпром нефть 005P-05R;50000;10.07.2026;1000;RUB;1000;;;;;;;;;
RU000A10EEE4;Балтийский лизинг ООО БО-П24;2200;10.07.2026;1000;RUB;1000;18;14,79;14,79;;;;;;
RU000A10E7U2;ПКФ 001Р-01;300;10.07.2026;1000;RUB;1000;26,5;21,78;21,78;;;;;;
RU000A10DSM9;ПГК 003Р-03;8650;10.07.2026;1000;RUB;1000;;;;;;;;;
RU000A10DSL1;ПГК 003Р-02;23200;10.07.2026;1000;RUB;1000;15,95;13,11;13,11;;;;;;
RU000A10DQK7;АБЗ-1 002P-05;2500;10.07.2026;1000;RUB;1000;;;;;;;;;
RU000A10DDU4;Магнит ПАО БО-005Р-04;20000;10.07.2026;1000;RUB;1000;;;;;;;;;
RU000A10D319;Уралкуз 001Р-02;30,74;10.07.2026;100;CNY;100;13;1,07;12,13;;;;;;
RU000A10D301;ЭН+ГИДРО 001РС-08;1000;10.07.2026;1000;CNY;1000;7,8;6,41;72,66;1;AA-;;;;
RU000A10D2Y6;Уральская Сталь БО-001Р-06;2388,018;10.07.2026;1000;RUB;1000;20,5;16,85;16,85;;;;;;
RU000A10CDZ5;РЖД БО 001P-45R;30000;10.07.2026;1000;RUB;1000;13,85;11,38;11,38;;;;;;
RU000A10CC99;Межд.Банк Эк.Сотруд. 002P-04;6000;10.07.2026;1000;RUB;1000;14,65;12,04;12,04;;;;;;
RU000A10C6C4;ГПБ Финанс 001Р-04Р;10000;10.07.2026;1000;RUB;1000;;;;;;;;;
RU000A10C329;iПРОМОМЕД ДМ 002P-02;5000;10.07.2026;1000;RUB;1000;;14,14;14,14;;;;;;
RU000A10C2L4;Сэтл-Групп ООО БО 002P-06;5000;10.07.2026;1000;RUB;1000;19,5;16,03;16,03;;;;;;
RU000A10BLG0;Интерскол КЛС БО-001Р-01;39,5;10.07.2026;100;CNY;95,83;17;1,34;15,19;;;;;;
RU000A10B3T6;ИЭК ХОЛДИНГ 001P-03;2000;10.07.2026;1000;RUB;1000;23,75;19,52;19,52;;;;;;
RU000A10B3C2;ВЭБ.РФ ПБО-002Р-49;100000;10.07.2026;1000;RUB;1000;;;;;;;;;
RU000A10B3A6;Атомэнергопром АО 001Р-04;20000;10.07.2026;1000;RUB;1000;;;;;;;;;
RU000A10B396;МОНОПОЛИЯ 001P-04;825;10.07.2026;1000;RUB;1000;26,5;21,78;21,78;;;;;;
RU000A10AMY3;ЛКХ-01;50;10.07.2026;1000;RUB;1000;31;25,48;25,48;;;;;;
RU000A10AC91;Республика Башкортостан 34014;10500;10.07.2026;1000;RUB;750;23,75;14,64;14,64;;;;;;
RU000A10A6N3;СберИОС 001Р-662R 5Г AC IMOEX;120,655;10.07.2026;1000;RUB;1000;0,01;0,01;0,01;;;;;;
RU000A10A6J1;Адм. г.Томск 34009;1200;10.07.2026;1000;RUB;500;26;11,04;11,04;;;;;;
RU000A109TG2;Каршеринг Руссия 001P-04;3314,597;10.07.2026;1000;RUB;1000;;;;;;;;;
RU000A109K65;Газпром капитал БО-003Р-04;20000;10.07.2026;1000;RUB;1000;;;;;;;;;
RU000A109K40;ФосАгро БО-П02;35000;10.07.2026;1000;RUB;1000;;12,74;12,74;;;;;;
RU000A108G05;ЕвразХолдинг Финанс 003P-01;40000;10.07.2026;1000;RUB;1000;;;;;;;;;
RU000A1089L0;ООО АСВ БО-02-001P;350;10.07.2026;1000;RUB;680;20;33,91;33,91;;;;;;
RU000A1089K2;МКПАО ОК РУСАЛ БО-001P-07;900;10.07.2026;1000;CNY;1000;7,9;19,7;223,32;1;A+;11549,95;Tn;;
RU000A1082X0;Группа ЛСР ПАО БО 001Р-09;3000;10.07.2026;1000;RUB;1000;14,75;12,12;12,12;;;;;;
RU000A1082W2;Новые технологии БO-03;661,752;10.07.2026;1000;RUB;1000;18,1;14,88;14,88;;;;;;
RU000A107W97;СберИОС 001Р-610R 5Г AC MOEXMM;620,247;10.07.2026;1000;RUB;1000;0,01;0,01;0,01;;;;;;
RU000A1078X8;ДиректЛизинг БО 002Р-02;300;10.07.2026;1000;RUB;482,3;17,5;6,94;6,94;;;;;;
RU000A1074S7;СберИОС 001Р-591R 5Г AC MOEXOG;520,483;10.07.2026;1000;RUB;1000;0,01;0,01;0,01;;;;;;
RU000A1074F4;Мани Капитал 001P-01;150;10.07.2026;1000;RUB;1000;15;12,33;12,33;;;;;;
RU000A1070L0;ЯТЭК 001Р-03;6000;10.07.2026;1000;RUB;1000;15,35;38,27;38,27;;;;;;
RU000A106JZ9;Башкирская содовая 001Р-03;6000;10.07.2026;1000;RUB;250;10,6;6,61;6,61;;;;;;
RU000A106JX4;ЕАБР 003P-008;6000;10.07.2026;1000;RUB;1000;;;;1;AAA;1076,95;Tn;;Плавающий Купон 83,75
RU000A103TS0;ТЕХНО Лизинг 001P-05;423,874;10.07.2026;1000;RUB;850;11,5;8,03;8,03;;;;;;
RU000A1009Z8;О'КЕЙ ООО БО 001Р-02;5000;10.07.2026;1000;RUB;1000;10;24,93;24,93;;;;;;
RU000A0ZYNY4;ГосТранспортЛизингКомп 001P-07;10000;10.07.2026;1000;RUB;1000;11,7;29,17;29,17;;;;;;
RU000A10FAS9;ВЭБ.РФ ПБО-002Р-К722;130;09.07.2026;1000;RUB;1000;13,67;7,86;7,86;;;;;;
RU000A10EST2;Эталон-Финанс 002Р-05;4500;09.07.2026;1000;RUB;1000;20;16,44;16,44;;;;;;
RU000A10ESN5;ПКО Вернём 1Р2;150;09.07.2026;1000;RUB;1000;25,5;20,96;20,96;;;;;;
RU000A10ESM7;Мобильные Телесистемы 002Р-18;15000;09.07.2026;1000;RUB;1000;13,9;11,42;11,42;;;;;;
RU000A10EHJ6;ГК Пионер БО 002P-03;4600;09.07.2026;1000;RUB;1000;;;;;;;;;
RU000A10EHC1;ГИДРОМАШСЕРВИС АО 002Р-01;4000;09.07.2026;1000;RUB;1000;;;;;;;;;
RU000A10EHB3;МФК Лайм-Займ 06;2000;09.07.2026;1000;RUB;1000;23,5;19,32;19,32;;;;;;
RU000A10E7W8;МЕТАЛЛОИНВЕСТ 002P-04;75000;09.07.2026;1000;RUB;1000;;;;;;;;;
RU000A10E721;Росагролизинг 002P-06;10000;09.07.2026;1000;RUB;1000;;13,94;13,94;;;;;;
RU000A10DRZ3;СОЛИД СпецАвтоТехЛизинг 02;250;09.07.2026;1000;RUB;1000;26;21,37;21,37;;;;;;
RU000A10DRX8;ЗООПТ БО-01;200;09.07.2026;1000;RUB;1000;24;19,73;19,73;;;;;;
RU000A10DDH1;ЭН ПЛЮС ГИДРО 001РС-09;1000;09.07.2026;100000;CNY;100000;7,8;641,1;7267,45;;;;;;
RU000A10DDG3;Динтег БО-01;250;09.07.2026;1000;RUB;1000;28;23,01;23,01;;;;;;
RU000A10CQE2;ВТБ Лизинг 001Р-МБ-03;3000;09.07.2026;1000;RUB;751;15,5;9,57;9,57;;;;;;
RU000A10CQA0;Полипласт АО П02-БО-10;270;09.07.2026;100;CNY;100;11,95;0,98;11,11;;;;;;
RU000A10CQ93;КАМАЗ ПАО БО-П17;6500;09.07.2026;1000;RUB;1000;;;;;;;;;
RU000A10CQ85;Мобильные ТелеСистемы 001P-29;15000;09.07.2026;1000;RUB;1000;14;11,51;11,51;;;;;;
RU000A10CQ77;КАМАЗ ПАО БО-П16;3500;09.07.2026;1000;RUB;1000;14,9;12,25;12,25;;;;;;
RU000A10CCN3;О'КЕЙ ООО БО 001Р-08;3000;09.07.2026;1000;RUB;1000;16,9;13,89;13,89;;;;;;
RU000A10CC32;Балтийский лизинг ООО БО-П19;10000;09.07.2026;1000;RUB;1000;17;13,97;13,97;;;;;;
RU000A10BBW8;Газпром капитал ООО БО-001Р-12;350;09.07.2026;1000;EUR;1000;7,75;6,37;556,76;;;;;;
RU000A10AV98;Мобильные ТелеСистемы 001P-28;20000;09.07.2026;1000;RUB;1000;13,25;10,89;10,89;;;;;;
RU000A109T74;АйДи Коллект 001P-02;300;09.07.2026;1000;RUB;664;19,5;10,64;10,64;;;;;;
RU000A109JZ3;МКПАО ОК РУСАЛ БО-001P-10;10000;09.07.2026;1000;RUB;1000;;;;;;;;;
RU000A109JY6;МКПАО ОК РУСАЛ БО-001P-11;10000;09.07.2026;1000;RUB;1000;;;;;;;;;
RU000A109JX8;ЛАЗЕРНЫЕ СИСТЕМЫ-01;200;09.07.2026;1000;RUB;1000;18,75;15,41;15,41;;;;;;
RU000A1090A1;ТАЛКлизинг001P-02;9,526;09.07.2026;1000;RUB;520;18,25;7,8;7,8;;;;;;
RU000A109098;Группа Позитив 001Р-01;5000;09.07.2026;1000;RUB;1000;;;;;;;;;
RU000A109080;Газпром капитал БО-002Р-15;20000;09.07.2026;1000;RUB;1000;;;;;;;;;
RU000A108991;ГК Сегежа 003P-04R;10000;09.07.2026;1000;RUB;1000;;;;;;;;;
RU000A1087F6;Минфин Ульяновской обл. 34008;3000;09.07.2026;1000;RUB;1000;16;39,89;39,89;;;;;;
RU000A1082M3;Рекорд Трейд БО-01;169,269;09.07.2026;1000;RUB;1000;20;16,44;16,44;;;;;;
RU000A1082K7;МФК ВЭББАНКИР 06;350;09.07.2026;1000;RUB;1000;20;16,44;16,44;;;;;;
RU000A107G63;ДжетЛенд БО-01;80;09.07.2026;1000;RUB;1000;21;17,26;17,26;;;;;;
RU000A107480;Лизинг-Трейд 001P-10;200;09.07.2026;1000;RUB;1000;16;13,15;13,15;;;;;;
RU000A106XD7;Селигдар GOLD02;6786,713;09.07.2026;5878,39;RUB;9786,3;5,5;134,19;134,19;14;AA-;9624,31;Tn;;
RU000A10FC96;Борец Капитал 001Р-07;4200;08.07.2026;1000;RUB;1000;17,75;14,59;14,59;;;;;;
RU000A10FC88;Патриот Групп 001Р-03;300;08.07.2026;1000;RUB;1000;24;19,73;19,73;;;;;;
RU000A10FAU5;ВЭБ.РФ ПБО-002Р-К724;1378,7;08.07.2026;1000;RUB;1000;13,53;5,19;5,19;;;;;;
RU000A10ESF1;ФДВ Факторинг 001P-01;300;08.07.2026;1000;RUB;1000;23;18,9;18,9;;;;;;
RU000A10DRV2;Защита онлайн БО-01;200;08.07.2026;1000;RUB;1000;26,5;21,78;21,78;;;;;;
RU000A10DRE8;Бустер.Ру БО-02;200;08.07.2026;1000;RUB;1000;24,25;19,93;19,93;;;;;;
RU000A10CCG7;iКаршеринг Руссия 001P-07;1500;08.07.2026;1000;RUB;1000;18,25;15;15;;;;;;
RU000A10CCB8;ПКО СЗА БО-03;100;08.07.2026;1000;RUB;1000;25;20,55;20,55;;;;;;
RU000A10BAX8;АЛЬФА-Б C-1-656 (структурные);0;08.07.2026;1000;RUB;1000;0,01;0,1;0,1;;;;;;
RU000A10AV23;РЕСО-Лизинг ООО БО-П-16;5000;08.07.2026;1000;RUB;1000;14,6;12;12;;;;;;
RU000A10AV15;ВИС ФИНАНС БО-П07;1500;08.07.2026;1000;RUB;1000;25,25;20,75;20,75;;;;;;
RU000A10AHN6;Совкомбанк Факторинг 002P-01;20000;08.07.2026;1000;RUB;1000;;;;;;;;;
RU000A10AHM8;Совкомбанк Лизинг БО-П08;5000;08.07.2026;1000;RUB;1000;;;;;;;;;
RU000A10A398;СИМПЛ 001Р-01;1000;08.07.2026;1000;RUB;1000;;;;;;;;;
RU000A108Q78;Кеарли Групп 001Р-01;129,456;08.07.2026;1000;RUB;1000;21;17,26;17,26;;;;;;
RU000A108421;СберИОС 001Р-616R 5Г AC RTKM;214,355;08.07.2026;1000;RUB;1000;0,01;0,01;0,01;;;;;;
RU000A108413;СберИОС 001Р-615R 5Г AC TCSG;898,986;08.07.2026;1000;RUB;1000;0,01;0,01;0,01;;;;;;
RU000A107FN1;ТЕХНО Лизинг 001Р-06;300;08.07.2026;1000;RUB;1000;17;13,97;13,97;;;;;;
RU000A107FG5;Транс-Миссия БО-02;300;08.07.2026;1000;RUB;1000;30;24,66;24,66;;;;;;
RU000A107985;СберИОС 001Р-595R 5Г AC MOEXFN;1684,274;08.07.2026;1000;RUB;1000;0,01;0,01;0,01;;;;;;
RU000A1078K5;Ультра БО-02;100;08.07.2026;1000;RUB;1000;18,75;15,41;15,41;;;;;;
RU000A1078H1;СОБИ-ЛИЗИНГ 001Р-03;150;08.07.2026;1000;RUB;160;17,5;2,3;2,3;;;;;;
RU000A1070A3;Охта Групп БО-П03;500;08.07.2026;1000;RUB;1000;14;34,9;34,9;?;BB+;;;;
RU000A106ZU6;РусГидро (ПАО) БО-П12;30000;08.07.2026;1000;RUB;1000;16,2;40,39;40,39;3;AAA(RU);1036,05;Tn;;
RU000A106L67;Кириллица БО-02;300;08.07.2026;1000;RUB;1000;16,5;13,56;13,56;;;;;;
RU000A106JC8;Роял Капитал БО-П09;100;08.07.2026;1000;RUB;1000;15;37,4;37,4;;B+|ru|;;;;
RU000A106J38;ТрансФин-М ПАО 001P-09;3000;08.07.2026;1000;RUB;1000;18,5;92,25;92,25;?;-;;;;
RU000A106J20;Автодор ГК БО-005Р-02;20000;08.07.2026;1000;RUB;1000;10,84;54,05;54,05;1;AA+;;;;Открытие длинных позиций для данного инструмента не разрешено
RU000A106375;Газпром Капитал 07;40000;08.07.2026;1000;RUB;1000;;;;;;;;;
RU000A103DT2;Артген БО-01;300;08.07.2026;1000;RUB;1000;10,75;26,8;26,8;;;;;;
RU000A101WR0;ОГК-2 002P-01;5000;08.07.2026;1000;RUB;1000;10,1;50,36;50,36;1;AAA;1059,21;Fn;;
RU000A101UW4;СФО Социального развия 02;1798,53;08.07.2026;1000;RUB;153,12;16,31;6,23;6,23;;;;;;
RU000A101UU8;СФО Социального развия 01;3216,086;08.07.2026;1000;RUB;153,12;10,21;3,9;3,9;;;;;;
RU000A100L55;Мобильные ТелеСистемы 001P-11;10000;08.07.2026;1000;RUB;1000;7,9;19,7;19,7;;;;;;
RU000A1009L8;РЖД ОАО БО 001Р-15R;15000;08.07.2026;1000;RUB;1000;8,8;21,94;21,94;;;;;;
RU000A0NR771;Банк ВТБ С-1-565 (структурные);0;08.07.2026;1000;RUB;1000;0;0,01;0,01;;;;;;
RU000A10F512;iКаршеринг Руссия 001P-08;1201,521;07.07.2026;1000;RUB;1000;22;18,08;18,08;;;;;;
RU000A10F4Z7;МФК Быстроденьги 003Р-02;300;07.07.2026;1000;RUB;1000;22,25;18,29;18,29;;;;;;
RU000A10ES57;Газпром капитал ООО БО-003Р-24;40000;07.07.2026;1000;RUB;1000;;;;;;;;;
RU000A10DRF5;Газпром нефть 005P-03R;50000;07.07.2026;1000;RUB;1000;;;;;;;;;
RU000A10D2Q2;Газпром капитал БО-003Р-06;25000;07.07.2026;1000;RUB;1000;;;;;;;;;
RU000A10D2N9;Сибирское Стекло БО-03;200;07.07.2026;1000;RUB;1000;24,25;19,93;19,93;;;;;;
RU000A10CC24;РусГидро БО-002Р-07;50000;07.07.2026;1000;RUB;1000;13,85;11,38;11,38;;;;;;
RU000A10BPV0;Совкомбанк Лизинг БО-П10;10000;07.07.2026;1000;RUB;1000;;;;;;;;;
RU000A10B8D9;ВЭБ.РФ ПБО-002Р-50;50000;07.07.2026;1000;RUB;1000;;;;;;;;;
RU000A10B347;Акрон (ПАО) БО-001P-07;1600;07.07.2026;1000;CNY;1000;10,5;8,63;97,83;;;;;;
RU000A10B2U6;Баррель БО-01;150;07.07.2026;1000;RUB;1000;27;22,19;22,19;;;;;;
RU000A10B2T8;ВИС ФИНАНС БО-П08;1500;07.07.2026;1000;RUB;1000;24;19,73;19,73;;;;;;
RU000A10B2P6;АйДи Коллект 001P-01;1300;07.07.2026;1000;RUB;1000;26;21,37;21,37;;;;;;
RU000A10AUX8;НОВАТЭК 001Р-03;500;07.07.2026;100;USD;100;9,4;0,77;59,34;1;ruAAA;;;;
RU000A10AUG3;АПРИ БО-002Р-07;305;07.07.2026;1000;RUB;1000;29,5;24,25;24,25;;;;;;
RU000A10A349;РусГидро БО-002Р-01;40000;07.07.2026;1000;RUB;1000;;;;;;;;;
RU000A109SP5;Эталон-Финанс 002Р-02;8000;07.07.2026;1000;RUB;1000;;;;;;;;;
RU000A109L72;Республика Саха (Якутия) 35016;6800;07.07.2026;1000;RUB;800;15,8;10,74;10,74;;;;;;
RU000A109A34;СберИОС 001Р-644R 5Г AC IMOEX;22,486;07.07.2026;1000;RUB;1000;0,01;0,01;0,01;;;;;;
RU000A1099H7;АЛЬФА-Б C-1-464 (структурные);0;07.07.2026;1000;RUB;1000;0,01;0,18;0,18;;;;;;
RU000A109981;Джи-групп 002P-05;2000;07.07.2026;1000;RUB;1000;;;;;;;;;
RU000A109908;МВ ФИНАНС 001Р-05;3750;07.07.2026;1000;RUB;1000;;;;;;;;;
RU000A1093L2;ВЭБ.РФ ПБО-002Р-46;45000;07.07.2026;1000;RUB;1000;;;;;;;;;
RU000A108ZU2;МГКЛ-001Р-06;500;07.07.2026;1000;RUB;1000;23;18,9;18,9;;;;;;
RU000A108CQ9;Банк ВТБ С-1-1083(структурные);0;07.07.2026;1000;RUB;1000;0,01;0,21;0,21;;;;;;
RU000A108AL4;Интерлизинг 001Р-08;3000;07.07.2026;1000;RUB;560;15,75;7,25;7,25;;;;;;
RU000A108AK6;Фордевинд 05;431,434;07.07.2026;1000;RUB;1000;22;18,08;18,08;;;;;;
RU000A108AJ8;МСБ-Лизинг 003P-03;278,894;07.07.2026;1000;RUB;333,4;18;4,93;4,93;;;;;;
RU000A1082G5;ЕвроТранс 002Р-01;2000;07.07.2026;1000;RUB;1000;15,5;12,74;12,74;;;;;;
RU000A107X96;ВЭБ.РФ ПБО-002Р-40;85000;07.07.2026;1000;RUB;1000;;;;;;;;;
RU000A107EW5;МФК Джой Мани 001P-01;250;07.07.2026;1000;RUB;1000;17;13,97;13,97;;;;;;
RU000A107217;АРЕНЗА-ПРО 001P-03;300;07.07.2026;1000;RUB;1000;20;16,99;16,99;;;;;;
RU000A107084;Газпром капитал БО-002Р-10;30000;07.07.2026;1000;RUB;1000;;;;;;;;;
RU000A107050;Газпром капитал БО-002Р-09;30000;07.07.2026;1000;RUB;1000;;;;;;;;;
RU000A106XR7;СберИОС 001Р-588R 5Г AC MOEXFN;1499,975;07.07.2026;1000;RUB;1000;0,01;0,01;0,01;;;;;;
RU000A106J61;Практика ЛК 001Р-01;2000;07.07.2026;1000;RUB;175;11;4,8;4,8;;;;;;
RU000A106J04;Урожай БО-03;200;07.07.2026;1000;RUB;1000;16;39,89;39,89;;B+;;;;
RU000A106EP1;ПР-Лизинг ООО БО 002Р-02;1500;07.07.2026;1000;RUB;1000;18;14,79;14,79;;;;;;
RU000A106EM8;Балтийский лизинг ООО БО-П08;10000;07.07.2026;1000;RUB;1000;18;14,79;14,79;;;;;;
RU000A104Y15;НоваБев Групп 002P БО-П05;7000;07.07.2026;1000;RUB;1000;10,85;54,1;54,1;1;ruAA;1032,30;;;
RU000A103DS4;СИБУР Холдинг БО-03;10000;07.07.2026;1000;RUB;1000;15,5;77,29;77,29;1;ruAAA;1047,40;;;
RU000A103DN5;Республика Башкортостан 34012;10000;07.07.2026;1000;RUB;400;7,65;7,63;7,63;;;;;;
RU000A1018T2;ДОМ.РФ Ипотечный агент 13-002P;96608,082;07.07.2026;1000;RUB;164,47;8,729;1,18;1,18;;;;;;
RU000A100Q35;ПР-Лизинг ООО БО 001Р-03;400;07.07.2026;1000;RUB;1000;19;15,62;15,62;;;;;;
RU000A0JWN63;МОСТОТРЕСТ ПАО 07 обл.;5000;07.07.2026;1000;RUB;1000;0,01;0,05;0,05;;;;;;
RU000A10F4F9;Газпром нефть 005Р-07R;87000;06.07.2026;1000;RUB;1000;;;;;;;;;
RU000A10ES32;ОДК 001P-01;15000;06.07.2026;1000;RUB;1000;17;13,97;13,97;;;;;;
RU000A10ES24;ООО Л-Старт БО-03;210,5;06.07.2026;1000;RUB;1000;28,5;23,42;23,42;;;;;;
RU000A10ES16;ОДК 001P-02;2000;06.07.2026;1000;RUB;1000;;;;;;;;;
RU000A10ERV0;Магнит ПАО БО-006Р-02;64000;06.07.2026;1000;RUB;1000;;;;;;;;;
RU000A10ERS6;Бустер.Ру БО-03;300;06.07.2026;1000;RUB;1000;23,5;19,32;19,32;;;;;;
RU000A10E7Q0;АЛЬФА-БАНК 002P-31;30000;06.07.2026;1000;RUB;1000;14,93;12,27;12,27;;;;;;
RU000A10E7K3;реСтор 001Р-03;2000;06.07.2026;1000;RUB;1000;18,75;15,41;15,41;;;;;;
RU000A10DSG1;Новосибирская область 34028;17500;06.07.2026;1000;RUB;1000;16,4;13,48;13,48;;;;;;
RU000A10DQM3;Центр-резерв БО-06;130;06.07.2026;1000;RUB;1000;25;20,55;20,55;;;;;;
RU000A10DQL5;МЕТАЛЛОИНВЕСТ 002P-03;20000;06.07.2026;1000;RUB;1000;;;;;;;;;
RU000A10D1W2;МегаФон ПАО БО-002Р-10;30000;06.07.2026;1000;RUB;1000;;;;;;;;;
RU000A10D1U6;Бустер.Ру БО-01;300;06.07.2026;1000;RUB;1000;24,5;20,14;20,14;;;;;;
RU000A10CZC7;Аэрофьюэлз002Р-06;1100;06.07.2026;1000;RUB;1000;18,25;45,5;45,5;;A;;;;
RU000A10CP78;"ПАО ""ПСБ"" 004P-01";25000;06.07.2026;1000;RUB;1000;14,25;11,71;11,71;;;;;;
RU000A10CP52;Газпром капитал ООО БО-003Р-19;5000;06.07.2026;1000;CNY;1000;6,4;5,26;59,63;1;AAA;;;;
RU000A10CMT9;МКПАО ЯНДЕКС 001Р-02;25000;06.07.2026;1000;RUB;1000;13,5;11,1;11,1;;;;;;
RU000A10BSL5;Ростелеком ПАО 001P-17R;15000;06.07.2026;1000;RUB;1000;16,5;13,56;13,56;;;;;;
RU000A10BS76;ВУШ БО 001P-04;5000;06.07.2026;1000;RUB;1000;20,25;16,64;16,64;;;;;;
RU000A10BS68;Уральская Сталь БО-001Р-04;20;06.07.2026;100;USD;100;12,75;1,05;80,91;;;;;;
RU000A10BQ37;СберИОС 001Р-727R 5Г BSKRUS;108,82;06.07.2026;1000;RUB;1000;0,01;0,03;0,03;;;;;;
RU000A10B8R9;ИНАРКТИКА 002Р-02;2000;06.07.2026;1000;RUB;1000;19;47,37;47,37;;A+;;;;
RU000A10B2M3;МФК Быстроденьги 002Р-08;250;06.07.2026;1000;RUB;1000;22;18,08;18,08;;;;;;
RU000A10B2F7;ЛК Роделен БО 002P-03;1000;06.07.2026;1000;RUB;1000;25,5;20,96;20,96;;;;;;
RU000A10B2D2;Патриот Групп 001Р-01;300;06.07.2026;1000;RUB;1000;27;22,19;22,19;;;;;;
RU000A10AUE8;РЖД БО 001P-36R;20000;06.07.2026;1000;RUB;1000;19,95;16,4;16,4;;;;;;
RU000A10ABC2;Новосибирская область 34026;27800;06.07.2026;1000;RUB;700;19;10,93;10,93;;;;;;
RU000A10A1U9;СибАвтоТранс 001Р-04;300;06.07.2026;1000;RUB;1000;28;23,01;23,01;;;;;;
RU000A109YR9;БКС СТР НОТЫС-54 (структурные);78,3;06.07.2026;1000;RUB;1000;0,01;0,15;0,15;;;;;;
RU000A109LL9;СберИОС 001Р-649R 5Г AC LKOH;186,262;06.07.2026;1000;RUB;1000;0,01;0,01;0,01;;;;;;
RU000A108U80;СберИОС 001Р-631R 5Г AC MOEXIT;206,54;06.07.2026;1000;RUB;1000;0,01;0,01;0,01;;;;;;
RU000A108A19;ГК Солтон БО-01;63,758;06.07.2026;1000;RUB;1000;17,5;14,38;14,38;;;;;;
RU000A107EE3;СОБИ-ЛИЗИНГ 001Р-04;150;06.07.2026;1000;RUB;190;19;2,97;2,97;;;;;;
RU000A106PG6;Банк ВТБ С-1-657 (структурные);0;06.07.2026;1000;RUB;1000;0,01;0,25;0,25;;;;;;
RU000A106K43;РЖД БО 001Р-26R;30000;06.07.2026;1000;RUB;1000;15,5;13,16;13,16;;;;;;
RU000A106HF5;ЭЛЕКТРОРЕШЕНИЯ 001Р-01;445,327;06.07.2026;1000;RUB;1000;12,3;30,67;30,67;;;;;;
RU000A106D83;СберИОС 001Р-570R 3Г КС85;449,76;06.07.2026;1000;RUB;1000;0,01;0,3;0,3;;;;;;
RU000A106AP9;СберИОС 001Р-567R 5Г AC IMOEX;1160,687;06.07.2026;1000;RUB;1000;0,01;0,02;0,02;;;;;;
RU000A106987;Лизинг-Трейд 001P-08;200;06.07.2026;1000;RUB;958,4;14,5;11,42;11,42;;;;;;
RU000A1067V5;Банк ВТБ С-1-505 (структурные);0;06.07.2026;1000;RUB;1000;0;;;;;;;;
RU000A102TK9;ЮСКДевелопмент 02К;90;06.07.2026;10000;RUB;5500;8,8;39,78;39,78;;;;;;
RU000A102R40;РЖД БО 001Р-22R;10000;06.07.2026;1000;RUB;1000;6,85;34,16;34,16;;;;;;
RU000A1027B1;СберИОС 001Р-349R 5Г СМШ;198,962;06.07.2026;1000;RUB;1000;0,01;0,5;0,5;;;;;;
RU000A100KY3;ПАО НК Роснефть 002P-08;25000;06.07.2026;1000;RUB;1000;9;44,88;44,88;3;AAA;997,95;;;
RU000A1006C3;Пионер-Лизинг БО-П02;300;06.07.2026;1000;RUB;1000;20,75;17,05;17,05;;;;;;
RU000A0NR821;Банк ВТБ С-1-595 (структурные);0;06.07.2026;1000;RUB;1000;0,01;0,28;0,28;;;;;;
RU000A0JWN22;Россельхозбанк (АО) обл.07Т1;5000;06.07.2026;1000;RUB;1000;14,5;72,3;72,3;-1;AA;;;;
RU000A0JU7S1;ФСК Россети (ПАО)-обл. сер.29;20000;06.07.2026;1000;RUB;1000;6,91;17,23;17,23;;;;;;
RU000A0A0S62;Банк ВТБ С-1-556 (структурные);0;06.07.2026;1000;RUB;1000;0;;;;;;;;
RU000A10FBK4;Арлифт 001Р-02;630;05.07.2026;1000;RUB;1000;23,25;19,11;19,11;;;;;;
RU000A10F470;ТрансКонтейнер П02-03;10000;05.07.2026;1000;RUB;1000;16,5;13,56;13,56;;;;;;
RU000A10E7G1;НоваБев Групп 003Р-02;5000;05.07.2026;1000;RUB;1000;15,25;12,53;12,53;;;;;;
RU000A10E7D8;ЛКПРОГР БО-01;200;05.07.2026;1000;RUB;1000;26,5;21,78;21,78;;;;;;
RU000A10E6Q2;ИКС 5 ФИНАНС 003P-16;20000;05.07.2026;1000;RUB;1000;;;;;;;;;
RU000A10DF38;СФО ВТБ РКС Эталон 07;42500;05.07.2026;1000;RUB;659,26;17,8;9,65;9,65;;;;;;
RU000A10BRY0;С-ПРИНТ БО-02;100;05.07.2026;1000;RUB;1000;29;23,84;23,84;;;;;;
RU000A10BBG1;ТЕХНО Лизинг 001Р-07;700;05.07.2026;1000;RUB;1000;27;22,19;22,19;;;;;;
RU000A10BBE6;ХК Новотранс 001P-06;10500;05.07.2026;1000;RUB;1000;18,75;15,41;15,41;;;;;;
RU000A10BBD8;ЯТЭК 001Р-06;5500;05.07.2026;1000;RUB;1000;;15,36;15,36;;;;;;
RU000A10BBC0;АйДи Коллект 001P-03;200;05.07.2026;1000;RUB;1000;19,5;16,03;16,03;;;;;;
RU000A10BAP4;Эталон-Финанс 002Р-03;6750;05.07.2026;1000;RUB;1000;25,5;20,96;20,96;;;;;;
RU000A10B263;АБЗ-1 002P-02;1000;05.07.2026;1000;RUB;1000;;;;;;;;;
RU000A10B255;Михайловский Молочный Завод-02;85;05.07.2026;1000;RUB;880;27;19,53;19,53;;;;;;
RU000A10B214;Ростелеком ПАО 001P-15R;15000;05.07.2026;1000;RUB;1000;18,75;15,41;15,41;;;;;;
RU000A10AYJ9;Росагролизинг 002P-05;8000;05.07.2026;1000;RUB;1000;;13,97;13,97;;;;;;
RU000A10AU73;ГТЛК БО 002P-07;15000;05.07.2026;1000;RUB;1000;24;19,73;19,73;;;;;;
RU000A109890;МФК ВЭББАНКИР 07;111,717;05.07.2026;1000;RUB;1000;19,5;16,03;16,03;;;;;;
RU000A109874;ГК Самолет БО-П15;5000;05.07.2026;1000;RUB;1000;19,5;16,03;16,03;;;;;;
RU000A108F63;МФК Быстроденьги 002Р-06;418,184;05.07.2026;1000;RUB;1000;19,5;16,03;16,03;;;;;;
RU000A107EC7;Россети Ленэнерго ПАО 001P-01;10000;05.07.2026;1000;RUB;1000;15,65;12,86;12,86;;;;;;
RU000A107209;Сибирское Стекло БО-П04;300;05.07.2026;1000;RUB;1000;21,5;17,67;17,67;;;;;;
RU000A1071Z8;АйДи Коллект 05;722,94;05.07.2026;1000;RUB;1000;19,5;16,03;16,03;;;;;;
RU000A100WF7;Новосибирск 35010;5000;05.07.2026;1000;RUB;300;7,3;5,4;5,4;;;;;;
RU000A100DQ4;ДОМ.РФ Ипотечный агент 09-002P;72973,525;05.07.2026;1000;RUB;111,72;9,5;2,65;2,65;;;;;;
RU000A10FBH0;Ростелеком ПАО 001P-26R;20000;04.07.2026;1000;RUB;1000;;;;;;;;;
RU000A10FBG2;Трансмашхолдинг АО ПБО-08;20000;04.07.2026;1000;RUB;1000;;;;;;;;;
RU000A10FBB3;ЛЕГЕНДА БО 002P-07;1250;04.07.2026;1000;RUB;1000;19;15,62;15,62;;;;;;
RU000A10EG44;ИЛОН 001Р-01;1250;04.07.2026;1000;RUB;1000;17,7;14,55;14,55;;;;;;
RU000A10EG28;Группа компаний Медси 001P-04;5500;04.07.2026;1000;RUB;1000;;;;;;;;;
RU000A10E747;ГК Сегежа 003P-10R;2903,888;04.07.2026;1000;RUB;1000;25;20,55;20,55;;;;;;
RU000A10E739;Ростелеком ПАО 001P-22R;15000;04.07.2026;1000;RUB;1000;14,75;12,12;12,12;;;;;;
RU000A10D1J9;ЭЛЕКТРОРЕШЕНИЯ 001Р-02;1000;04.07.2026;1000;RUB;1000;22,5;18,49;18,49;;BBB(ru);;;;
RU000A10CW87;СФО ВТБ РКС Эталон 06;37500;04.07.2026;1000;RUB;648,03;18;9,59;9,59;;;;;;
RU000A10CB66;ГК Сегежа 003P-06R;7000;04.07.2026;1000;RUB;1000;23,5;19,32;19,32;;ruBB-;;;;
RU000A10C8F3;Брусника 002Р-04;7500;04.07.2026;1000;RUB;1000;21,5;17,67;17,67;;;;;;
RU000A10C0X3;ЭН+ГИДРО 001РС-07;1950;04.07.2026;1000;CNY;1000;8,7;7,15;81,05;;;;;;
RU000A10BRR4;РусГидро БО-002Р-06;50000;04.07.2026;1000;RUB;1000;;;;;;;;;
RU000A10BRN3;Сибирский КХП 001P-04;150;04.07.2026;1000;RUB;1000;19;15,62;15,62;;;;;;
RU000A10BB83;Роял Капитал БО-02;150;04.07.2026;1000;RUB;1000;31;25,48;25,48;;D;;;;
RU000A10BB75;ЕвроТранс БО-001Р-07;4300;04.07.2026;1000;RUB;1000;24,5;20,14;20,14;;;;;;
RU000A10B1X2;Селигдар 001Р-02;3500;04.07.2026;1000;RUB;1000;24;19,73;19,73;1;AA-;;;;
RU000A10A141;ЕвроТранс БО-001Р-05;2000;04.07.2026;1000;RUB;1000;25;20,55;20,55;;;;;;
RU000A10A133;ЕвроТранс БО-001Р-04;57,323;04.07.2026;1000;RUB;1000;14;11,51;11,51;;;;;;
RU000A109HX2;ВУШ БО 001P-03;4000;04.07.2026;1000;RUB;1000;;;;;;;;;
RU000A109825;АЗБУКА ВКУСА БОП3;1050;04.07.2026;1000;RUB;1000;16,5;13,56;13,56;;;;;;
RU000A1097X8;БИАНКА ПРЕМИУМ БО-01;200;04.07.2026;1000;RUB;1000;23;18,9;18,9;;BB;;;;
RU000A108P61;ПАО Россети Моск.рег. БО1Р06;20000;04.07.2026;1000;RUB;1000;15,65;12,86;12,86;;;;;;
RU000A108L24;МКБ ЗО-2021;91,996;04.07.2026;1000;USD;1000;7,625;19,06;1468,78;;;;;;
RU000A107SG8;СИМПЛ СОЛЮШНЗ КЭПИТЛ 001Р-01;500;04.07.2026;1000;RUB;1000;17,5;14,38;14,38;;;;;;
RU000A107KR2;МигКредит БО-04;300;04.07.2026;1000;RUB;280;21;4,83;4,83;;;;;;
RU000A1071U9;Элемент Лизинг БО 001P-06;2500;04.07.2026;1000;RUB;113,6;15,5;1,45;1,45;;;;;;
RU000A106KW4;Элемент Лизинг БО 001P-05;3000;04.07.2026;1000;RUB;30,5;10;0,25;0,25;;;;;;
RU000A100T81;ЮниМетрикс 01;400;04.07.2026;1000;RUB;250;12;2,47;2,47;;;;;;
RU000A10FAN0;АЛРОСА 002Р-02;30000;03.07.2026;1000;RUB;1000;;;;;;;;;
RU000A10FAL4;ИСП 001Р-01;300;03.07.2026;1000;RUB;1000;21;17,26;17,26;;;;;;
RU000A10EWA4;СФО ВТБ РКС Олимп A4;6000;03.07.2026;1000;RUB;1000;15,5;24,21;24,21;;;;;;
RU000A10EW93;СФО ВТБ РКС Олимп A3;5850;03.07.2026;1000;RUB;1000;15,3;20,54;20,54;;;;;;
RU000A10EW85;СФО ВТБ РКС Олимп А2;11150;03.07.2026;1000;RUB;1000;16,6;26,38;26,38;;;;;;
RU000A10EW77;СФО ВТБ РКС Олимп A1;8000;03.07.2026;1000;RUB;1000;16;25,42;25,42;;;;;;
RU000A10ERG1;МКПАО ОК РУСАЛ БО-001Р-16;1978,019;03.07.2026;1000;CNY;1000;10;24,93;282,6;;;;;;
RU000A10ERA4;ЭкономЛизинг 002Р-02;100;03.07.2026;1000;RUB;1000;23;57,34;57,34;?;BBB-;;;;
RU000A10EP68;ВЭБ.РФ ПБО-002Р-К705;45000;03.07.2026;1000;RUB;1000;13,92;10,68;10,68;;;;;;
RU000A10EFW3;ЛАЗЕРНЫЕ СИСТЕМЫ-02;200;03.07.2026;1000;RUB;1000;20,75;17,05;17,05;;;;;;
RU000A10E6V2;ИКС 5 ФИНАНС 003P-17;15000;03.07.2026;1000;RUB;1000;14,5;11,92;11,92;;;;;;
RU000A10E6U4;ГК Самолет БО-П19;5000;03.07.2026;1000;RUB;1000;21;17,26;17,26;;;;;;
RU000A10E6T6;Акрон (ПАО) БО-002P-02;1500;03.07.2026;1000;CNY;1000;6,8;5,59;63,37;;;;;;
RU000A10E6S8;ТД РКС 002Р-07;400;03.07.2026;1000;RUB;1000;26;21,37;21,37;;;;;;
RU000A10DSD8;СФО ТБ-6 класс Б2;4000;03.07.2026;1000;RUB;1000;18;14,79;14,79;;;;;;
RU000A10DSC0;СФО ТБ-6 класс Б1;8000;03.07.2026;1000;RUB;1000;18;14,79;14,79;;;;;;
RU000A10DQ68;СелоЗеленое 001Р-02;3500;03.07.2026;1000;RUB;1000;17,25;14,18;14,18;;;;;;
RU000A10CAQ0;АЛЬФА ДОН ТРАНС БО-01;300;03.07.2026;1000;RUB;1000;28;23,01;23,01;;;;;;
RU000A10C0V7;ЭР-Телеком Холдинг ПБО-02-10;11000;03.07.2026;1000;RUB;1000;;14,34;14,34;;;;;;
RU000A10BZT3;Биннофарм Групп 001Р-06;2000;03.07.2026;1000;RUB;1000;19,5;16,03;16,03;;;;;;
RU000A10B9Q9;ГЛОРАКС 001Р-04;2200;03.07.2026;1000;RUB;1000;25,5;20,96;20,96;?;BBB+;;;;
RU000A10B1T0;СберИОС 001Р-693R 3Г BSKRUS;133,106;03.07.2026;1000;RUB;1000;0,01;0,03;0,03;;;;;;
RU000A10B1Q6;Джи-групп 002P-06;1500;03.07.2026;1000;RUB;1000;24,75;20,34;20,34;;;;;;
RU000A10B1N3;Мобильные ТелеСистемы 002P-07;20000;03.07.2026;1000;RUB;1000;14,6;12;12;;;;;;
RU000A10B1M5;Нафтатранс плюс ООО БО-07;250;03.07.2026;1000;RUB;1000;28;23,01;23,01;;;;;;
RU000A10AZU3;СберИОС 001Р-689R 2Г BSKRUS;100,754;03.07.2026;1000;RUB;1000;0,01;0,01;0,01;;;;;;
RU000A10AYZ5;СберИОС 001Р-686R 5Г BSKRUS;154,066;03.07.2026;1000;RUB;1000;0,01;0,01;0,01;;;;;;
RU000A10ANF0;СберИОС 001Р-673R 5Г BSKRUS;465,242;03.07.2026;1000;RUB;1000;0,01;0,01;0,01;;;;;;
RU000A10A7N1;СберИОС 001Р-666R 5Г BSKRUS;1136,755;03.07.2026;1000;RUB;1000;0,01;0,01;0,01;;;;;;
RU000A109X03;СберИОС 001Р-656R 5Г AC LKOH;206,835;03.07.2026;1000;RUB;1000;0,01;0,01;0,01;;;;;;
RU000A109S91;ПАО Россети Моск.рег. БО1Р07;5000;03.07.2026;1000;RUB;1000;;;;;;;;;
RU000A109S83;МОНОПОЛИЯ 001P-01;289,707;03.07.2026;1000;RUB;1000;;;;;;;;;
RU000A109K99;ТЕЛЛУРИУМ СП-1-5 (структурные);44,13;03.07.2026;1000;RUB;1000;0;0,01;0,01;;;;;;
RU000A1093K4;СберИОС 001Р-638R 5Г AC MOEXFN;47,401;03.07.2026;1000;RUB;1000;0,01;0,01;0,01;;;;;;
RU000A1093H0;СберИОС 001Р-636R 5Г AC Яндекс;103,586;03.07.2026;1000;RUB;1000;0,01;0,01;0,01;;;;;;
RU000A108WY1;МЕТАЛЛОИНВЕСТ 001P-08;10000;03.07.2026;1000;RUB;1000;;;;;;;;;
RU000A108U98;СберИОС 001Р-630R 5Г AC Лукойл;423,767;03.07.2026;1000;RUB;1000;0,01;0,01;0,01;;;;;;
RU000A108K25;СберИОС 001Р-623R 5Г AC MOEXIT;531,029;03.07.2026;1000;RUB;1000;0,01;0,01;0,01;;;;;;
RU000A108C09;СберИОС 001Р-621R 5Г AC SBER;913,513;03.07.2026;1000;RUB;1000;0,01;0,01;0,01;;;;;;
RU000A107ST1;АРЕНЗА-ПРО 001P-04;400;03.07.2026;1000;RUB;1000;18;15,29;15,29;;;;;;
RU000A107P88;СберИОС 001Р-602R 5Г AC SBER;1146,17;03.07.2026;1000;RUB;1000;0,01;0,01;0,01;;;;;;
RU000A107DB1;СберИОС 001Р-598R 5Г AC TATN;453,695;03.07.2026;1000;RUB;1000;0,01;0,01;0,01;;;;;;
RU000A107C26;Газпром капитал 003Б-01;150000;03.07.2026;5000000;RUB;5000000;14,75;367739,73;367739,73;;;;;;
RU000A1077X0;Интерлизинг 001Р-07;4500;03.07.2026;1000;RUB;200;16;2,63;2,63;;;;;;
RU000A106ZP6;СФО ВТБ РКС Эталон 03;10000;03.07.2026;1000;RUB;299,97;13,5;3,33;3,33;;;;;;
RU000A106ZK7;ГПБ (АО) ГПБ-Т2-05Р;150000;03.07.2026;10000000;RUB;10000000;15;747945,21;747945,21;-1;;;;;
RU000A106KT0;МигКредит БО-02;200;03.07.2026;1000;RUB;40;14,75;0,48;0,48;;;;;;
RU000A1062M5;Селигдар GOLD01;11045,001;03.07.2026;4961,49;RUB;9786,3;5,5;134,19;134,19;1;AA-;;;;
RU000A1062J1;СФО ВТБ РКС Эталон 02;10000;03.07.2026;1000;RUB;115,36;11;1,04;1,04;;;;;;
RU000A103968;СберИОС 001Р-401R 5Г SBERESGR;216,261;03.07.2026;1000;RUB;1000;0,01;0,5;0,5;;;;;;
RU000A0JWMZ1;Россельхозбанк (АО) обл.06Т1;5000;03.07.2026;1000;RUB;1000;14,5;72,3;72,3;-1;;;;;
RU000A0JSGV0;Российские ЖД ОАО 32 обл.;10000;03.07.2026;1000;RUB;1000;9,8;48,87;48,87;2;;;;;
RU000A10FAQ3;ВЭБ.РФ ПБО-002Р-К720;37000;02.07.2026;1000;RUB;1000;13,88;7,99;7,99;;;;;;
RU000A10FA72;АФК Система БО 002Р-14;10000;02.07.2026;1000;RUB;1000;17,5;14,38;14,38;1;AA-;;;;
RU000A10FA64;ИНАРКТИКА 002Р-06;3000;02.07.2026;1000;RUB;1000;;14,19;14,19;;;;;;
RU000A10F7R7;Сбербанк ПАО 001Р-SBER56;75000;02.07.2026;1000;RUB;1000;13,4;11,01;11,01;;;;;;
RU000A10ERH9;АВТОБАН-Финанс АО БО-П09;5000;02.07.2026;1000;RUB;1000;18;14,79;14,79;1;A+;;;;
RU000A10ERE6;АВТОБАН-Финанс АО БО-П08;8500;02.07.2026;1000;RUB;1000;16,9;13,89;13,89;1;A+;;;;
RU000A10ERD8;УПТК-65 001Р-02;300;02.07.2026;1000;RUB;1000;22;18,08;18,08;;;;;;
RU000A10ERC0;АПРИ БО-002Р-14;5000;02.07.2026;1000;RUB;1000;24,75;20,34;20,34;;;;;;
RU000A10ER41;ФЛИТ 001Р-03;1000;02.07.2026;1000;RUB;1000;16;13,15;13,15;;;;;;
RU000A10EF11;iПРОМОМЕД ДМ 002P-03;6800;02.07.2026;1000;RUB;1000;;13,7;13,7;;;;;;
RU000A10EEZ9;Селектел 001P-07R;7000;02.07.2026;1000;RUB;1000;15;12,33;12,33;;;;;;
RU000A10DPW4;АФК Система БО 002Р-06;3750;02.07.2026;1000;RUB;1000;17,75;14,59;14,59;1;AA-;;;;
RU000A10DPV6;АФК Система БО 002Р-07;2750;02.07.2026;1000;RUB;1000;;15,59;15,59;;;;;;
RU000A10CN62;ПКО ЮСВ 1Р1;500;02.07.2026;1000;RUB;1000;;;;;;;;;
RU000A10CN47;Роял Капитал БО-03;100;02.07.2026;1000;RUB;1000;29;23,84;23,84;;-;;;;
RU000A10BZQ9;Сэтл-Групп ООО БО 002P-05;7000;02.07.2026;1000;RUB;1000;;;;;;;;;
RU000A10BQK1;СФО ВТБ РКС Эталон 05;12500;02.07.2026;1000;RUB;477,23;21,7;8,51;8,51;;;;;;
RU000A10B933;Селигдар 001Р-03;9500;02.07.2026;1000;RUB;1000;23,25;19,11;19,11;;;;;;
RU000A10B925;ЕнисейАгроСоюз БО 001P-02;200;02.07.2026;1000;RUB;1000;21,5;17,67;17,67;;;;;;
RU000A10B8X7;ДАРС-Девелопмент 001Р-03;1000;02.07.2026;1000;RUB;1000;26;21,37;21,37;;;;;;
RU000A10ATS0;ЕвроТранс БО-001Р-06;1930;02.07.2026;1000;RUB;1000;25;20,55;20,55;;;;;;
RU000A10AA28;Акрон (ПАО) БО-001P-06;11500;02.07.2026;1000;RUB;1000;;14,56;14,56;;;;;;
RU000A10AA10;ПСБ Лизинг БО-П01;1000;02.07.2026;1000;RUB;1000;25;20,55;20,55;;;;;;
RU000A10A9Z1;Магнит ПАО БО-004Р-05;12500;02.07.2026;1000;RUB;1000;15,85;13,03;13,03;;;;;;
RU000A109PK2;Парк Сказка БО-П01;300;02.07.2026;1000;RUB;1000;24;59,84;59,84;;;;;;
RU000A108Z93;ВТБ Лизинг 001Р-МБ-01;1000;02.07.2026;1000;RUB;1000;17,75;14,59;14,59;;;;;;
RU000A108WJ2;Бизнес Лэнд БО-01;300;02.07.2026;1000;RUB;1000;23;57,34;57,34;?;B-;;;;
RU000A107UR1;СберИОС 001Р-609R 5Г AC TRNFP;366,355;02.07.2026;1000;RUB;1000;0,01;0,01;0,01;;;;;;
RU000A107SA1;ЛК Роделен БО 002P-02;1000;02.07.2026;1000;RUB;1000;16;13,15;13,15;;;;;;
RU000A107S85;МФК Саммит 001Р-03;150;02.07.2026;1000;RUB;334,4;19,5;5,36;5,36;;;;;;
RU000A107795;МФК Лайм-Займ 04;500;02.07.2026;1000;RUB;500;16;6,58;6,58;;;;;;
RU000A107720;МК Лизинг БO-01;350;02.07.2026;1000;RUB;278,5;17,65;4,17;4,17;;;;;;
RU000A1070X5;АБЗ-1 001P-05;2000;02.07.2026;1000;RUB;340;12;3,35;3,35;;;;;;
RU000A106VV3;РЖД БО 001Р-27R;30000;02.07.2026;1000;RUB;1000;15,49;13,16;13,16;;;;;;
RU000A106SD7;СберИОС 001Р-582R 5Г AC IMOEX;1494,811;02.07.2026;1000;RUB;1000;0,01;0,01;0,01;;;;;;
RU000A106HB4;ВУШ БО 001P-02;4000;02.07.2026;1000;RUB;1000;11,8;29,42;29,42;;;;;;
RU000A106GY8;ДиректЛизинг БО 002Р-01;200;02.07.2026;1000;RUB;312,5;14;10,91;10,91;;;;;;
RU000A105RF6;Лизинг-Трейд 001P-06;150;02.07.2026;1000;RUB;792;14,5;9,44;9,44;;;;;;
RU000A1036P2;Сбер CIB-CO-30 (структурные);0;02.07.2026;1000;RUB;1000;0,01;0,5;0,5;;;;;;
RU000A0ZZCX6;Концерн РОССИУМ ООО 001P-01;25000;02.07.2026;1000;RUB;1000;17,37;86,61;86,61;-1;;;;;
RU000A0NR2P7;Сбер CIB-СО-464;334,041;02.07.2026;1000;RUB;1000;0,01;0,3;0,3;;;;;;
RU000A0A0S39;Банк ВТБ С-1-553 (структурные);0;02.07.2026;1000;RUB;1000;0;;;;;;;;
RU000A10FAR1;ВЭБ.РФ ПБО-002Р-К721;44000;01.07.2026;1000;RUB;1000;13,69;5,25;5,25;;;;;;
RU000A10ER66;ФосАгро БО-02-06;70000;01.07.2026;1000;RUB;1000;13,75;11,3;11,3;;;;;;
RU000A10EQV2;БиоВитрум 001Р-02;250;01.07.2026;1000;RUB;1000;23,25;19,11;19,11;;;;;;
RU000A10EQF5;Россельхозбанк БО-32-002Р;464,178;01.07.2026;1000;RUB;1000;;;;;;;;;
RU000A10ENP1;СФО Альфа Фабрика ПК-3 класс А;20000;01.07.2026;1000;RUB;1000;16,3;34,39;34,39;-1;AAA;;;;
RU000A10EES4;ВИС ФИНАНС БО-П11;2500;01.07.2026;1000;RUB;1000;17;13,97;13,97;;;;;;
RU000A10DXE6;СФО Альфа Фабрика ПК-2 класс А;10000;01.07.2026;1000;RUB;882,24;16,8;12,18;12,18;;;;;;
RU000A10DPM5;Магнит ПАО БО-005Р-05;26650;01.07.2026;1000;RUB;1000;;13,03;13,03;;;;;;
RU000A10DPJ1;Группа Продовольствие БО-02;200;01.07.2026;1000;RUB;1000;25;20,55;20,55;;;;;;
RU000A10DE54;Лид Капитал 001Р-01;6,652;01.07.2026;100;USD;100;13,5;1,11;85,54;;;;;;
RU000A10CKS5;СФО Альфа Фабрика ПК-1 класс А;10000;01.07.2026;1000;RUB;622,35;16;8,18;8,18;;;;;;
RU000A10C9Z9;УПТК-65 001Р-01;200;01.07.2026;1000;RUB;1000;23;18,9;18,9;?;ВВ;;;;
RU000A10C9Y2;НОВАТЭК 001Р-05;750;01.07.2026;1000;USD;1000;7;5,75;443,1;;;;;;
RU000A10BXW2;Банк ДОМ.РФ 001Р-02;500;01.07.2026;1000;RUB;1000;0,01;0,1;0,1;;;;;;
RU000A10BRM5;Акрон (ПАО) БО-001P-09;200;01.07.2026;1000;USD;1000;7,75;6,37;490,88;;;;;;
RU000A10BR02;Нео-Пак БО-01;130;01.07.2026;1000;RUB;1000;35;28,77;28,77;?;B+;;;;
RU000A10BML8;АЛЬФА-Б C-1-687 (структурные);0;01.07.2026;1000;RUB;1000;0,01;0,1;0,1;;;;;;
RU000A10BK17;Газпром нефть БО 003P-15R;120000;01.07.2026;1000;RUB;1000;2;1,64;1,64;;;;;;
RU000A10BK09;Газпром нефть БО 003P-14R;42500;01.07.2026;1000;RUB;1000;;13,54;13,54;;;;;;
RU000A10B8P3;ИНАРКТИКА 002Р-03;2000;01.07.2026;1000;RUB;1000;;14,69;14,69;;;;;;
RU000A10ATR2;ГЛОРАКС 001P-03;1400;01.07.2026;1000;RUB;1000;28;23,01;23,01;1;BBB;;;;
RU000A10ATC4;МГКЛ-001Р-07;1000;01.07.2026;1000;RUB;1000;30;24,66;24,66;-1;ruBB;;;;
RU000A10AS28;Биннофарм Групп 001Р-04;4000;01.07.2026;1000;RUB;1000;25,5;20,96;20,96;?;ruA;;;;
RU000A109PP1;АБЗ-1 002Р-01;1000;01.07.2026;1000;RUB;1000;;;;?;A-;;;;
RU000A109NC4;СФО ВТБ РКС Эталон 04;20000;01.07.2026;1000;RUB;303,67;21,5;5,37;5,37;-1;ruAAA.sf;;;;
RU000A109551;Балтийский лизинг ООО БО-П12;7500;01.07.2026;1000;RUB;1000;;13,79;13,79;;;;;;
RU000A108YZ4;Михайловский Молочный Завод-01;70;01.07.2026;1000;RUB;375;20;6,16;6,16;;;;;;
RU000A108VL0;ГПБ (АО) БО 005Р-12Р;537,366;01.07.2026;1000;RUB;1000;15;12,33;12,33;;;;;;
RU000A1089G0;ГИДРОМАШСЕРВИС АО 001Р-02;3000;01.07.2026;1000;RUB;1000;15,25;12,53;12,53;;;;;;
RU000A107W55;Банк ВТБ (ПАО) Б-1-351;5361,517;01.07.2026;1000;RUB;1000;14,75;12,12;12,12;;;;;;
RU000A107DP1;ПАО Россети Моск.рег. БО1Р05;8000;01.07.2026;1000;RUB;1000;15,65;12,86;12,86;;;;;;
RU000A107B35;Банк ВТБ (ПАО) Б-1-346;3269,736;01.07.2026;1000;RUB;1000;14,5;11,92;11,92;;;;;;
RU000A106TM6;Банк ВТБ (ПАО) Б-1-343;14901,802;01.07.2026;1000;RUB;1000;14,5;11,92;11,92;;;;;;
RU000A1032P1;ООО «СФО ВТБ РКС-1 »;35000;01.07.2026;1000;RUB;103,96;8;0,68;0,68;;;;;;
RU000A0JTW83;ДОМ.РФ (ПАО) обл. сер.А25;6000;01.07.2026;1000;RUB;500;18,25;22,75;22,75;O;AAA;;;;
RU000A0A0RZ9;Банк ВТБ С-1-549 (структурные);0;01.07.2026;1000;RUB;1000;0;;;;;;;;
XS0223715920;USD 6.25 VTB CAP.S.A.05-2035;22,513;30.06.2026;1000;USD;1000;6,25;31,25;2408,16;;;;;;
RU000A10DPB8;КАМАЗ ПАО БО-П19;3100;30.06.2026;1000;RUB;1000;;14,16;14,16;;;;;;
RU000A10DP93;КАМАЗ ПАО БО-П18;3650;30.06.2026;1000;RUB;1000;16,5;13,56;13,56;;;;;;
RU000A10DP51;ГТЛК БО 002P-11;12500;30.06.2026;1000;RUB;1000;;14,29;14,29;;;;;;
RU000A10DNX7;СФО Сплит Финанс ПВ-2;4500;30.06.2026;1000;RUB;1000;17,3;14,69;14,69;;;;;;
RU000A10DBD4;Минфин Ульяновской обл. 34011;2000;30.06.2026;1000;RUB;1000;17,5;43,63;43,63;;;;;;
RU000A10CZB9;ЕвроТранс БО-001Р-08;4500;30.06.2026;1000;RUB;1000;21;17,26;17,26;;;;;;
RU000A10CZA1;ГК Самолет БО-П20;2500;30.06.2026;1000;RUB;1000;21,25;17,47;17,47;;;;;;
RU000A10CMR3;СИБУР Холдинг 001Р-08;400;30.06.2026;100;USD;100;6,65;0,55;42,38;;AAA;;;;
RU000A10CMQ5;Новые технологии 001Р-08;1500;30.06.2026;1000;RUB;1000;17;13,97;13,97;;;;;;
RU000A10CLT1;СФО РЛО-2  класс А;340,89;30.06.2026;1000;RUB;893,7;24;53,48;53,48;;;;;;
RU000A10BXX0;Совкомбанк Лизинг БО-П11;825;30.06.2026;1000;RUB;1000;18,9;47,12;47,12;;;;;;
RU000A10BXV4;Реиннольц 001Р-03;38,121;30.06.2026;1000;RUB;1000;21,5;53,6;53,6;;;;;;
RU000A10BWA0;ВТБ Факторинг 001P-02;49000;30.06.2026;1000;RUB;1000;;13,07;13,07;;;;;;
RU000A10BVY2;ВТБ Факторинг 001P-01;50000;30.06.2026;1000;RUB;1000;;13,07;13,07;;;;;;
RU000A10BQX4;Россети Северо-Запад 001Р-01;5000;30.06.2026;1000;RUB;1000;16,4;13,48;13,48;;;;;;
RU000A10BQV8;Инвест КЦ 001P-01;62;30.06.2026;100;USD;100;12;0,99;76,29;;;;;;
RU000A10BQU0;ГМК Нор.никель БО-001Р-10;500;30.06.2026;100;USD;100;7,5;0,62;47,78;1;AAA;;;;
RU000A10BQM7;ТД РКС 002Р-05;300;30.06.2026;1000;RUB;1000;28;23,01;23,01;;;;;;
RU000A10BPW8;СберИОС 001Р-728R 1Y MOEXДИС;27,749;30.06.2026;1000;RUB;1000;0,01;0,1;0,1;;;;;;
RU000A10BPD8;ГПБ (АО) БО 004Р-21;735,894;30.06.2026;1000;RUB;1000;0,01;0,1;0,1;;;;;;
RU000A10BJL4;Транспортная ЛК 001P-02;200;30.06.2026;1000;RUB;958,4;24;18,91;18,91;;;;;;
RU000A10B115;РЖД БО 001P-40R;40000;30.06.2026;1000;RUB;1000;17,65;14,51;14,51;;;;;;
RU000A10B0Z9;ЭР-Телеком Холдинг ПБО-02-09;3500;30.06.2026;1000;RUB;1000;24;19,73;19,73;;;;;;
RU000A10AS44;ТЕЛЛУРИУМСП1-6-2 (структурные);0;30.06.2026;1000;RUB;1000;0;0,01;0,01;;;;;;
RU000A10AHP1;ВТБ Факторинг БО-01;677,096;30.06.2026;1000;RUB;1000;;13,66;13,66;;;;;;
RU000A10A0E5;БКС СТР НОТЫС-57 (структурные);500;30.06.2026;1000;RUB;1000;0,01;0,15;0,15;;;;;;
RU000A10A0D7;БКС СТР НОТЫС-56 (структурные);300;30.06.2026;1000;RUB;1000;0,01;0,15;0,15;;;;;;
RU000A109YS7;БКС СТР НОТЫС-55 (структурные);500;30.06.2026;1000;RUB;1000;0,01;0,15;0,15;;;;;;
RU000A109TJ6;"ПАО ""ПСБ"" 003P-09";17000;30.06.2026;1000;RUB;1000;16;13,59;13,59;;;;;;
RU000A109RF8;Транспортная ЛК 001P-01;36,847;30.06.2026;1000;RUB;890;23;16,82;16,82;;;;;;
RU000A109R50;Самокат БО-02;94,28;30.06.2026;1000;RUB;1000;23;18,9;18,9;;;;;;
RU000A1095N3;СФОРЛО-А;207,128;30.06.2026;1000;RUB;486;19;23,02;23,02;;;;;;
RU000A1093J6;СберИОС 001Р-637R 5Г AC СБЕР;326,65;30.06.2026;1000;RUB;1000;0,01;0,01;0,01;;;;;;
RU000A108MZ9;Газпром капитал БО-003Р-03;15000;30.06.2026;1000;RUB;1000;;12,93;12,93;;;;;;
RU000A1089A3;А Спэйс 001Р-01;200;30.06.2026;1000;RUB;889;17;12,42;12,42;;;;;;
RU000A1082P6;Банк ВТБ ЗО-35;0,61;30.06.2026;1000;USD;1000;6,25;31,25;2408,16;;;;;;
RU000A106Z46;АФК Система БО 001Р-26;15000;30.06.2026;1000;RUB;1000;;40,45;40,45;;;;;;
RU000A106Z38;Джи-групп 002P-03;2000;30.06.2026;1000;RUB;300;15,4;11,52;11,52;;;;;;
RU000A106GH3;РЕСО-Лизинг ООО БО-П-09;8000;30.06.2026;1000;RUB;1000;11,07;55,2;55,2;;;;;;
RU000A106FT0;Республика Башкортостан 34013;5500;30.06.2026;1000;RUB;600;9,35;13,99;13,99;;;;;;
RU000A105XA5;Газпром капитал ООО ЗО27-1-ФР;173,185;30.06.2026;5000;CHF;5000;1,54;77;7340,06;;;;;;
RU000A104XJ9;МГКЛ 001Р-01;150;30.06.2026;1000;RUB;1000;24;59,84;59,84;;;;;;
RU000A103U69;НПП Моторные технологии001Р-03;100;30.06.2026;1000;RUB;250;11,75;7,32;7,32;;;;;;
RU000A0JVLA8;Магистраль двух столиц кл. А2;5500;30.06.2026;1000;RUB;1000;8,5;21,19;21,19;;;;;;
RU000A0JVF98;Магистраль двух столиц кл. А1;7500;30.06.2026;1000;RUB;1000;9;22,44;22,44;;;;;;
XS1634369224;Republic of Belarus 29/6/27;600;29.06.2026;1000;USD;1000;7,625;38,125;2937,95;;;;;;
RU000A10F140;СОПФ ДОМ.РФ 16;20000;29.06.2026;1000;RUB;1000;;26,5;26,5;;;;;;
RU000A10F108;Акрон (ПАО) БО-002P-03;1000;29.06.2026;1000;CNY;1000;7,85;6,45;73,12;;;;;;
RU000A10ETE2;СОПФ ДОМ.РФ 15;10000;29.06.2026;1000;RUB;1000;13,85;29,22;29,22;;;;;;
RU000A10EQE8;Первый ЮвелирЛомб БО-02;75;29.06.2026;1000;RUB;1000;23;18,9;18,9;;;;;;
RU000A10EQD0;ЛК Роделен БО 002P-05;500;29.06.2026;1000;RUB;1000;22;18,08;18,08;;;;;;
RU000A10E6J7;Страна Девелопмент 002Р-02;1000;29.06.2026;1000;RUB;1000;25,25;20,75;20,75;;;;;;
RU000A10E6G3;ООО Л-Старт 001Р-1;175;29.06.2026;1000;RUB;1000;32;26,3;26,3;;;;;;
RU000A10DTV8;СОПФ ДОМ.РФ 14;5000;29.06.2026;1000;RUB;1000;14,85;37,43;37,43;;;;;;
RU000A10DMN0;реСтор 001Р-02;1000;29.06.2026;1000;RUB;1000;18,85;15,49;15,49;;;;;;
RU000A10DCM3;ГК Самолет БО-П21;1000;29.06.2026;50000;RUB;50000;13;534,25;534,25;;;;;;
RU000A10DCK7;АБЗ-1 002P-04;3000;29.06.2026;1000;RUB;1000;19,5;16,03;16,03;;;;;;
RU000A10DCJ9;Ростелеком ПАО 001P-21R;30000;29.06.2026;1000;RUB;1000;;13,1;13,1;;;;;;
RU000A10DCG5;ХК Новотранс 002P-02;13500;29.06.2026;1000;RUB;1000;;13,76;13,76;;;;;;
RU000A10DCF7;ХК Новотранс 002P-01;8500;29.06.2026;1000;RUB;1000;16;13,15;13,15;;;;;;
RU000A10DCE0;МКАО Воксис 001Р-01;300;29.06.2026;1000;RUB;1000;21;17,26;17,26;;;;;;
RU000A10CZ68;ФосАгро БО-02-04;250;29.06.2026;1000;USD;1000;7;5,75;443,1;;;;;;
RU000A10CZ43;ИЭК ХОЛДИНГ 001Р-04;3000;29.06.2026;1000;RUB;1000;;14,17;14,17;;;;;;
RU000A10CZ35;Транспортная ЛК 001P-04;58,834;29.06.2026;1000;RUB;1000;24;19,73;19,73;;;;;;
RU000A10CMD3;Ростелеком ПАО 001P-19R;20000;29.06.2026;1000;RUB;1000;13,3;10,93;10,93;;;;;;
RU000A10CM89;КИФА БО-01;50;29.06.2026;100;CNY;100;14,5;1,19;13,49;;;;;;
RU000A10C3F4;СФО Сплит Финанс ПВ-1;9000;29.06.2026;1000;RUB;1000;16,5;14,01;14,01;;;;;;
RU000A10BYZ3;Медскан 001Р-01;3000;29.06.2026;1000;RUB;1000;18,5;15,21;15,21;;;;;;
RU000A10BQH7;АйДи Коллект 001P-04;500;29.06.2026;1000;RUB;1000;25,25;20,75;20,75;;;;;;
RU000A10BQG9;ФЛИТ 001P-01;500;29.06.2026;1000;RUB;1000;20,8;17,1;17,1;;;;;;
RU000A10BQF1;ГИДРОМАШСЕРВИС АО 001Р-03;5000;29.06.2026;1000;RUB;1000;18,5;15,21;15,21;;;;;;
RU000A10BMM6;АЛЬФА-Б C-1-688 (структурные);0;29.06.2026;1000;RUB;1000;0,01;0,1;0,1;;;;;;
RU000A10B0U0;АО Авто Финанс Банк БО-001Р-14;5000;29.06.2026;1000;RUB;1000;23;18,9;18,9;;;;;;
RU000A10B0T2;РЖД БО 001P-39R;20000;29.06.2026;1000;RUB;1000;17,9;14,71;14,71;;;;;;
RU000A10B0S4;Кокс ПАО 001P-03;300;29.06.2026;1000;RUB;1000;;;;;;;;;
RU000A10B0R6;Кокс ПАО 001P-02;1000;29.06.2026;1000;RUB;1000;25,5;20,96;20,96;;;;;;
RU000A10B0J3;ДельтаЛизинг 001P-02;4500;29.06.2026;1000;RUB;800;24;16,57;16,57;;;;;;
RU000A10AT01;ЛКХ-02;50;29.06.2026;1000;RUB;1000;31;25,48;25,48;;;;;;
RU000A10ASZ7;РЖД БО 001P-35R;17000;29.06.2026;1000;RUB;1000;20,1;16,52;16,52;;;;;;
RU000A10ASY0;РЖД БО 001P-34R;20000;29.06.2026;1000;RUB;1000;20,1;16,52;16,52;;;;;;
RU000A10ASW4;КАМАЗ ПАО БО-П14;10000;29.06.2026;1000;RUB;1000;;14,71;14,71;;;;;;
RU000A108Y86;ПАО ЛК Европлан 001P-07;12000;29.06.2026;1000;RUB;1000;;13,47;13,47;;;;;;
RU000A108Y60;ПЕРВОУРАЛЬСКБАНК 001Р-01;300;29.06.2026;1000;RUB;502;22;9,83;9,83;;;;;;
RU000A108VM8;Ред Софт БО 002Р-05;100;29.06.2026;1000;RUB;1000;20,5;51,11;51,11;;;;;;
RU000A108EU7;АЛЬФА-Б C-1-389 (структурные);0;29.06.2026;1000;RUB;1000;0,01;0,2;0,2;;;;;;
RU000A107D17;Россети ПАО БО 001P-12R;5000;29.06.2026;1000;RUB;1000;12,8;10,52;10,52;;;;;;
RU000A107CG2;Россети ПАО БО 001P-11R;10000;29.06.2026;1000;RUB;1000;;12,77;12,77;;;;;;
RU000A106DJ6;Мосрегионлифт БО-02;200;29.06.2026;1000;RUB;550;15,25;7,52;7,52;;;;;;
RU000A105JH9;Газпром капитал ООО ЗО27-2-Д;628,751;29.06.2026;1000;USD;1000;3;15;1155,92;;;;;;
RU000A104B04;Петербургснаб 001Р-01;8,014;29.06.2026;1000;RUB;119;13,25;1,55;1,55;;;;;;
RU000A103C95;АФК Система БО 001P-21;15000;29.06.2026;1000;RUB;1000;8,4;41,88;41,88;;;;;;
RU000A102SM7;СДЭК Глобал БО-П01;500;29.06.2026;1000;RUB;300;9,5;2,34;2,34;;;;;;
RU000A0NR9J5;Сбер CIB-CO-607 (структурные);0;29.06.2026;1000;RUB;1000;0,01;0,19;0,19;;;;;;
RU000A0JXVB1;ТрансФин-М ПАО 001P-03;500;29.06.2026;1000;RUB;1000;10,5;52,36;52,36;;;;;;
BYM000003053;РесБел 355 29.06.2027;9,383;29.06.2026;1000;USD;1000;7,625;38,02;2929,86;;;;;;
BYM000002154;РесБел 340 29.06.2027;39,744;29.06.2026;1000;USD;1000;7,625;38,02;2929,86;;;;;;
BYM000001818;РесБел 331 29.06.2027;240,419;29.06.2026;1000;USD;1000;7,625;38,02;2929,86;;;;;;
RU000A10F9N2;ЛКПРОГР БО-02;100;28.06.2026;1000;RUB;1000;25;20,55;20,55;;;;;;
RU000A10F9B7;Мобильные Телесистемы 003Р-03;20000;28.06.2026;1000;RUB;1000;13,55;11,14;11,14;;;;;;
RU000A10F0X0;ТД РКС 002Р-08;600;28.06.2026;1000;RUB;1000;25,5;20,96;20,96;;;;;;
RU000A10F0W2;АйДи Коллект 001P-08;1300;28.06.2026;1000;RUB;1000;20,25;16,64;16,64;;;;;;
RU000A10EQG3;ДОМ.РФ Ипотечный агент БО 1P62;26237,442;28.06.2026;1000;RUB;987,41;15,85;13,36;13,36;;;;;;
RU000A10EQ83;ГК Самолет 002P-03;1000;28.06.2026;1000;RUB;1000;21,5;17,67;17,67;;;;;;
RU000A10EQ75;ЕвразХолдинг Финанс 003P-06;50000;28.06.2026;1000;RUB;1000;;;;;;;;;
RU000A10EQ42;ЭР-Телеком Холдинг ПБО-02-11;11000;28.06.2026;1000;RUB;1000;;14,29;14,29;;;;;;
RU000A10EQ34;АО Авто Финанс Банк БО-001Р-18;7000;28.06.2026;1000;RUB;1000;14,75;12,12;12,12;;;;;;
RU000A10EL21;ДОМ.РФ Ипотечный агент БО 1P61;10462,932;28.06.2026;1000;RUB;979,83;15,5;12,96;12,96;;;;;;
RU000A10E6D0;ВУШ БО 001P-05;1000;28.06.2026;1000;RUB;1000;22;18,08;18,08;;;;;;
RU000A10DYJ3;ДОМ.РФ Ипотечный агент БО 1P35;18249,859;28.06.2026;1000;RUB;961,4;15,1;12,41;12,41;;;;;;
RU000A10DWX8;ДОМ.РФ Ипотечный агент БО 1P60;151862,314;28.06.2026;1000;RUB;960,32;13,81;34,12;34,12;;;;;;
RU000A10DJY3;ПР-Лизинг 003Р-01;14,27;28.06.2026;100;USD;89;14;1,19;91,7;;;;;;
RU000A10DEA4;ДОМ.РФ Ипотечный агент БО 1P58;66026,901;28.06.2026;1000;RUB;932,78;15,4;12,31;12,31;;;;;;
RU000A10DBZ7;Акрон (ПАО) БО-002P-01;150;28.06.2026;1000;USD;1000;7,7;6,33;487,8;;;;;;
RU000A10DBV6;Уралкуз 001Р-03;1486,071;28.06.2026;1000;RUB;1000;20;16,44;16,44;;;;;;
RU000A10DBS2;ЭНЕРГОНИКА 001Р-07;300;28.06.2026;1000;RUB;1000;23;18,9;18,9;;;;;;
RU000A10C8J5;ДОМ.РФ Ипотечный агент БО 1P56;90002,663;28.06.2026;1000;RUB;836,69;8,4;6,07;6,07;;;;;;
RU000A10BYR0;Самокат БО-03;300;28.06.2026;1000;RUB;1000;27;22,19;22,19;;;;;;
RU000A10BVS4;ДОМ.РФ Ипотечный агент БО 1P54;35376,105;28.06.2026;1000;RUB;905,71;15,46;12;12;;;;;;
RU000A10BQD6;МЕТАЛЛОИНВЕСТ 001P-14;45000;28.06.2026;1000;RUB;1000;;;;;;;;;
RU000A10BQC8;ХЭНДЕРСОН 001P-01;1800;28.06.2026;1000;RUB;1000;19,5;16,03;16,03;;;;;;
RU000A10BQB0;ГТЛК БО 002P-08;15000;28.06.2026;1000;RUB;1000;19,5;16,03;16,03;;;;;;
RU000A10BP53;ДОМ.РФ Ипотечный агент БО 1P53;6399,481;28.06.2026;1000;RUB;928,42;15;11,91;11,91;;;;;;
RU000A10B8C1;МФК Лайм-Займ 05;400;28.06.2026;1000;RUB;800;27,5;18,08;18,08;;;;;;
RU000A10B0C8;МЕТАЛЛОИНВЕСТ 001P-12;1500;28.06.2026;1000;CNY;1000;10,2;8,38;94,99;;;;;;
RU000A10B0B0;Группа ЛСР ПАО БО 001Р-10;4000;28.06.2026;1000;RUB;1000;24;19,73;19,73;;;;;;
RU000A10B0A2;Магнит ПАО БО-005Р-03;84800;28.06.2026;1000;RUB;1000;;13,55;13,55;;;;;;
RU000A10B081;ЭкономЛизинг 001Р-08;100;28.06.2026;1000;RUB;1000;27;22,19;22,19;;;;;;
RU000A10ASF9;Сибирское Стекло БО-01;350;28.06.2026;1000;RUB;900;29;21,45;21,45;;;;;;
RU000A10AQC0;ДОМ.РФ Ипотечный агент БО 1P51;1998,949;28.06.2026;1000;RUB;815,11;9,6;6,71;6,71;;;;;;
RU000A10A8H1;РусГидро БО-002Р-04;11500;28.06.2026;1000;RUB;1000;23;18,9;18,9;;;;;;
RU000A109NJ9;ДОМ.РФ Ипотечный агент БО 1P48;99999,577;28.06.2026;1000;RUB;750,34;8,5;5,5;5,5;;;;;;
RU000A109NH3;ДОМ.РФ Ипотечный агент БО 1P47;50019,391;28.06.2026;1000;RUB;806,21;15,8;10,95;10,95;;;;;;
RU000A109L98;ДОМ.РФ Ипотечный агент БО 1P45;3944,115;28.06.2026;1000;RUB;855,23;15,3;11,2;11,2;;;;;;
RU000A108Z85;РЖД БО 001P-32R;45000;28.06.2026;1000;RUB;1000;15,51;13,17;13,17;;;;;;
RU000A108LS6;ГПБ (АО) БО 004Р-08;281,381;28.06.2026;1000;RUB;1000;0,01;0,1;0,1;;;;;;
RU000A1087J8;Газпром капитал БО-002Р-14;20000;28.06.2026;1000;RUB;1000;;12,6;12,6;;;;;;
RU000A1087G4;МФК ПСБ Финанс 002Р-01;500;28.06.2026;1000;RUB;300;18,5;6,08;6,08;;;;;;
RU000A1087A7;ЭР-Телеком Холдинг ПБО-02-06;8000;28.06.2026;1000;RUB;1000;15;12,33;12,33;;;;;;
RU000A107RZ0;ГК Самолет БО-П13;24500;28.06.2026;1000;RUB;1000;21;17,26;17,26;;;;;;
RU000A107GM1;ДОМ.РФ Ипотечный агент БО 1P41;22247,078;28.06.2026;1000;RUB;668,72;7,8;13,8;13,8;;;;;;
RU000A107GL3;ДОМ.РФ Ипотечный агент БО 1P40;109723,714;28.06.2026;1000;RUB;654,02;9;5,07;5,07;;;;;;
RU000A107G55;ДОМ.РФ Ипотечный агент БО 1P39;49927,769;28.06.2026;1000;RUB;715,7;16,36;10,06;10,06;;;;;;
RU000A107EQ7;ДОМ.РФ Ипотечный агент БО 1P42;220287,737;28.06.2026;1000;RUB;642,54;9,979;16,88;16,88;;;;;;
RU000A1074A5;ДОМ.РФ Ипотечный агент БО 1P38;6111,769;28.06.2026;1000;RUB;707,1;7,85;4,76;4,76;;;;;;
RU000A1070P1;ЧИСТАЯ ПЛАНЕТА БО-01;100;28.06.2026;1000;RUB;1000;28;23,01;23,01;;;;;;
RU000A106VN0;ТРЕЙДБЕРРИ БО-01;100;28.06.2026;1000;RUB;1000;18;14,79;14,79;;;;;;
RU000A106HE8;ДОМ.РФ Ипотечный агент БО 1P36;197427,672;28.06.2026;1000;RUB;559,76;9,388;13,86;13,86;;;;;;
RU000A106FM5;ДОМ.РФ Ипотечный агент БО 1P34;17391,177;28.06.2026;1000;RUB;747,48;15,4;9,86;9,86;;;;;;
RU000A1065R7;ДОМ.РФ Ипотечный агент БО 1P33;16515,643;28.06.2026;1000;RUB;597,82;8,6;4,43;4,43;;;;;;
RU000A105P72;ДОМ.РФ Ипотечный агент БО 1P28;48883,735;28.06.2026;1000;RUB;531,1;7,75;10,86;10,86;;;;;;
RU000A105NZ3;ДОМ.РФ Ипотечный агент БО 1P32;6128,78;28.06.2026;1000;RUB;667,53;15,2;8,71;8,71;;;;;;
RU000A105NY6;ДОМ.РФ Ипотечный агент БО 1P31;60843,021;28.06.2026;1000;RUB;506,19;7,491;9,93;9,93;;;;;;
RU000A105NN9;ДОМ.РФ Ипотечный агент БО 1P29;54789,504;28.06.2026;1000;RUB;580,41;16,2;8,09;8,09;;;;;;
RU000A105LN3;ДОМ.РФ Ипотечный агент БО 1P27;20597,323;28.06.2026;1000;RUB;552,7;7,4;3,52;3,52;;;;;;
RU000A105JF3;ДОМ.РФ Ипотечный агент БО 1P26;5477,816;28.06.2026;1000;RUB;688,09;14,97;8,81;8,81;;;;;;
RU000A105H23;ДОМ.РФ Ипотечный агент БО 1P25;5527,918;28.06.2026;1000;RUB;480,93;9,35;3,86;3,86;;;;;;
RU000A105CB7;ДОМ.РФ Ипотечный агент БО 1P24;10034,807;28.06.2026;1000;RUB;594,8;7,85;12,18;12,18;;;;;;
RU000A105AV9;ДОМ.РФ Ипотечный агент БО 1P23;5039,33;28.06.2026;1000;RUB;614,49;8;12,77;12,77;;;;;;
RU000A1058R2;ДОМ.РФ Ипотечный агент БО 1P22;6638,733;28.06.2026;1000;RUB;646,43;15,1;8,36;8,36;;;;;;
RU000A105344;ДОМ.РФ Ипотечный агент БО 1P20;155407,08;28.06.2026;1000;RUB;500,69;7,936;10,42;10,42;;;;;;
RU000A104X32;ДОМ.РФ Ипотечный агент БО 1P19;6704,238;28.06.2026;1000;RUB;584,19;15,15;7,6;7,6;;;;;;
RU000A104UV0;ДОМ.РФ Ипотечный агент БО 1P18;6183,696;28.06.2026;1000;RUB;582,1;14,9;7,45;7,45;;;;;;
RU000A104C45;ДОМ.РФ Ипотечный агент БО 1P15;10093,385;28.06.2026;1000;RUB;509,45;7,83;10,42;10,42;;;;;;
RU000A104B79;ДОМ.РФ Ипотечный агент БО 1P16;207605,03;28.06.2026;1000;RUB;444,21;7,65;2,93;2,93;;;;;;
RU000A104AM1;ДОМ.РФ Ипотечный агент БО 1P17;31410,336;28.06.2026;1000;RUB;449,77;6,8;2,64;2,64;;;;;;
RU000A1041Q0;ДОМ.РФ Ипотечный агент БО 1P13;5353,129;28.06.2026;1000;RUB;469,37;15,15;6,11;6,11;;;;;;
RU000A103125;ДОМ.РФ Ипотечный агент БО 1P7;11252,259;28.06.2026;1000;RUB;264,59;6,9;4,88;4,88;;;;;;
RU000A102LU5;ГПБ (АО) БО 001Р-20Р;2000;28.06.2026;1000;RUB;1000;14,25;71,05;71,05;;;;;;
RU000A102L87;ДОМ.РФ Ипотечный агент БО 1P5;49087,016;28.06.2026;1000;RUB;266,9;6,4;4,55;4,55;;;;;;
RU000A102K13;ДОМ.РФ Ипотечный агент БО 1P4;191455,712;28.06.2026;1000;RUB;245,96;7,9;5,17;5,17;;;;;;
RU000A102GD1;ДОМ.РФ Ипотечный агент БО 1P3;16540,117;28.06.2026;1000;RUB;214,14;6;3,45;3,45;;;;;;
RU000A100ZB9;ДОМ.РФ Ипотечный агент 10-002P;95652,798;28.06.2026;1000;RUB;153,57;8,631;1,15;1,15;;;;;;
RU000A0ZZZ58;ДОМ.РФ Ипотечный агент 07-002P;46088,517;28.06.2026;1000;RUB;161,73;9,257;4,02;4,02;;;;;;
RU000A0ZZZ09;ДОМ.РФ Ипотечный агент 08-002P;5149,941;28.06.2026;1000;RUB;90,9;9,28;2,31;2,31;;;;;;
RU000A0ZZNW5;ДОМ.РФ Ипотечный агент 04-002P;4751,314;28.06.2026;1000;RUB;83,02;8,3;1,83;1,83;;;;;;
RU000A0JXRM6;ДОМ РФ ИА 01;49999,827;28.06.2026;1000;RUB;103,57;9,709;2,71;2,71;;;;;;
RU000A0JX3M0;ДОМ РФ ИА 001P;2108,581;28.06.2026;1000;RUB;36,05;7,067;0,71;0,71;;;;;;
RU000A10F8V7;Газпром нефть 005Р-08R;100000;27.06.2026;1000;RUB;1000;;12,74;12,74;;;;;;
RU000A10F8U9;ЭР-Телеком Холдинг ПБО-02-08;10000;27.06.2026;1000;RUB;1000;;14,13;14,13;;;;;;
RU000A10F8R5;СКС ЛОМБАРД БО-03;200;27.06.2026;1000;RUB;1000;21,5;17,67;17,67;;;;;;
RU000A10F8Q7;Ростовская область 34001;7500;27.06.2026;1000;RUB;1000;16,5;13,56;13,56;;;;;;
RU000A10F8P9;РЖД БО 001P-53R;45000;27.06.2026;1000;RUB;1000;10,75;8,84;8,84;;;;;;
RU000A10F8N4;Мобильные Телесистемы 003Р-02;40000;27.06.2026;1000;RUB;1000;;13,15;13,15;;;;;;
RU000A10EYZ7;МегаФон ПАО БО-002Р-12;30000;27.06.2026;1000;RUB;1000;;12,94;12,94;;;;;;
RU000A10EYY0;Медскан 001Р-02;3500;27.06.2026;1000;RUB;1000;15,35;12,62;12,62;;;;;;
RU000A10EYX2;МегаФон ПАО БО-002Р-11;25000;27.06.2026;1000;RUB;1000;;12,94;12,94;;;;;;
RU000A10EYW4;ПГК 003Р-05;2200;27.06.2026;1000;RUB;1000;;;;;;;;;
RU000A10EYV6;ПГК 003Р-04;20000;27.06.2026;1000;RUB;1000;15,4;12,66;12,66;;;;;;
RU000A10EYU8;ВУШ БО 001P-06;666,653;27.06.2026;1000;RUB;1000;22;18,08;18,08;;;;;;
RU000A10EYT0;Идель Нефтемаш 001Р-01;250;27.06.2026;1000;RUB;1000;27;22,19;22,19;;;;;;
RU000A10EYJ1;ВИС ФИНАНС БО-П12;2500;27.06.2026;1000;RUB;1000;16,5;13,56;13,56;;;;;;
RU000A10EYH5;Группа ЛСР ПАО БО 002Р-01;10000;27.06.2026;1000;RUB;1000;15,65;12,86;12,86;;;;;;
RU000A10EE87;АФК Система БО 002Р-12;5500;27.06.2026;1000;RUB;1000;17,5;14,38;14,38;;;;;;
RU000A10EDW8;Магнит ПАО БО-006Р-01;85000;27.06.2026;1000;RUB;1000;;13,02;13,02;;;;;;
RU000A10EDV0;АйДи Коллект 001P-07;1700;27.06.2026;1000;RUB;1000;20,75;17,05;17,05;;;;;;
RU000A10E655;ГЛОРАКС 001Р-05;5000;27.06.2026;1000;RUB;1000;20,5;16,85;16,85;;;;;;
RU000A10E630;Газпром нефть 005P-04R;138000;27.06.2026;1000;RUB;1000;;13,15;13,15;;;;;;
RU000A10E2B3;Совком Экспресс 001P-01;500;27.06.2026;1000;RUB;1000;19,5;16,03;16,03;;;;;;
RU000A10E291;ГК Азот 001Р-01;1000;27.06.2026;1000;RUB;1000;17,4;14,3;14,3;;;;;;
RU000A10E283;ХРОМОС Инжиниринг БО-04;260;27.06.2026;1000;RUB;1000;24,5;20,14;20,14;;;;;;
RU000A10DBH5;ВОСТОК-ОЙЛ БО-01;175;27.06.2026;1000;RUB;1000;27;22,19;22,19;;;;;;
RU000A10D5C5;РЖД БО 001P-48R;20000;27.06.2026;1000;RUB;1000;16,02;13,61;13,61;;;;;;
RU000A10CWF7;ПГК 003Р-01;12000;27.06.2026;1000;RUB;1000;15,75;12,95;12,95;;;;;;
RU000A10CSP4;Республика Башкортостан 34016;5000;27.06.2026;1000;RUB;1000;14;11,51;11,51;;;;;;
RU000A10C9W6;ИА ТБ-2 класс Б1;1500;27.06.2026;100;RUB;100;;4,89;4,89;;;;;;
RU000A10C949;ИА ТБ-2 класс А1;8500;27.06.2026;100;RUB;100;19;1,61;1,61;;;;;;
RU000A10C8T4;СИБУР Холдинг 001Р-07;40000;27.06.2026;1000;RUB;1000;13,95;11,47;11,47;;;;;;
RU000A10C8Q0;ГМК Нор.никель БО-001Р-13;975;27.06.2026;100;USD;100;7,75;0,64;49,32;;;;;;
RU000A10C8M9;Михайловский Молочный Завод-03;55;27.06.2026;1000;RUB;1000;22,5;18,49;18,49;;;;;;
RU000A10C8K3;ВОКСИС-04;200;27.06.2026;1000;RUB;1000;20;16,44;16,44;;;;;;
RU000A10C8H9;Оил Ресурс 001P-02;3000;27.06.2026;1000;RUB;1000;28;23,01;23,01;;;;;;
RU000A10BY94;АФК Система БО 002Р-03;12000;27.06.2026;1000;RUB;1000;21,5;17,67;17,67;;;;;;
RU000A10BY45;Новые технологии 001Р-07;1300;27.06.2026;1000;RUB;1000;20,25;16,64;16,64;;;;;;
RU000A10BQ78;СИМПЛ 001Р-04;1500;27.06.2026;1000;RUB;1000;;15,21;15,21;;;;;;
RU000A10BQ60;РОЛЬФ БО 001Р-08;1500;27.06.2026;1000;RUB;1000;25,5;20,96;20,96;;;;;;
RU000A10BPC0;ГПБ (АО) БО 004Р-20;115,811;27.06.2026;1000;RUB;1000;0,01;0,1;0,1;;;;;;
RU000A10B7W1;Р-Вижн 001Р-02;500;27.06.2026;1000;RUB;1000;24,5;20,14;20,14;;;;;;
RU000A10B008;Южуралзолото 001P-04;200;27.06.2026;100;USD;100;10,6;0,87;67,04;;;;;;
RU000A10AZY5;АПРИ БО-002Р-09;1000;27.06.2026;1000;RUB;1000;24;19,73;19,73;;;;;;
RU000A10AAQ4;СФО Сплит Финанс 1 01;7700;27.06.2026;1000;RUB;345,13;25;8,87;8,87;;;;;;
RU000A10A7S0;Селектел 001P-05R;4000;27.06.2026;1000;RUB;1000;;15,21;15,21;;;;;;
RU000A1095L7;ГК Самолет БО-П14;20000;27.06.2026;1000;RUB;1000;;14,18;14,18;;;;;;
RU000A108UJ6;НСКАТД БО-01;500;27.06.2026;1000;RUB;1000;19;48,41;48,41;;;;;;
RU000A1070G0;МФК Быстроденьги 002Р-03;333,356;27.06.2026;1000;RUB;1000;15;12,33;12,33;;;;;;
RU000A106169;ППК РЭО, обл.02;2978,106;27.06.2026;1000;RUB;676,44;18,85;33,26;33,26;;;;;;
RU000A105M59;ЛК Роделен БО 001Р-03;250;27.06.2026;1000;RUB;473,7;19;7,83;7,83;;;;;;
RU000A1053H4;Лизинг-Трейд 001P-05;100;27.06.2026;1000;RUB;1000;15;12,33;12,33;;;;;;
RU000A104B46;ГПБ (АО) БО 001Р-21Р;30000;27.06.2026;1000;RUB;1000;16,25;81,03;81,03;;;;;;
RU000A1022E6;ПР-Лизинг ООО БО 002Р-01;1750;27.06.2026;1000;RUB;1000;19;15,62;15,62;;;;;;